????,????
0,小斧头
1,贝诺美斯Lv1斧头
2,威金尼尔Lv1斧头
3,迪所斯Lv1斧头
4,莱伊卡Lv1斧头
5,特洛西Lv1斧头
6,特洛西Lv1斧头
7,特洛西Lv1斧头
8,特洛西Lv1斧头
9,特洛西Lv1斧头
10,普通普通的斧头
11,贝洛萨Lv1斧头
12,威金娜斯Lv1斧头
13,贝所金Lv1斧头
14,莱伊萨Lv1斧头
15,特洛金Lv1斧头
16,特洛金Lv1斧头
17,特洛金Lv1斧头
18,特洛金Lv1斧头
19,特洛金Lv1斧头
20,轻的斧头
21,贝诺美斯Lv2斧头
22,威金尼尔Lv2斧头
23,迪所斯Lv2斧头
24,莱伊卡Lv2斧头
25,特洛西Lv2斧头
26,特洛西Lv2斧头
27,特洛西Lv2斧头
28,特洛西Lv2斧头
29,特洛西Lv2斧头
30,重的斧头
31,贝洛萨Lv2斧头
32,威金娜斯Lv2斧头
33,贝所金Lv2斧头
34,莱伊萨Lv2斧头
35,特洛金Lv2斧头
36,特洛金Lv2斧头
37,特洛金Lv2斧头
38,特洛金Lv2斧头
39,特洛金Lv2斧头
40,大的斧头
41,贝诺美斯Lv3斧头
42,威金尼尔Lv3斧头
43,迪所斯Lv3斧头
44,莱伊卡Lv3斧头
45,特洛西Lv3斧头
46,特洛西Lv3斧头
47,特洛西Lv3斧头
48,特洛西Lv3斧头
49,特洛西Lv3斧头
50,硬的斧头
51,贝洛萨Lv3斧头
52,威金娜斯Lv3斧头
53,贝所金Lv3斧头
54,莱伊萨Lv3斧头
55,特洛金Lv3斧头
56,特洛金Lv3斧头
57,特洛金Lv3斧头
58,特洛金Lv3斧头
59,特洛金Lv3斧头
60,强的斧头
61,贝诺美斯Lv4斧头
62,威金尼尔Lv4斧头
63,迪所斯Lv4斧头
64,莱伊卡Lv4斧头
65,特洛西Lv4斧头
66,特洛西Lv4斧头
67,特洛西Lv4斧头
68,特洛西Lv4斧头
69,特洛西Lv4斧头
70,厉害的斧头
71,贝洛萨Lv4斧头
72,威金娜斯Lv4斧头
73,贝所金Lv4斧头
74,莱伊萨Lv4斧头
75,特洛金Lv4斧头
76,特洛金Lv4斧头
77,特洛金Lv4斧头
78,特洛金Lv4斧头
79,特洛金Lv4斧头
80,加加的斧头
81,贝诺美斯Lv5斧头
82,威金尼尔Lv5斧头
83,迪所斯Lv5斧头
84,莱伊卡Lv5斧头
85,特洛西Lv5斧头
86,特洛西Lv5斧头
87,特洛西Lv5斧头
88,特洛西Lv5斧头
89,特洛西Lv5斧头
90,萨姆吉尔的斧头
91,贝洛萨Lv5斧头
92,威金娜斯Lv10斧头
93,贝所金Lv5斧头
94,莱伊萨Lv5斧头
95,特洛金Lv5斧头
96,特洛金Lv5斧头
97,特洛金Lv5斧头
98,特洛金Lv5斧头
99,特洛金Lv5斧头
100,小棍棒
101,贝诺美斯Lv1棍棒
102,威金尼尔Lv1棍棒
103,迪所斯Lv1棍棒
104,莱伊卡Lv1棍棒
105,特洛西Lv1棍棒
106,特洛西Lv1棍棒
107,特洛西Lv1棍棒
108,特洛西Lv1棍棒
109,特洛西Lv1棍棒
110,普通普通的棍棒
111,贝洛萨Lv1棍棒
112,威金娜斯Lv1棍棒
113,贝所金Lv1棍棒
114,莱伊萨Lv1棍棒
115,特洛金Lv1棍棒
116,特洛金Lv1棍棒
117,特洛金Lv1棍棒
118,特洛金Lv1棍棒
119,特洛金Lv1棍棒
120,轻的棍棒
121,贝诺美斯Lv2棍棒
122,威金尼尔Lv2棍棒
123,迪所斯Lv2棍棒
124,莱伊卡Lv2棍棒
125,特洛西Lv2棍棒
126,特洛西Lv2棍棒
127,特洛西Lv2棍棒
128,特洛西Lv2棍棒
129,特洛西Lv2棍棒
130,重的棍棒
131,贝洛萨Lv2棍棒
132,威金娜斯Lv2棍棒
133,贝所金Lv2棍棒
134,莱伊萨Lv2棍棒
135,特洛金Lv2棍棒
136,特洛金Lv2棍棒
137,特洛金Lv2棍棒
138,特洛金Lv2棍棒
139,特洛金Lv2棍棒
140,大的棍棒
141,贝诺美斯Lv3棍棒
142,威金尼尔Lv3棍棒
143,迪所斯Lv3棍棒
144,莱伊卡Lv3棍棒
145,特洛西Lv3棍棒
146,特洛西Lv3棍棒
147,特洛西Lv3棍棒
148,特洛西Lv3棍棒
149,特洛西Lv3棍棒
150,硬的棍棒
151,贝洛萨Lv3棍棒
152,威金娜斯Lv3棍棒
153,贝所金Lv3棍棒
154,莱伊萨Lv3棍棒
155,特洛金Lv3棍棒
156,特洛金Lv3棍棒
157,特洛金Lv3棍棒
158,特洛金Lv3棍棒
159,特洛金Lv3棍棒
160,强的棍棒
161,贝诺美斯Lv4棍棒
162,威金娜斯Lv4棍棒
163,迪所斯Lv4棍棒
164,莱伊卡Lv4棍棒
165,特洛西Lv4棍棒
166,特洛西Lv4棍棒
167,特洛西Lv4棍棒
168,特洛西Lv4棍棒
169,特洛西Lv4棍棒
170,厉害的棍棒
171,贝洛萨Lv4棍棒
172,威金娜斯Lv4棍棒
173,贝所金Lv4棍棒
174,莱伊萨Lv4棍棒
175,特洛金Lv4棍棒
176,特洛金Lv4棍棒
177,特洛金Lv4棍棒
178,特洛金Lv4棍棒
179,特洛金Lv4棍棒
180,加加的棍棒
181,贝诺美斯Lv5棍棒
182,威金尼尔Lv5棍棒
183,迪所斯Lv5棍棒
184,莱伊卡Lv5棍棒
185,特洛西Lv5棍棒
186,特洛西Lv5棍棒
187,特洛西Lv5棍棒
188,特洛西Lv5棍棒
189,特洛西Lv5棍棒
190,萨姆吉尔的棍棒
191,贝洛萨Lv5棍棒
192,威金娜斯Lv5棍棒
193,贝所金Lv5棍棒
194,莱伊萨Lv5棍棒
195,特洛金Lv5棍棒
196,特洛金Lv5棍棒
197,特洛金Lv5棍棒
198,特洛金Lv5棍棒
199,特洛金Lv5棍棒
200,小的枪
201,贝诺美斯Lv1枪
202,威金娜斯Lv1枪
203,迪所斯Lv1枪
204,莱伊卡Lv1枪
205,特洛西Lv1枪
206,特洛西Lv1枪
207,特洛西Lv1枪
208,特洛西Lv1枪
209,特洛西Lv1枪
210,普通普通的枪
211,贝洛萨Lv1枪
212,威金娜斯Lv1枪
213,贝所金Lv1枪
214,莱伊萨Lv1枪
215,特洛金Lv1枪
216,特洛金Lv1枪
217,特洛金Lv1枪
218,特洛金Lv1枪
219,特洛金Lv1枪
220,轻的枪
221,贝诺美斯Lv2枪
222,威金娜斯Lv2枪
223,迪所斯Lv2枪
224,莱伊卡Lv2枪
225,特洛西Lv2枪
226,特洛西Lv2枪
227,特洛西Lv2枪
228,特洛西Lv2枪
229,特洛西Lv2枪
230,重的枪
231,贝洛萨Lv2枪
232,威金娜斯Lv2枪
233,贝所金Lv2枪
234,莱伊萨Lv2枪
235,特洛金Lv2枪
236,特洛金Lv2枪
237,特洛金Lv2枪
238,特洛金Lv2枪
239,特洛金Lv2枪
240,大的枪
241,贝诺美斯Lv3枪
242,威金娜斯Lv3枪
243,迪所斯Lv3枪
244,莱伊卡Lv3枪
245,特洛西Lv3枪
246,特洛西Lv3枪
247,特洛西Lv3枪
248,特洛西Lv3枪
249,特洛西Lv3枪
250,硬的枪
251,贝洛萨Lv3枪
252,威金娜斯Lv3枪
253,贝所金Lv3枪
254,莱伊萨Lv3枪
255,特洛金Lv3枪
256,特洛金Lv3枪
257,特洛金Lv3枪
258,特洛金Lv3枪
259,特洛金Lv3枪
260,强的枪
261,贝诺美斯Lv4枪
262,威金尼尔Lv4枪
263,迪所斯Lv4枪
264,莱伊卡Lv4枪
265,特洛西Lv4枪
266,特洛西Lv4枪
267,特洛西Lv4枪
268,特洛西Lv4枪
269,特洛西Lv4枪
270,厉害的枪
271,贝洛萨Lv4枪
272,威金娜斯Lv4枪
273,贝所金Lv4枪
274,莱伊萨Lv4枪
275,特洛金Lv4枪
276,特洛金Lv4枪
277,特洛金Lv4枪
278,特洛金Lv4枪
279,特洛金Lv4枪
280,玛丽娜丝的枪
281,贝诺美斯Lv5枪
282,威金尼尔Lv5枪
283,迪所斯Lv5枪
284,莱伊卡Lv5枪
285,特洛西Lv5枪
286,特洛西Lv5枪
287,特洛西Lv5枪
288,特洛西Lv5枪
289,特洛西Lv5枪
290,卡鲁它那的枪
291,贝洛萨Lv5枪
292,威金娜斯Lv5枪
293,贝所金Lv5枪
294,莱伊萨Lv5枪
295,特洛金Lv5枪
296,特洛金Lv5枪
297,特洛金Lv5枪
298,特洛金Lv5枪
299,特洛金Lv5枪
300,小的爪
301,贝诺美斯Lv1爪
302,威金尼尔Lv1爪
303,迪所斯Lv1爪
304,莱伊卡Lv1爪
305,特洛西Lv1爪
306,特洛西Lv1爪
307,特洛西Lv1爪
308,特洛西Lv1爪
309,特洛西Lv1爪
310,普通普通的爪
311,贝洛萨Lv1爪
312,威金娜斯Lv1爪
313,贝所金Lv1爪
314,莱伊萨Lv1爪
315,特洛金Lv1爪
316,特洛金Lv1爪
317,特洛金Lv1爪
318,特洛金Lv1爪
319,特洛金Lv1爪
320,轻的爪
321,贝诺美斯Lv2爪
322,威金尼尔Lv2爪
323,迪所斯Lv2爪
324,莱伊卡Lv2爪
325,特洛西Lv2爪
326,特洛西Lv2爪
327,特洛西Lv2爪
328,特洛西Lv2爪
329,特洛西Lv2爪
330,重的爪
331,贝洛萨Lv2爪
332,威金娜斯Lv2爪
333,贝所金Lv2爪
334,莱伊萨Lv2爪
335,特洛西Lv2爪
336,特洛西Lv2爪
337,特洛西Lv2爪
338,特洛西Lv2爪
339,特洛西Lv2爪
340,大的爪
341,贝诺美斯Lv3爪
342,威金尼尔Lv3爪
343,迪所斯Lv3爪
344,莱伊卡Lv3爪
345,特洛西Lv3爪
346,特洛西Lv3爪
347,特洛西Lv3爪
348,特洛西Lv3爪
349,特洛西Lv3爪
350,硬的爪
351,贝洛萨Lv3爪
352,威金娜斯Lv3爪
353,贝所金Lv3爪
354,莱伊萨Lv3爪
355,特洛金Lv3爪
356,特洛金Lv3爪
357,特洛金Lv3爪
358,特洛金Lv3爪
359,特洛金Lv3爪
360,强的爪
361,贝诺美斯Lv4爪
362,威金尼尔Lv4爪
363,迪所斯Lv4爪
364,莱伊卡Lv4爪
365,特洛西Lv4爪
366,特洛西Lv4爪
367,特洛西Lv4爪
368,特洛西Lv4爪
369,特洛西Lv4爪
370,厉害的爪
371,贝洛萨Lv4爪
372,威金娜斯Lv4爪
373,贝所金Lv4爪
374,莱伊萨Lv4爪
375,特洛金Lv4爪
376,特洛金Lv4爪
377,特洛金Lv4爪
378,特洛金Lv4爪
379,特洛金Lv4爪
380,加加的爪
381,贝诺美斯Lv5爪
382,威金尼尔Lv5爪
383,迪所斯Lv5爪
384,莱伊卡Lv5爪
385,特洛西Lv5爪
386,特洛西Lv5爪
387,特洛西Lv5爪
388,特洛西Lv5爪
389,特洛西Lv5爪
390,卡鲁它那的爪
391,贝洛萨Lv5爪
392,威金娜斯Lv5爪
393,贝所金Lv5爪
394,莱伊萨Lv5爪
395,特洛金Lv5爪
396,特洛金Lv5爪
397,特洛金Lv5爪
398,特洛金Lv5爪
399,特洛金Lv5爪
400,小的弓箭
401,贝诺美斯Lv1弓箭
402,威金尼尔Lv1弓箭
403,迪所斯Lv1弓箭
404,莱伊卡Lv1弓箭
405,特洛西Lv1弓箭
406,特洛西Lv1弓箭
407,特洛西Lv1弓箭
408,特洛西Lv1弓箭
409,特洛西Lv1弓箭
410,普通普通的弓箭
411,贝洛萨Lv1弓箭
412,威金娜斯Lv1弓箭
413,贝所金Lv1弓箭
414,莱伊萨Lv1弓箭
415,特洛金Lv1弓箭
416,特洛金Lv1弓箭
417,特洛金Lv1弓箭
418,特洛金Lv1弓箭
419,特洛金Lv1弓箭
420,轻的弓箭
421,贝诺美斯Lv2弓箭
422,威金尼尔Lv2弓箭
423,迪所金Lv2弓箭
424,莱伊卡Lv2弓箭
425,特洛西Lv2弓箭
426,特洛西Lv2弓箭
427,特洛西Lv2弓箭
428,特洛西Lv2弓箭
429,特洛西Lv2弓箭
430,重的弓箭
431,贝洛萨Lv2弓箭
432,威金娜斯Lv2弓箭
433,贝所金Lv2弓箭
434,莱伊萨Lv2弓箭
435,特洛金Lv2弓箭
436,特洛金Lv2弓箭
437,特洛金Lv2弓箭
438,特洛金Lv2弓箭
439,特洛金Lv2弓箭
440,大的弓箭
441,贝诺美斯Lv3弓箭
442,威金尼尔Lv3弓箭
443,迪所斯Lv3弓箭
444,莱伊卡Lv3弓箭
445,特洛西Lv3弓箭
446,特洛西Lv3弓箭
447,特洛西Lv3弓箭
448,特洛西Lv3弓箭
449,特洛西Lv3弓箭
450,硬的弓箭
451,贝洛萨Lv3弓箭
452,威金娜斯Lv3弓箭
453,贝所金Lv3弓箭
454,莱伊萨Lv3弓箭
455,特洛金Lv3弓箭
456,特洛金Lv3弓箭
457,特洛金Lv3弓箭
458,特洛金Lv3弓箭
459,特洛金Lv3弓箭
460,强的弓箭
461,贝诺美斯Lv4弓箭
462,威金尼尔Lv4弓箭
463,迪所斯Lv4弓箭
464,莱伊卡Lv4弓箭
465,特洛西Lv4弓箭
466,特洛西Lv4弓箭
467,特洛西Lv4弓箭
468,特洛西Lv4弓箭
469,特洛西Lv4弓箭
470,厉害的弓箭
471,贝洛萨Lv4弓箭
472,威金娜斯Lv4弓箭
473,贝所金Lv4弓箭
474,莱伊萨Lv4弓箭
475,特洛金Lv4弓箭
476,特洛金Lv4弓箭
477,特洛金Lv4弓箭
478,特洛金Lv4弓箭
479,特洛金Lv4弓箭
480,山贼的弓箭
481,贝诺美斯Lv5弓箭
482,威金娜斯Lv5弓箭
483,迪所斯Lv5弓箭
484,莱伊卡Lv5弓箭
485,特洛西Lv5弓箭
486,特洛西Lv5弓箭
487,特洛西Lv5弓箭
488,特洛西Lv5弓箭
489,特洛西Lv5弓箭
490,盗贼的弓箭
491,贝洛萨Lv5弓箭
492,威金娜斯Lv5弓箭
493,贝所金Lv5弓箭
494,莱伊萨Lv5弓箭
495,特洛金Lv5弓箭
496,特洛金Lv5弓箭
497,特洛金Lv5弓箭
498,特洛金Lv5弓箭
499,特洛金Lv5弓箭
500,小的回旋标
501,贝诺美斯Lv1回旋标
502,威金尼尔Lv1回旋标
503,迪所斯Lv1回旋标
504,莱伊卡Lv1回旋标
505,特洛西Lv1回旋标
506,特洛西Lv1回旋标
507,特洛西Lv1回旋标
508,特洛西Lv1回旋标
509,特洛西Lv1回旋标
510,普通普通的回旋标
511,贝洛萨Lv1回旋标
512,威金娜斯Lv1回旋标
513,贝所金Lv1回旋标
514,莱伊萨Lv1回旋标
515,特洛金Lv1回旋标
516,特洛金Lv1回旋标
517,特洛金Lv1回旋标
518,特洛金Lv1回旋标
519,特洛金Lv1回旋标
520,轻的回旋标
521,贝诺美斯Lv2回旋标
522,威金尼尔Lv2回旋标
523,迪所斯Lv2回旋标
524,莱伊卡Lv2回旋标
525,特洛西Lv2回旋标
526,特洛西Lv2回旋标
527,特洛西Lv2回旋标
528,特洛西Lv2回旋标
529,特洛西Lv2回旋标
530,重的回旋标
531,贝洛萨Lv2回旋标
532,威金娜斯Lv2回旋标
533,贝所金Lv2回旋标
534,莱伊萨Lv2回旋标
535,特洛金Lv2回旋标
536,特洛金Lv2回旋标
537,特洛金Lv2回旋标
538,特洛金Lv2回旋标
539,特洛金Lv2回旋标
540,大的回旋标
541,贝诺美斯Lv3回旋标
542,威金尼尔Lv3回旋标
543,迪所斯Lv3回旋标
544,莱伊卡Lv3回旋标
545,特洛西Lv3回旋标
546,特洛西Lv3回旋标
547,特洛西Lv3回旋标
548,特洛西Lv3回旋标
549,特洛西Lv3回旋标
550,硬的回旋标
551,贝洛萨Lv3回旋标
552,威金娜斯Lv3回旋标
553,贝所金Lv3回旋标
554,莱伊萨Lv3回旋标
555,特洛金Lv3回旋标
556,特洛金Lv3回旋标
557,特洛金Lv3回旋标
558,特洛金Lv3回旋标
559,特洛金Lv3回旋标
560,强的回旋标
561,贝诺美斯Lv4回旋标
562,威金尼尔Lv4回旋标
563,迪所斯Lv4回旋标
564,莱伊卡Lv4回旋标
565,特洛西Lv4回旋标
566,特洛西Lv4回旋标
567,特洛西Lv4回旋标
568,特洛西Lv4回旋标
569,特洛西Lv4回旋标
570,厉害的回旋标
571,贝洛萨Lv4回旋标
572,威金娜斯Lv4回旋标
573,贝所金Lv4回旋标
574,莱伊萨Lv4回旋标
575,特洛金Lv4回旋标
576,特洛金Lv4回旋标
577,特洛金Lv4回旋标
578,特洛金Lv4回旋标
579,特洛金Lv4回旋标
580,盗贼的回旋标
581,贝诺美斯Lv5回旋标
582,威金尼尔Lv5回旋标
583,迪所斯Lv5回旋标
584,莱伊卡Lv5回旋标
585,特洛西Lv5回旋标
586,特洛西Lv5回旋标
587,特洛西Lv5回旋标
588,特洛西Lv5回旋标
589,特洛西Lv5回旋标
590,山贼的回旋标
591,贝洛萨Lv5回旋标
592,威金娜斯Lv5回旋标
593,贝所金Lv5回旋标
594,莱伊萨Lv5回旋标
595,特洛金Lv5回旋标
596,特洛金Lv5回旋标
597,特洛金Lv5回旋标
598,特洛金Lv5回旋标
599,特洛金Lv5回旋标
600,小的投掷斧头
601,贝诺美斯Lv1投掷斧头
602,威金尼尔Lv1投掷斧头
603,迪所斯Lv1投掷斧头
604,莱伊卡Lv1投掷斧头
605,特洛西Lv1投掷斧头
606,特洛西Lv1投掷斧头
607,特洛西Lv1投掷斧头
608,特洛西Lv1投掷斧头
609,特洛西Lv1投掷斧头
610,普通普通的投掷斧头
611,贝洛萨Lv1投掷斧头
612,威金娜斯Lv1投掷斧头
613,贝所金Lv1投掷斧头
614,莱伊萨Lv1投掷斧头
615,特洛金Lv1投掷斧头
616,特洛金Lv1投掷斧头
617,特洛金Lv1投掷斧头
618,特洛金Lv1投掷斧头
619,特洛金Lv1投掷斧头
620,轻的投掷斧头
621,贝诺美斯Lv2投掷斧头
622,威金尼尔Lv2投掷斧头
623,迪所斯Lv2投掷斧头
624,莱伊卡Lv2投掷斧头
625,特洛西Lv2投掷斧头
626,特洛西Lv2投掷斧头
627,特洛西Lv2投掷斧头
628,特洛西Lv2投掷斧头
629,特洛西Lv2投掷斧头
630,重的投掷斧头
631,贝洛萨Lv2投掷斧头
632,威金娜斯Lv2投掷斧头
633,贝所金Lv2投掷斧头
634,莱伊萨Lv2投掷斧头
635,特洛金Lv2投掷斧头
636,特洛金Lv2投掷斧头
637,特洛金Lv2投掷斧头
638,特洛金Lv2投掷斧头
639,特洛金Lv2投掷斧头
640,大的投掷斧头
641,贝诺美斯Lv3投掷斧头
642,威金尼尔Lv3投掷斧头
643,迪所斯Lv3投掷斧头
644,莱伊卡Lv3投掷斧头
645,特洛西Lv3投掷斧头
646,特洛西Lv3投掷斧头
647,特洛西Lv3投掷斧头
648,特洛西Lv3投掷斧头
649,特洛西Lv3投掷斧头
650,硬的投掷斧头
651,贝洛萨Lv3投掷斧头
652,威金娜斯Lv3投掷斧头
653,贝所金Lv3投掷斧头
654,莱伊萨Lv3投掷斧头
655,特洛金Lv3投掷斧头
656,特洛金Lv3投掷斧头
657,特洛金Lv3投掷斧头
658,特洛金Lv3投掷斧头
659,特洛金Lv3投掷斧头
660,强的投掷斧头
661,贝诺美斯Lv4投掷斧头
662,威金尼尔Lv4投掷斧头
663,迪所斯Lv4投掷斧头
664,莱伊卡Lv4投掷斧头
665,特洛西Lv4投掷斧头
666,特洛西Lv4投掷斧头
667,特洛西Lv4投掷斧头
668,特洛西Lv4投掷斧头
669,特洛西Lv4投掷斧头
670,厉害的投掷斧头
671,贝洛萨Lv4投掷斧头
672,威金娜斯Lv4投掷斧头
673,贝所金Lv4投掷斧头
674,莱伊卡Lv4投掷斧头
675,特洛金Lv4投掷斧头
676,特洛金Lv4投掷斧头
677,特洛金Lv4投掷斧头
678,特洛金Lv4投掷斧头
679,特洛金Lv4投掷斧头
680,玛丽娜丝的投掷斧头
681,贝诺美斯Lv5投掷斧头
682,威金尼尔Lv5投掷斧头
683,迪所斯Lv5投掷斧头
684,莱伊卡Lv5投掷斧头
685,特洛西Lv5投掷斧头
686,特洛西Lv5投掷斧头
687,特洛西Lv5投掷斧头
688,特洛西Lv5投掷斧头
689,特洛西Lv5投掷斧头
690,萨姆吉尔的投掷斧头
691,贝洛萨Lv5投掷斧头
692,威金娜斯Lv5投掷斧头
693,贝所金Lv5投掷斧头
694,莱伊萨Lv5投掷斧头
695,特洛金Lv5投掷斧头
696,特洛金Lv5投掷斧头
697,特洛金Lv5投掷斧头
698,特洛金Lv5投掷斧头
699,特洛金Lv5投掷斧头
700,小的石
701,贝诺美斯Lv1石
702,威金尼尔Lv1石
703,迪所斯Lv1石
704,莱伊卡Lv1石
705,特洛西Lv1石
706,特洛西Lv1石
707,特洛西Lv1石
708,特洛西Lv1石
709,特洛西Lv1石
710,普通普通的石
711,贝洛萨Lv1石
712,威金娜斯Lv1石
713,贝所金Lv1石
714,莱伊萨Lv1石
715,特洛金Lv1石
716,特洛金Lv1石
717,特洛金Lv1石
718,特洛金Lv1石
719,特洛金Lv1石
720,轻的石
721,贝诺美斯Lv2石
722,威金尼尔Lv2石
723,迪所斯Lv2石
724,莱伊卡Lv2石
725,特洛西Lv2石
726,特洛西Lv2石
727,特洛西Lv2石
728,特洛西Lv2石
729,特洛西Lv2石
730,重的石
731,贝洛萨Lv2石
732,威 金娜斯Lv2石
733,贝所金Lv2石
734,莱伊萨Lv2石
735,特洛金Lv2石
736,特洛金Lv2石
737,特洛金Lv2石
738,特洛金Lv2石
739,特洛金Lv2石
740,大的石
741,贝诺美斯Lv3石
742,威金尼尔Lv3石
743,迪所斯Lv3石
744,莱伊卡Lv3石
745,特洛西Lv3石
746,特洛西Lv3石
747,特洛西Lv3石
748,特洛西Lv3石
749,特洛西Lv3石
750,硬的石
751,贝洛萨Lv3石
752,威金娜斯Lv3石
753,贝所金Lv3石
754,莱伊萨Lv3石
755,特洛金Lv3石
756,特洛金Lv3石
757,特洛金Lv3石
758,特洛金Lv3石
759,特洛金Lv3石
760,强的石
761,贝诺美斯Lv4石
762,威金尼尔Lv4石
763,迪所斯Lv4石
764,莱伊卡Lv4石
765,特洛西Lv4石
766,特洛西Lv4石
767,特洛西Lv4石
768,特洛西Lv4石
769,特洛西Lv4石
770,厉害的石
771,贝洛萨Lv4石
772,威金娜斯Lv4石
773,贝所金Lv4石
774,莱伊萨Lv4石
775,特洛金Lv4石
776,特洛金Lv4石
777,特洛金Lv4石
778,特洛金Lv4石
779,特洛金Lv4石
780,卡坦的石
781,贝诺美斯Lv5石
782,威金尼尔Lv5石
783,迪所斯Lv5石
784,莱伊卡Lv5石
785,特洛西Lv5石
786,特洛西Lv5石
787,特洛西Lv5石
788,特洛西Lv5石
789,特洛西Lv5石
790,柯尔克的石
791,贝洛萨Lv5石
792,威金娜斯Lv5石
793,贝所金Lv5石
794,莱伊萨Lv5石
795,特洛金Lv5石
796,特洛金Lv5石
797,特洛金Lv5石
798,特洛金Lv5石
799,特洛金Lv5石
800,粗杂的兜
801,美鲁菲Lv1兜1
802,爱鲁菲Lv1兜1
803,所鲁菲Lv1兜1
804,渥鲁菲Lv1兜1
805,米鲁菲Lv1兜1
806,米鲁菲Lv1兜1
807,米鲁菲Lv1兜1
808,米鲁菲Lv1兜1
809,米鲁菲Lv1兜1
810,普通普通的兜
811,美鲁菲Lv1兜2
812,爱鲁菲Lv1兜2
813,所鲁菲Lv1兜2
814,渥鲁菲Lv1兜2
815,米鲁菲Lv1兜2
816,米鲁菲Lv1兜2
817,米鲁菲Lv1兜2
818,米鲁菲Lv1兜2
819,米鲁菲Lv1兜2
820,轻的兜
821,美鲁菲Lv1兜3
822,爱鲁菲Lv1兜3
823,所鲁菲Lv1兜3
824,渥鲁菲Lv1兜3
825,米鲁菲Lv1兜3
826,米鲁菲Lv1兜3
827,米鲁菲Lv1兜3
828,米鲁菲Lv1兜3
829,米鲁菲Lv1兜3
830,重的兜
831,美鲁菲Lv1兜4
832,爱鲁菲Lv1兜4
833,所鲁菲Lv1兜4
834,渥鲁菲Lv1兜4
835,米鲁菲Lv1兜4
836,米鲁菲Lv1兜4
837,米鲁菲Lv1兜4
838,米鲁菲Lv1兜4
839,米鲁菲Lv1兜4
840,耐用的兜
841,美鲁菲Lv1兜5
842,爱鲁菲Lv1兜5
843,所鲁菲Lv1兜5
844,渥鲁菲Lv1兜5
845,米鲁菲Lv1兜5
846,米鲁菲Lv1兜5
847,米鲁菲Lv1兜5
848,米鲁菲Lv1兜5
849,米鲁菲Lv1兜5
850,硬的兜
851,美鲁菲Lv1兜6
852,爱鲁菲Lv1兜6
853,所鲁菲Lv1兜6
854,渥鲁菲Lv1兜6
855,米鲁菲Lv1兜6
856,米鲁菲Lv1兜6
857,米鲁菲Lv1兜6
858,米鲁菲Lv1兜6
859,米鲁菲Lv1兜6
860,挺棒的兜
861,美鲁菲Lv1兜7
862,爱鲁菲Lv1兜7
863,所鲁菲Lv1兜7
864,渥鲁菲Lv1兜7
865,米鲁菲Lv1兜7
866,米鲁菲Lv1兜7
867,米鲁菲Lv1兜7
868,米鲁菲Lv1兜7
869,米鲁菲Lv1兜7
870,厉害的兜
871,美鲁菲Lv1兜8
872,爱鲁菲Lv1兜8
873,所鲁菲Lv1兜8
874,渥鲁菲Lv1兜8
875,米鲁菲Lv1兜8
876,米鲁菲Lv1兜8
877,米鲁菲Lv1兜8
878,米鲁菲Lv1兜8
879,米鲁菲Lv1兜8
880,萨姆吉尔的兜
881,美鲁菲Lv1兜9
882,爱鲁菲Lv1兜9
883,所鲁菲Lv1兜9
884,渥鲁菲Lv1兜9
885,米鲁菲Lv1兜9
886,米鲁菲Lv1兜9
887,米鲁菲Lv1兜9
888,米鲁菲Lv1兜9
889,米鲁菲Lv1兜9
890,加加的兜
891,美鲁菲Lv1兜10
892,爱鲁菲Lv1兜10
893,所鲁菲Lv1兜10
894,渥鲁菲Lv1兜10
895,米鲁菲Lv1兜10
896,米鲁菲Lv1兜10
897,米鲁菲Lv1兜10
898,米鲁菲Lv1兜10
899,米鲁菲Lv1兜10
900,破烂的帽子
901,美鲁菲Lv2帽子1
902,爱鲁菲Lv2帽子1
903,所鲁菲Lv2帽子1
904,渥鲁菲Lv2帽子1
905,米鲁菲Lv2帽子1
906,米鲁菲Lv2帽子1
907,米鲁菲Lv2帽子1
908,米鲁菲Lv2帽子1
909,米鲁菲Lv2帽子1
910,普通的帽子
911,美鲁菲Lv2帽子2
912,爱鲁菲Lv2帽子2
913,所鲁菲Lv2帽子2
914,渥鲁菲Lv2帽子2
915,米鲁菲Lv2帽子2
916,米鲁菲Lv2帽子2
917,米鲁菲Lv2帽子2
918,米鲁菲Lv2帽子2
919,米鲁菲Lv2帽子2
920,普通普通的帽子
921,美鲁菲Lv2帽子3
922,爱鲁菲Lv2帽子3
923,所鲁菲Lv2帽子3
924,渥鲁菲Lv2帽子3
925,米鲁菲Lv2帽子3
926,米鲁菲Lv2帽子3
927,米鲁菲Lv2帽子3
928,米鲁菲Lv2帽子3
929,米鲁菲Lv2帽子3
930,薄的帽子
931,美鲁菲Lv2帽子4
932,爱鲁菲Lv2帽子4
933,所鲁菲Lv2帽子4
934,渥鲁菲Lv2帽子4
935,米鲁菲Lv2帽子4
936,米鲁菲Lv2帽子4
937,米鲁菲Lv2帽子4
938,米鲁菲Lv2帽子4
939,米鲁菲Lv2帽子4
940,厚的帽子
941,美鲁菲Lv2帽子5
942,爱鲁菲Lv2帽子5
943,所鲁菲Lv2帽子5
944,渥鲁菲Lv2帽子5
945,米鲁菲Lv2帽子5
946,米鲁菲Lv2帽子5
947,米鲁菲Lv2帽子5
948,米鲁菲Lv2帽子5
949,米鲁菲Lv2帽子5
950,耐用的帽子
951,美鲁菲Lv2帽子6
952,爱鲁菲Lv2帽子6
953,所鲁菲Lv2帽子6
954,渥鲁菲Lv2帽子6
955,米鲁菲Lv2帽子6
956,米鲁菲Lv2帽子6
957,米鲁菲Lv2帽子6
958,米鲁菲Lv2帽子6
959,米鲁菲Lv2帽子6
960,挺棒的帽子
961,美鲁菲Lv2帽子7
962,爱鲁菲Lv2帽子7
963,所鲁菲Lv2帽子7
964,渥鲁菲Lv2帽子7
965,米鲁菲Lv2帽子7
966,米鲁菲Lv2帽子7
967,米鲁菲Lv2帽子7
968,米鲁菲Lv2帽子7
969,米鲁菲Lv2帽子7
970,厉害的帽子
971,美鲁菲Lv2帽子8
972,爱鲁菲Lv2帽子8
973,所鲁菲Lv2帽子8
974,渥鲁菲Lv2帽子8
975,米鲁菲Lv2帽子8
976,米鲁菲Lv2帽子8
977,米鲁菲Lv2帽子8
978,米鲁菲Lv2帽子8
979,米鲁菲Lv2帽子8
980,加加的帽子
981,美鲁菲Lv2帽子9
982,爱鲁菲Lv2帽子9
983,所鲁菲Lv2帽子9
984,渥鲁菲Lv2帽子9
985,米鲁菲Lv2帽子9
986,米鲁菲Lv2帽子9
987,米鲁菲Lv2帽子9
988,米鲁菲Lv2帽子9
989,米鲁菲Lv2帽子9
990,卡鲁它那的帽子
991,美鲁菲Lv2帽子10
992,爱鲁菲Lv2帽子10
993,所鲁菲Lv2帽子10
994,渥鲁菲Lv2帽子10
995,米鲁菲Lv2帽子10
996,米鲁菲Lv2帽子10
997,米鲁菲Lv2帽子10
998,米鲁菲Lv2帽子10
999,米鲁菲Lv2帽子10
1000,粗杂的铠
1001,哈鲁Lv1铠1
1002,芙雷雅Lv1铠1
1003,提欧Lv1铠1
1004,提欧Lv1铠1
1005,提欧Lv1铠1
1006,提欧Lv1铠1
1007,提欧Lv1铠1
1008,提欧Lv1铠1
1009,提欧Lv1铠1
1010,普通普通的铠
1011,哈鲁Lv1铠2
1012,芙雷雅Lv1铠2
1013,提欧Lv1铠2
1014,哈鲁Lv2铠2
1015,芙雷雅Lv2铠2
1016,提欧Lv2铠2
1017,提欧Lv2铠2
1018,提欧Lv2铠2
1019,提欧Lv2铠2
1020,轻的铠
1021,哈鲁Lv1铠3
1022,芙雷雅Lv1铠3
1023,提欧Lv1铠3
1024,哈鲁Lv2铠3
1025,芙雷雅Lv2铠3
1026,提欧Lv2铠3
1027,提欧Lv2铠3
1028,提欧Lv2铠3
1029,提欧Lv2铠3
1030,重的铠
1031,哈鲁Lv1铠4
1032,芙雷雅Lv1铠4
1033,提欧Lv1铠4
1034,哈鲁Lv2铠4
1035,芙雷雅Lv2铠4
1036,提欧Lv2铠4
1037,提欧Lv2铠4
1038,提欧Lv2铠4
1039,提欧Lv2铠4
1040,耐用的铠
1041,哈鲁Lv1铠5
1042,芙雷雅Lv1铠5
1043,提欧Lv1铠5
1044,哈鲁Lv2铠5
1045,芙雷雅Lv2铠5
1046,提欧Lv2铠5
1047,提欧Lv2铠5
1048,提欧Lv2铠5
1049,提欧Lv2铠5
1050,硬的铠
1051,哈鲁Lv1铠6
1052,芙雷雅Lv1铠6
1053,提欧Lv1铠6
1054,哈鲁Lv2铠6
1055,芙雷雅Lv2铠6
1056,提欧Lv2铠6
1057,哈鲁Lv3铠6
1058,芙雷雅Lv3铠6
1059,提欧Lv3铠6
1060,挺棒的铠
1061,哈鲁Lv1铠7
1062,芙雷雅Lv1铠7
1063,提欧Lv1铠7
1064,哈鲁Lv2铠7
1065,芙雷雅Lv2铠7
1066,提欧Lv2铠7
1067,哈鲁Lv3铠7
1068,芙雷雅Lv3铠7
1069,提欧Lv3铠7
1070,厉害的铠
1071,哈鲁Lv1铠8
1072,芙雷雅Lv1铠8
1073,提欧Lv1铠8
1074,哈鲁Lv2铠8
1075,芙雷雅Lv2铠8
1076,提欧Lv2铠8
1077,哈鲁Lv3铠8
1078,芙雷雅Lv3铠8
1079,提欧Lv3铠8
1080,玛丽娜丝的铠
1081,哈鲁Lv2铠9
1082,芙雷雅Lv2铠9
1083,提欧Lv2铠9
1084,哈鲁Lv3铠9
1085,芙雷雅Lv3铠9
1086,提欧Lv3铠9
1087,哈鲁Lv4铠9
1088,芙雷雅Lv4铠9
1089,提欧Lv4铠9
1090,萨姆吉尔的铠
1091,哈鲁Lv2铠10
1092,芙雷雅Lv2铠10
1093,提欧Lv2铠10
1094,哈鲁Lv3铠10
1095,芙雷雅Lv3铠10
1096,提欧Lv3铠10
1097,哈鲁Lv4铠10
1098,芙雷雅Lv4铠10
1099,提欧Lv4铠10
1100,破烂的服
1101,哈鲁Lv1服1
1102,芙雷雅Lv1服1
1103,提欧Lv1服1
1104,提欧Lv1服1
1105,提欧Lv1服1
1106,提欧Lv1服1
1107,提欧Lv1服1
1108,提欧Lv1服1
1109,提欧Lv1服1
1110,普通的服
1111,哈鲁Lv1服2
1112,芙雷雅Lv1服2
1113,提欧Lv1服2
1114,哈鲁Lv2服2
1115,芙雷雅Lv2服2
1116,提欧Lv2服2
1117,提欧Lv2服2
1118,提欧Lv2服2
1119,提欧Lv2服2
1120,普通普通的服
1121,哈鲁Lv1服3
1122,芙雷雅Lv1服3
1123,提欧Lv1服3
1124,哈鲁Lv2服3
1125,芙雷雅Lv2服3
1126,提欧Lv2服3
1127,提欧Lv2服3
1128,提欧Lv2服3
1129,提欧Lv2服3
1130,薄的服
1131,哈鲁Lv1服4
1132,芙雷雅Lv1服4
1133,提欧Lv1服4
1134,哈鲁Lv2服4
1135,芙雷雅Lv2服4
1136,提欧Lv2服4
1137,提欧Lv2服4
1138,提欧Lv2服4
1139,提欧Lv2服4
1140,厚的服
1141,哈鲁Lv1服5
1142,芙雷雅Lv1服5
1143,提欧Lv1服5
1144,哈鲁Lv2服5
1145,芙雷雅Lv2服5
1146,提欧Lv2服5
1147,提欧Lv2服5
1148,提欧Lv2服5
1149,提欧Lv2服5
1150,耐用的服
1151,哈鲁Lv1服6
1152,芙雷雅Lv1服6
1153,提欧Lv1服6
1154,哈鲁Lv2服6
1155,芙雷雅Lv2服6
1156,提欧Lv2服6
1157,哈鲁Lv3服6
1158,芙雷雅Lv3服6
1159,提欧Lv3服6
1160,挺棒的服
1161,哈鲁Lv1服7
1162,芙雷雅Lv1服7
1163,提欧Lv1服7
1164,哈鲁Lv2服7
1165,芙雷雅Lv2服7
1166,提欧Lv2服7
1167,哈鲁Lv3服7
1168,芙雷雅Lv3服7
1169,提欧Lv3服7
1170,厉害的服
1171,哈鲁Lv1服8
1172,芙雷雅Lv1服8
1173,提欧Lv1服8
1174,哈鲁Lv2服8
1175,芙雷雅Lv2服8
1176,提欧Lv2服8
1177,哈鲁Lv3服8
1178,芙雷雅Lv3服8
1179,提欧Lv3服8
1180,卡鲁它那的服
1181,哈鲁Lv2服9
1182,芙雷雅Lv2服9
1183,提欧Lv2服9
1184,哈鲁Lv3服9
1185,芙雷雅Lv3服9
1186,提欧Lv3服9
1187,哈鲁Lv4服9
1188,芙雷雅Lv4服9
1189,提欧Lv4服9
1190,玛丽娜丝的服
1191,哈鲁Lv2服10
1192,芙雷雅Lv2服10
1193,提欧Lv2服10
1194,哈鲁Lv3服10
1195,芙雷雅Lv3服10
1196,提欧Lv3服10
1197,哈鲁Lv4服10
1198,芙雷雅Lv4服10
1199,提欧Lv4服10
1200,黄色双重手环
1201,绿色双重手环
1202,青色双重手环
1203,皮的手环(红)
1204,皮的手环(绿)
1205,皮的手环(青)
1206,红玉的手环
1207,碧玉的手环
1208,苍玉的手环
1209,红玉的石手环
1210,碧玉的石手环
1211,苍玉的石手环
1212,牙的手环(红)
1213,牙的手环(绿)
1214,牙的手环(青)
1215,黑石手环
1216,绿石手环
1217,青石手环
1218,豪华红玉牙手环
1219,豪华绿玉牙手环
1220,豪华青玉牙手环
1221,祝福之圣水1
1222,祝福之圣水2
1223,祝福之圣水3
1224,祝福之圣水4
1225,祝福之圣水5
1226,祝福之圣水6
1227,魔法防具 1
1228,魔法防具 2
1229,变幻的衣服 Lv4
1230,爱情巧克力
1231,定情项链
1232,结婚蛋糕
1233,迷人香菇
1234,小块肉
1235,普通的肉
1236,带骨的肉
1237,大片的肉
1238,大块肉
1239,最棒的肉
1240,小块气力肉
1241,普通的气力肉
1242,带骨的气力肉
1243,大片的气力肉
1244,大块气力肉
1245,最棒的气力肉
1246,治疗混乱的肉
1247,治疗中毒的肉
1248,治疗酒醉的肉
1249,治疗石化肉
1250,阿萨Lv1贝铃
1251,阿昆尼斯Lv1贝铃
1252,芙雷美雅Lv1贝铃
1253,温蒂妮Lv1贝铃
1254,哈梅拉斯石笛
1255,阿鲁帖拉石笛
1256,缪雷石笛
1257,阿萨Lv2木笛
1258,阿昆尼斯Lv2木笛
1259,芙雷美雅Lv2木笛
1260,温蒂妮Lv2木笛
1261,哈梅拉斯木笛
1262,阿鲁帖拉木笛
1263,缪雷木笛
1264,阿萨Lv3鸣子
1265,阿昆尼斯Lv3鸣子
1266,芙雷美雅Lv3鸣子
1267,温蒂妮Lv3鸣子
1268,哈梅拉斯鸣子
1269,阿鲁帖拉鸣子
1270,缪雷鸣子
1271,阿萨Lv4竖琴
1272,阿昆尼斯Lv4竖琴
1273,芙雷美雅Lv4竖琴
1274,温蒂妮Lv4竖琴
1275,哈梅拉斯竖琴
1276,阿鲁帖拉竖琴
1277,缪雷竖琴
1278,阿萨Lv5金币
1279,阿昆尼斯Lv5金币
1280,芙雷美雅Lv5金币
1281,温蒂妮Lv5的金币
1282,哈梅拉斯金币
1283,阿鲁帖拉金币
1284,缪雷金币
1285,抗毒护身符1
1286,抗毒护身符2
1287,强壮的戒指1
1288,强壮的戒指2
1289,破魔石笛1
1290,破魔石笛2
1291,伊兹魔铠
1292,真．灵力铠
1293,麻辣小火锅
1294,麻辣什锦火锅
1295,说话的金币1
1296,说话的金币2
1297,变身镜 Lv4
1298,伊兹铠
1299,伊兹爪
1300,皮的戒指
1301,小骨细工戒指
1302,黄玉的戒指
1303,翠骨的戒指
1304,苍骨的戒指
1305,木的戒指
1306,小蔓细工戒指
1307,绿玉的戒指
1308,绿骨的戒指
1309,赤骨的手镯
1310,蔓的戒指
1311,小石细工戒指
1312,青玉的戒指
1313,蓝骨的戒指
1314,暗黄骨的戒指
1315,深翠的戒指
1316,深黄的戒指
1317,黄鳞的戒指
1318,黄骨的戒指
1319,焦骨的戒指
1320,深绿的戒指
1321,深红的戒指
1322,蓝色的戒指
1323,黑玉的戒指
1324,玉之骨的戒指
1325,伊兹服
1326,伊兹枪
1327,伊兹兜
1328,万事通权杖
1329,皇后写的信
1330,龙之兜
1331,空想的棍棒
1332,大地的耳饰  [地]
1333,水的首饰 [水] B4
1334,风之戒指 [风]
1335,火之手环 [火]
1336,里拉拉的爪
1337,英雄手环
1338,提亚棒
1339,提亚兜
1340,提亚铠
1341,金乌力文魁头盔
1342,金乌力文魁铠甲
1343,金乌力文魁之光
1344,银乌力艺能之铠
1345,记忆的羽毛
1346,记忆的羽毛
1347,记忆的羽毛
1348,记忆的羽毛
1349,记忆的羽毛
1350,黑色小首饰
1351,红色小首饰
1352,小骨首饰
1353,绿色小首饰
1354,青色小首饰
1355,白色大首饰
1356,红色大首饰
1357,黄色大首饰
1358,黑色大首饰
1359,青色大首饰
1360,漂亮的黑色首饰
1361,红色美丽首饰
1362,黄色美丽首饰
1363,绿色美丽首饰
1364,青色美丽首饰
1365,石细工首饰
1366,石十字首饰
1367,青石首饰
1368,白贝首饰
1369,大牙首饰
1370,小牙首饰
1371,石首饰
1372,黑玉首饰
1373,黑骨首饰
1374,绿骨首饰
1375,美丽石细工首饰
1376,骨十字首饰
1377,青玉首饰
1378,青贝首饰
1379,牙十字首饰
1380,四颗牙首饰
1381,骨头首饰
1382,红玉首饰
1383,火首饰
1384,蛇皮首饰
1385,魔法勾玉
1386,魔法勾玉
1387,魔法勾玉
1388,魔法勾玉
1389,魔法勾玉
1390,魔法勾玉
1391,魔法勾玉
1392,魔法勾玉
1393,魔法勾玉
1394,魔法勾玉
1395,魔法勾玉
1396,魔法勾玉
1397,盖洛亚兜
1398,盖洛亚铠
1399,盖洛亚棍棒
1400,小耳环
1401,大耳环
1402,红色小耳环
1403,绿骨的耳环
1404,苍贝的耳饰
1405,小双重耳环
1406,大双重耳环
1407,绿色小耳环
1408,蓝骨的耳环
1409,红贝的耳环
1410,蔓的双重耳环
1411,青色小耳环
1412,木筒耳环
1413,赤骨的耳饰
1414,翠贝的耳环
1415,双重翠的耳饰
1416,深蓝的耳环
1417,苍骨的耳饰
1418,焦骨的耳环
1419,薄黄贝的耳饰
1420,两层绿色的耳环
1421,深红的耳环
1422,炭骨的耳饰
1423,暗黄骨的耳环
1424,白银贝的耳饰
1425,龙洞之谜任务石
1426,梦幻洞窟任务石
1427,琉璃洞窟任务石
1428,碧青洞窟任务石
1429,玄黄洞窟任务石
1430,深红洞窟任务石
1431,强恩洞窟任务石
1432,动物园任务石
1433,英雄岛任务石
1434,四圣石任务石
1435,金飞任务石
1436,天空之岛任务石
1437,恐龙博士任务石
1438,黄金羚羊任务石
1439,男人村与女人村任务石
1440,采矿权之争任务石
1441,五兄弟之谜任务石
1442,转生任务石
1443,精灵王传说任务石
1444,成人仪式任务石
1445,调和的勾玉
1446,力量的勾玉
1447,自然的勾玉
1448,海贼王的左手
1449,库沙达的签名板
1450,柯雅拉Lv1护身符
1451,柯雅拉Lv2护身符
1452,柯雅拉Lv3护身符
1453,西鲁菲雅Lv1护身符
1454,西鲁菲雅Lv2护身符
1455,阿西美拉护身符1
1456,阿西美拉护身符2
1457,阿西美拉护身符3
1458,阿西美拉护身符4
1459,阿西美拉护身符5
1460,美丽尼亚护身符1
1461,美丽尼亚护身符2
1462,美丽尼亚护身符3
1463,美丽尼亚护身符4
1464,美丽尼亚护身符5
1465,威鲁护身符1
1466,威鲁护身符2
1467,威鲁护身符3
1468,威鲁护身符4
1469,威鲁护身符5
1470,拉伊贝兜
1471,拉伊贝铠
1472,拉伊贝弓箭
1473,威姆防具
1474,威姆服
1475,威姆棍棒
1476,洛克亚首饰 A4
1477,洛克亚防具
1478,洛克亚服
1479,洛克亚棍棒
1480,帕加的巧克力
1481,暴龙秘密基地之钥
1482,飞龙蛋
1483,库沙达号角
1484,通过证明石
1485,通过证明石
1486,通过证明石
1487,通过证明石
1488,通过证明石
1489,通过证明石
1490,通过证明石
1491,通过证明石
1492,通过证明石
1493,通过证明石
1494,通过证明石
1495,通过证明石
1496,通过证明石
1497,药师的信物A
1498,抗毒的药草1
1499,燃烧的线香
1500,耐久力回复药
1501,耐久力回复药
1502,耐久力回复药
1503,耐久力回复药
1504,耐久力回复药
1505,耐久力回复药
1506,耐久力回复药
1507,耐久力回复药
1508,聪明的豆子4
1509,聪明的豆子5
1510,气力回复药
1511,气力回复药
1512,气力回复药
1513,气力回复药
1514,气力回复药
1515,通过证明石
1516,通过证明石
1517,通过证明石
1518,通过证明石
1519,通过证明石
1520,通过证明石
1521,通过证明石
1522,通过证明石
1523,通过证明石
1524,通过证明石
1525,通过证明石
1526,通过证明石
1527,通过证明石
1528,往弗烈顿的行李
1529,往弗烈顿的行李
1530,复活药(100)
1531,复活药(300)
1532,复活药(500)
1533,往塔耳塔的行李
1534,往尼克斯的行李
1535,往尼克斯的行李
1536,往亚伊欧的行李
1537,往伊甸的行李
1538,往伊甸的行李
1539,往伊甸的行李
1540,乌西摩尼叶
1541,伊西娃丽索叶
1542,摩浦叶
1543,西伦恩根
1544,往伊甸的行李
1545,菲恩叶
1587,往塔耳塔的行李
1588,往亚伊欧的行李
1589,抗毒的药草2
1590,抗毒的药草3
1591,达可特的药罐
1592,药师的信物B
1593,药师的信物C
1594,药师的信物D
1595,盗贼的石笛
1596,气力大补丸
1597,气力大补汤
1598,安抚之素
1599,魅力苹果
1600,卡鲁它那的梨子
1601,魅力葡萄
1602,魅力橘子
1603,魅力饭团
1604,魅力肉粽
1605,魅力汤
1606,魅力牛排
1607,索伊枪
1608,索伊铠
1609,索伊兜
1610,鲁基斧
1611,鲁基兜
1612,乌力斯坦的肉
1613,乌力斯坦的肉
1614,乌力斯坦的肉
1615,乌力斯坦的肉
1616,乌力斯坦的肉
1617,乌力斯坦的肉
1618,鲁基服
1619,奇普爪
1620,奇普防具
1621,奇普铠
1622,龙骨
1623,新手的帽子
1624,宠物的最恨
1625,叛逆之心
1626,怀恨之素
1627,奇克拉耐久力之石
1628,奇克拉气力之石
1629,幸福花环
1630,愿望的种子
1631,礼物盒
1632,伊德铠
1633,伊德兜
1634,伊德枪
1635,斯克亚服
1636,斯克亚防具
1637,斯克亚棍棒
1638,修复之石
1639,礼物盒
1640,测试用合成枪 20
1641,测试用合成石 20
1642,布伊的肉
1643,布伊的肉
1644,布伊的肉
1645,布伊的肉
1646,布伊的肉
1647,布伊的肉
1648,合成兜 12
1648,#测试用合成弓箭 20
1649,#测试用合成爪 20
1650,#测试用合成服 20
1651,#测试用合成兜 20
1652,测试用合成铠 20
1653,#测试用合成防具 20
1654,#测试用合成斧头 20
1655,#测试用合成棍棒 20
1656,#测试用合成回旋标 20
1657,#测试用合成投掷斧头 20
1663,禁断的青蛙1
1664,禁断的青蛙2
1665,禁断的青蛙3
1666,幸运的樱桃1
1667,幸运的樱桃2
1668,幸运的樱桃3
1669,神秘的香菇1
1670,神秘的香菇2
1671,神秘的香菇3
1672,初心者之棒
1673,初心者之兜
1674,初心者之服
1675,#合成铠 20
1676,克斯林首饰
1677,白星．男戒
1678,白星．女戒
1679,洛林的信
1680,泪之石
1681,宝箱
1682,爱相随戒指
1683,纯净的海水
1684,乌宝宝的肉
1685,乌宝宝的肉
1686,乌宝宝的肉
1687,乌宝宝的肉
1688,乌宝宝的肉
1689,乌宝宝的肉
1690,之棒
1691,之兜
1692,之铠
1693,假的货物
1694,盗贼的悔过书
1695,卡坦的旋风
1696,老鼠爱吃的大福
1697,老鼠的牙
1698,老鼠的骨
1699,珍珠手环[红]
1700,珍珠手环[绿]
1701,珍珠手环[蓝]
1702,唤蛇之石
1703,地蛇之鳞
1704,水蛇之鳞
1705,火蛇之鳞
1706,风蛇之鳞
1707,蛇之铠
1708,贝洛恩的肉
1709,贝洛恩的肉
1710,贝洛恩的肉
1711,贝洛恩的肉
1712,贝洛恩的肉
1713,贝洛恩的肉
1720,吉宝山通行证
1732,龟之盾的肉
1733,龟之盾的肉
1734,龟之盾的肉
1735,龟之盾的肉
1736,龟之盾的肉
1737,龟之盾的肉
1746,金砂
1747,金条
1748,银矿
1749,银块
1756,料理好的鱼
1757,神秘野草
1758,露水草
1759,一号签
1760,二号签
1761,叁号签
1762,尼可斯的肉
1763,尼可斯的肉
1764,尼可斯的肉
1765,尼可斯的肉
1766,尼可斯的肉
1767,尼可斯的肉
1768,特洛昆的肉
1769,特洛昆的肉
1770,特洛昆的肉
1771,特洛昆的肉
1772,特洛昆的肉
1773,特洛昆的肉
1774,四号签
1775,感谢状
1776,破烂的衣服
1777,补好的衣服
1778,卡奇的家书
1779,高山的药草
1780,羊+枪
1781,恭字牌
1782,贺字牌
1783,新字牌
1784,禧字牌
1785,围炉火锅
1786,感恩年糕
1787,萨伊爪
1788,萨伊兜
1789,萨伊铠
1790,忠诚罐头
1791,吃过的白雪苹果
1792,灵气帽
1793,信
1794,香甜的苹果
1795,海主人爱吃的草
1796,毒蛇的肉
1797,百年海主人的肉
1798,多萨金格的肉
1799,多萨金格的肉
1800,多萨金格的肉
1801,多萨金格的肉
1802,多萨金格的肉
1803,多萨金格的肉
1804,莫莉雅棍棒
1805,莫莉雅兜
1806,莫莉雅铠
1807,吉岩枪
1808,吉岩矿
1809,精灵草
1810,富商的货物
1811,宠物忠诚肉片
1812,吉岩枪
1813,开采用的小斧头
1814,母亲的日记
1815,真诚的眼泪
1816,超级补的肉
1817,治愈之水
1818,特效药
1819,疯狂药草
1820,合约书
1821,铁壁之石
1822,莫奇爪
1823,莫奇服
1824,莫奇防具
1825,凯亚枪
1826,凯亚铠
1827,凯亚兜
1828,野蛮团子
1829,超甜的桃子
1830,清脆的红萝卜
1831,饱满的地瓜
1832,红透的蕃茄
1833,很酸的橘子
1834,赛尔的委托书
1835,白熊的牙
1836,#赛家的气力药
1837,断掉的钥匙
1838,修好的钥匙
1839,回魂之玉
1840,陈年葡萄酒
1841,菜  的皮
1842,菜  的牙
1843,菜  的爪
1844,除  剂
1845,珊瑚耳饰
1846,格洛格鲁的肉
1847,格洛格鲁的肉
1848,格洛格鲁的肉
1849,格洛格鲁的肉
1850,格洛格鲁的肉
1851,格洛格鲁的肉
1852,宝箱钥匙
1853,黄金图腾像
1854,古老的勾玉
1855,传说的竖琴
1856,金砂
1857,透明的水晶
1858,和弦的首饰
1859,力击之戒
1860,静心手环
1861,鱼王的鳞片
1862,漩涡的污水
1863,碧绿海藻
1864,扬奇洛斯的肉
1865,扬奇洛斯的肉
1866,扬奇洛斯的肉
1867,扬奇洛斯的肉
1868,扬奇洛斯的肉
1869,扬奇洛斯的肉
1870,挖珊瑚用的爪
1871,鲜  的红珊瑚
1872,家传的烤香菇
1873,洛克侨的鳞片
1882,布鲁顿的肉
1883,布鲁顿的肉
1884,布鲁顿的肉
1885,布鲁顿的肉
1886,布鲁顿的肉
1887,布鲁顿的肉
1900,克洛尔的肉
1901,克洛尔的肉
1902,克洛尔的肉
1903,克洛尔的肉
1904,克洛尔的肉
1905,克洛尔的肉
1930,凯比特的肉
1931,凯比特的肉
1932,凯比特的肉
1933,凯比特的肉
1934,凯比特的肉
1935,凯比特的肉
1936,格尔顿的肉
1937,格尔顿的肉
1938,格尔顿的肉
1939,格尔顿的肉
1940,格尔顿的肉
1941,格尔顿的肉
1961,令牌
1962,周年庆蛋糕
1963,周年庆
1964,汤字牌
1965,光字牌
1966,戒字牌
1967,兜字牌
1968,铠字牌
1969,棒字牌
1970,爪字牌
1971,斧字牌
1972,枪字牌
1973,幸福汤
1974,天使之光
1975,万兽之戒
1976,华义之兜
1977,华义之铠
1978,华义之斧
1979,周年庆之棒
1980,周年庆之爪
1981,周年庆之枪
1982,哈尔利的委托信
1983,爱困草
1984,研磨好的药粉
1985,安眠药
1986,旅行包裹
1987,恶霸的头饰
1988,恶霸逃走的足迹
1989,宠技罐头
1990,卡克尔的肉
1991,卡克尔的肉
1992,卡克尔的肉
1993,卡克尔的肉
1994,卡克尔的肉
1995,卡克尔的肉
1996,巴克的肉
1997,巴克的肉
1998,巴克的肉
1999,巴克的肉
2000,巴克的肉
2001,巴克的肉
2002,光之圣石的碎片
2003,光之石
2004,双尖枪
2005,乱射弓
2006,邦奇诺的脚爪
2007,扬奇洛斯的手爪
2008,布鲁顿的牙
2009,勇士火锅
2010,贝鲁卡的皮毛
2011,贝鲁伊卡的皮毛
2012,格鲁西斯的皮毛
2013,莉儿的爱心糖果
2014,贝鲁卡的肉
2015,贝鲁卡的肉
2016,贝鲁卡的肉
2017,贝鲁卡的肉
2018,贝鲁卡的肉
2019,贝鲁卡的肉
2020,酸坏的水果酒
2021,发酵完成的水果
2022,香味扑鼻的花
2023,高级烧酒
2024,贝壳碎片1
2025,贝壳碎片2
2026,贝壳碎片3
2027,花卉用小铲子
2044,贝恩达斯的肉
2045,贝恩达斯的肉
2046,贝恩达斯的肉
2047,贝恩达斯的肉
2048,贝恩达斯的肉
2049,贝恩达斯的肉
2062,克邦凯斯的肉
2063,克邦凯斯的肉
2064,克邦凯斯的肉
2065,克邦凯斯的肉
2066,克邦凯斯的肉
2067,克邦凯斯的肉
2068,星星之守护1
2069,星星之守护2
2070,迪克盾牌
2071,迪克腰带
2072,迪克鞋
2073,特级之弓
2074,羊的肉
2075,羊齿草
2076,鸟的肉
2077,鸟尾草
2078,猴子的肉
2079,猴头草
2080,药草1
2081,药草2
2082,药草3
2083,药草4
2084,药草5
2085,人龙的肉
2086,暴龙的牙
2087,熊皮
2088,熊骨
2089,钢铁
2090,信物一
2091,信物二
2092,信物叁
2093,信物四
2094,信物五
2095,灵信物叁
2096,猎人信物一
2097,猎人信物二
2098,猎人信物叁
2099,匕首
2100,白狼信物一
2101,白狼信物二
2102,白狼信物叁
2103,白狼信物四
2104,灵信物一
2105,灵信物二
2112,退职之石
2113,萨姆吉尔之怒
2114,玄武斧
2134,布洛多斯的肉
2135,布洛多斯的肉
2136,布洛多斯的肉
2137,布洛多斯的肉
2138,布洛多斯的肉
2139,布洛多斯的肉
2166,情人节巧克力
2167,烛光晚餐
2168,情人果
2169,爱情花束
2170,爱的罐头
2171,爱情护身符
2172,#PK用气力回复药
2173,#PK用耐久力回复药
2174,#PK用豪华船生鱼片
2175,#PK用麻辣什锦火锅
2176,#PK用威鲁护身符1
2177,#PK用阿西美拉护身符1
2178,#PK用美丽尼亚护身符1
2179,#PK用缪雷金币
2180,#PK用阿鲁帖拉金币
2181,#PK用阿萨Lv5金币
2182,#PK用阿昆尼斯Lv5金币
2183,#PK用芙雷美雅Lv5金币
2184,#PK用温蒂妮Lv5的金币
2185,#PK用西鲁菲雅Lv2护身符
2191,包饭团的叶子
2192,凯比的皮
2193,威伯的角
2194,鲁尼帖斯的爪
2195,呼拔拔的骨
2196,工作证1
2197,工作证2
2198,工作证3
2199,工作证4
2200,加宝格恩的肉
2201,加宝格恩的肉
2202,加宝格恩的肉
2203,加宝格恩的肉
2204,加宝格恩的肉
2205,加宝格恩的肉
2206,工作证5
2207,苦涩的调味粉
2208,辛辣的大蒜
2209,超级甜的月饼
2210,神奇的月饼
2211,中秋宠的骨头
2212,火鸡的肉
2213,火鸡的肉
2214,火鸡的肉
2215,火鸡的肉
2216,火鸡的肉
2217,火鸡的肉
2218,克克洛斯的肉
2219,克克洛斯的肉
2220,克克洛斯的肉
2221,克克洛斯的肉
2222,克克洛斯的肉
2223,克克洛斯的肉
2224,柔韧的绳子
2225,黝黑的石头
2226,锋利的斧头
2227,破掉的碗
2228,完好的碗
2229,装满水的碗
2230,奇宝的肉
2231,奇宝的肉
2232,奇宝的肉
2233,奇宝的肉
2234,奇宝的肉
2235,奇宝的肉
2236,很钝的斧
2248,巴朵兰恩的肉
2249,巴朵兰恩的肉
2250,巴朵兰恩的肉
2251,巴朵兰恩的肉
2252,巴朵兰恩的肉
2253,巴朵兰恩的肉
2278,圣洁之光
2279,太阳之光
2280,反射之镜
2281,硬壳之石
2282,封印之光
2283,凝结之镜
2284,强硬之石
2285,倍返之镜
2286,坚守之石
2287,祝福之光
2288,真实之镜
2289,神甲之石
2290,蜘蛛丝
2291,啦啦的石器旅游日记
2292,啦啦的石器旅游日记
2293,啦啦的石器旅游日记
2294,啦啦的石器旅游日记
2295,啦啦的石器旅游日记
2296,啦啦的石器旅游日记
2297,啦啦的石器旅游日记
2298,啦啦的石器旅游日记
2299,啦啦的石器旅游日记
2300,啦啦的石器旅游日记
2301,啦啦的石器旅游日记
2302,啦啦的石器旅游日记
2303,啦啦的石器旅游日记
2304,蟠龙花瓶
2320,邦洛洛克斯的肉
2321,邦洛洛克斯的肉
2322,邦洛洛克斯的肉
2323,邦洛洛克斯的肉
2324,邦洛洛克斯的肉
2325,邦洛洛克斯的肉
2344,小的肉
2345,乾燥肉
2346,大的肉
2347,高级肉
2348,肉
2362,苹果糖
2363,哈密瓜果糖
2364,柠檬果糖
2365,薄荷果糖
2366,奇异果糖
2367,南瓜灯
2368,小刀
2369,有毒的肉
2370,管家的钥匙
2371,聊天室的麦克风
2372,道场的腰带
2373,精灵王传说任务石
2374,金飞任务石
2375,四圣石任务石
2376,琉璃洞窟任务石
2377,碧青洞窟任务石
2378,玄黄洞窟任务石
2379,深红洞窟任务石
2380,动物园任务石
2381,英雄岛任务石
2382,黄金羚羊任务石
2383,天空之岛任务石
2384,转生任务石
2385,挑战魔王入场卷
2386,宠技罐头
2387,喷嚏的元素Lv2
2391,叁墀蛇牙
2392,协议书
2393,协议书
2394,协议书
2395,告知信件
2396,女神之泪
2397,火精灵力量封印石
2398,地精灵力量封印石
2399,龙骨皮甲手套
2400,阿布的水
2401,哈罗的香草
2402,往萨姆吉尔的行李
2403,往萨姆吉尔的行李
2404,往萨姆吉尔的行李
2405,往玛丽娜丝的行李
2406,往玛丽娜丝的行李
2407,往玛丽娜丝的行李
2408,往卡鲁它那的行李
2409,往卡鲁它那的行李
2410,往卡鲁它那的行李
2411,往加加的行李
2412,往加加的行李
2413,往加加的行李
2414,不可思议的贝壳
2415,仙尼亚的花
2416,亚姆亚姆的斧头
2417,仪的玉
2418,仪之兜
2419,霍特尔的保护石
2420,卡坦的保护石
2421,勾玉
2422,通行证
2423,马提的信
2424,月光花
2425,乌力斯凯的信
2426,乌力美的信
2427,老爷爷的护身符
2428,萨顿家的衣服
2429,萨顿家的斧头
2430,萨顿家的头盔
2431,盗贼们的足迹
2432,仙人钓竿
2433,工匠钓竿
2434,名人的钓竿
2435,有气势的鱼
2436,普通的鱼
2437,腐烂的鱼
2438,愿藏的斧头
2439,近藏的棍棒
2440,乌鲁夫的铠
2441,吉尔的枪
2442,鲁德的兜
2443,一级柯尔克石
2444,特级柯尔克石
2445,超特级柯尔克石
2446,逃走呼拔拔的骨
2447,克萨拉奇的竖琴
2448,亚姆亚姆的斧头
2449,麻痹解药
2450,萨顿家的秘药
2451,马伦的葡萄
2452,马伦的葡萄
2453,马伦的葡萄
2454,马伦的葡萄
2455,马伦的毒蘑菇
2456,加特利奴喜爱的食物
2457,疾速的龙的玉
2458,刚气的龙的玉
2459,钢格的龙的玉
2460,龙之枪
2461,龙之铠
2462,龙之衣
2463,哈恩的壶
2464,哈恩的壶
2465,哈恩的斧头
2466,斧头制作依赖书
2467,巴尔的推荐书
2468,良质的木材
2469,一级矿石
2470,特级矿石
2471,超特级矿石
2472,采石鉴定书
2473,采石鉴定书(特级)
2474,采石鉴定书(超特级)
2475,一级采石权利书
2476,特级采石权利书
2477,超特级采石权利书
2478,采伐许可证
2479,SBC认定证
2480,JBA认定证
2481,杉的手环
2482,格的枪
2483,达的斧头
2484,折断的斧头
2485,哈恩改造的斧头
2486,开在奇喀喀的花
2487,母亲的发饰
2488,给双亲的信
2489,卡娜的木笛
2490,山贼的羽饰
2491,山贼的手环
2492,山贼的投掷斧头
2493,山贼的爪
2494,山贼的小棍棒
2495,山贼的秘密文书之一
2496,山贼的秘密文书之二
2497,山贼的秘密文书之叁
2498,敌人专用弓箭
2499,帕鲁的信
2500,邦恩达鲁的信
2501,帕鲁的回信
2502,邦恩达鲁的回信
2503,加都洛矿石
2504,美鲁娜矿石
2505,龙的魅力之笛
2506,卡鲁娜矿石
2507,问题1的答案用纸
2508,问题1的答案用纸
2509,问题2的答案用纸
2510,问题2的答案用纸
2511,问题3的答案用纸
2512,问题3的答案用纸
2513,问题4的答案用纸
2514,问题4的答案用纸
2515,问题5的答案用纸
2516,问题5的答案用纸
2517,智慧的结晶
2518,利诺恩的首饰
2519,奇诺的手环
2520,奇洛斯的戒指
2521,聊天室门票
2522,聊天室门票
2523,聊天室门票
2524,聊天室门票
2525,布鲁德的竖琴
2526,浦洛斯的笛
2527,最上层入场许可证
2528,地的勾玉
2529,水的勾玉
2530,火的勾玉
2531,风的勾玉
2532,心性之镜
2533,采掘权利书
2534,阿斯玛鲁矿石
2535,参加许可证
2536,巴巴洛的许可证
2537,加鲁娜石的斧头
2538,加鲁娜石的棍棒
2539,加鲁娜石的枪
2540,加鲁娜石的爪
2541,加鲁娜石的弓箭
2542,加鲁娜石的回旋标
2543,加鲁娜石的投掷斧头
2544,加鲁娜石
2545,加鲁娜石的兜
2546,加鲁娜石的铠
2547,心性之镜
2548,真实之眼
2549,采石场的钥匙
2550,奇努伊的通行证
2551,守护精灵的衣服
2552,通过证明石
2553,通过证明石
2554,通过证明石
2555,通过证明石
2556,通过证明石
2557,通过证明石
2558,通过证明石
2559,通过证明石
2560,通过证明石
2561,通过证明石
2562,通过证明石
2563,通过证明石
2564,通过证明石
2565,迷人香草
2566,宠物的最爱
2567,忠诚心之素(A)
2568,忠诚心之素(B)
2569,曼模竿
2570,特沙金竿
2571,卡库尔竿
2572,超级姆依
2573,超级海主人
2574,超级加克拉
2575,检查石
2576,检查石
2577,检查石
2578,检查石
2579,检查石
2580,检查石
2581,检查石
2582,检查石
2583,检查石
2584,检查石
2585,检查石
2586,检查石
2587,检查石
2588,结婚戒指
2589,调查证明书
2590,调查证明书
2591,调查证明书
2592,调查证明书
2593,打工的介绍信
2594,训练的手镯
2595,训练的手镯
2596,训练的手镯
2597,斗技场门票 A
2598,斗技场门票 B
2599,斗技场门票 C
2600,斗技场门票 D
2601,斗技场门票 E
2602,聊天室门票
2603,先见之光
2604,空想的衣服
2605,空想的帽子
2606,空想的竖琴
2607,火难的戒指
2608,表演证
2609,麦克风
2610,迷宫 A的门票
2611,迷宫 B的门票
2612,骰子
2613,愿藏娃娃
2614,愿藏娃娃
2615,神签
2616,神签
2617,神签
2618,神签
2619,神签
2620,神签
2621,雄黄酒领取证
2622,顶级的红宝石
2623,顶级的贝壳
2624,特级的红桧
2625,特级的钓竿
2687,邮寄物
2688,马祖的斧头
2689,马祖的矛
2690,马祖的棍棒
2691,芙蕾美雅Lv3的戒指
2692,哈鲁Lv3的戒指
2693,迪欧Lv2的戒指
2694,芙蕾美雅Lv3的手镯
2695,哈鲁Lv3的手镯
2696,迪欧Lv2的戒指
2697,切绳石
2698,雅哈奴的日记
2699,拉鲁的项链
2700,大地之羽[地]
2701,大地的羁绊[地]
2702,蜂蜜
2703,猎场入场卷
2704,麦克风
2705,魔术笔 (油性)
2706,不死鸟的羽毛[火]
2707,火的羽毛饰品[火]
2708,巴那姆的水壶
2709,巴那姆的水壶
2710,巴那姆的水壶
2711,巴那姆的水壶
2712,巴那姆的水壶
2713,巴那姆的水壶
2714,巴那姆的水壶
2715,巴那姆的水壶
2716,巴那姆的水壶
2717,巴那姆的水壶
2718,巴那姆的水壶
2719,里奥的愿藏娃娃
2720,里奥的愿藏娃娃
2721,里奥的愿藏娃娃
2722,里奥的愿藏娃娃
2723,里奥的愿藏娃娃
2724,里奥的愿藏娃娃
2725,里奥的愿藏娃娃
2726,里奥的愿藏娃娃
2727,里奥的愿藏娃娃
2728,头奖签
2729,头奖签
2730,2奖签
2731,3奖签
2732,4奖签
2733,5奖签
2734,6奖签
2735,风的锁 [风]
2736,风的竖琴 [风]
2737,被诅咒的假发(钢锁的发型)
2738,检查石(SJOT)
2739,水蓝皮甲手套
2748,检查石(SJOT)
2751,猜拳的参加券
2752,猜谜的参加票
2753,猜谜专家的会员证
2754,道具交换卷
2755,入场卷A
2756,入场卷B
2757,入场卷C
2758,风的手镯 [风]
2759,谜之箱子
2760,地的宝珠
2761,水的宝珠
2762,火的宝珠
2763,风的宝珠
2764,结晶石
2765,月光的手镯
2766,水苍之贝 [水]
2767,深蓝色石头
2768,群青的水
2769,碧青水晶
2770,水的戒指[水]
2771,地的宝珠
2772,水的宝珠
2773,火的宝珠
2774,风的宝珠
2775,精灵王之弓
2776,爱的戒指
2777,圣诞袜
2778,圣诞袜
2779,圣诞袜
2780,圣诞袜
2781,圣诞袜
2782,幸运的圣诞袜
2783,麋鹿的圣诞袜
2784,麋鹿认养证
2785,指引地图
2786,奇怪的石头
2787,生命树的叶子
2788,许愿池的泉水
2789,智慧果的果酱
2790,新年抓宠活动卷
2791,新年抓宠活动卷
2792,新年抓宠活动卷
2793,新年抓宠活动卷
2794,新年抓宠活动卷
2795,新年抓宠活动卷
2796,新年抓宠活动卷
2797,新年抓宠活动卷
2798,新年抓宠活动卷
2799,新年抓宠活动卷
2800,新年抓宠活动卷
2801,新年抓宠活动卷
2802,新年抓宠活动卷
2803,新年抓宠活动卷
2804,新年抓宠活动卷
2805,抓宠完成证明A
2806,抓宠完成证明B
2807,抓宠完成证明C
2808,不明的符文纸张
2809,抓宠完成证明D
2810,抓宠完成证明E
2811,抓宠完成证明F
2812,抓宠完成证明G
2813,抓宠完成证明H
2814,抓宠完成证明I
2815,抓宠完成证明J
2816,抓宠完成证明K
2817,抓宠完成证明L
2818,抓宠完成证明M
2819,抓宠完成证明N
2820,抓宠完成证明O
2821,抓宠完成证明O
2822,抓宠完成证明O
2823,抓宠完成证明O
2824,抓宠完成证明O
2825,抓宠完成证明O
2826,新年贺词
2827,新年贺词
2828,新年贺词
2829,新年贺词
2830,新年贺词
2831,新年贺词
2832,新年贺词
2833,新年贺词
2834,新年贺词
2835,新年贺词
2836,新年贺词
2837,新年贺词
2838,老乌力神委托书
2839,老乌力神委托书
2840,老乌力神委托书
2841,老乌力神委托书
2842,老乌力神委托书
2843,老乌力神委托书
2844,老乌力神委托书
2845,老乌力神委托书
2846,老乌力神委托书
2847,老乌力神委托书
2848,乌力丸
2849,宠物项圈 Lv 5
2850,深情巧克力
2851,汤圆
2852,追野写的信
2853,汤圆料理
2854,鲜肉汤圆
2855,芝麻汤圆
2856,花生汤圆
2857,红豆汤圆
2880,老乌力神委托书
2881,老乌力神委托书
2882,老乌力神委托书
2883,乌力手环
2886,火灵勇士的证书
2887,优质木头
2888,燃烧的火把
2889,熄灭的火把
2898,活力护身符
2899,净心护身符
2900,知性护身符
2901,云采护身符
2902,柯雅拉Lv4护身符
3000,合成斧头1
3001,合成斧头1
3002,合成斧头1
3003,合成斧头1
3004,合成斧头1
3005,合成斧头1
3006,合成斧头 1 [地]
3007,合成斧头 1 [地]
3008,合成斧头 1 [地]
3009,合成斧头 1 [地]
3010,合成斧头 1 [地]
3011,合成斧头 1 [地]
3012,合成斧头 1 [水]
3013,合成斧头 1 [水]
3014,合成斧头 1 [水]
3015,合成斧头 1 [水]
3016,合成斧头 1 [水]
3017,合成斧头 1 [水]
3018,合成斧头 1 [火]
3019,合成斧头 1 [火]
3020,合成斧头 1 [火]
3021,合成斧头 1 [火]
3022,合成斧头 1 [火]
3023,合成斧头 1 [火]
3024,合成斧头 1 [风]
3025,合成斧头 1 [风]
3026,合成斧头 1 [风]
3027,合成斧头 1 [风]
3028,合成斧头 1 [风]
3029,合成斧头 1 [风]
3030,合成斧头 2
3031,合成斧头 2
3032,合成斧头 2
3033,合成斧头 2
3034,合成斧头 2
3035,合成斧头 2
3036,合成斧头 2 [地]
3037,合成斧头 2 [地]
3038,合成斧头 2 [地]
3039,合成斧头 2 [地]
3040,合成斧头 2 [地]
3041,合成斧头 2 [地]
3042,合成斧头 2 [水]
3043,合成斧头 2 [水]
3044,合成斧头 2 [水]
3045,合成斧头 2 [水]
3046,合成斧头 2 [水]
3047,合成斧头 2 [水]
3048,合成斧头 2 [火]
3049,合成斧头 2 [火]
3050,合成斧头 2 [火]
3051,合成斧头 2 [火]
3052,合成斧头 2 [火]
3053,合成斧头 2 [火]
3054,合成斧头 2 [风]
3055,合成斧头 2 [风]
3056,合成斧头 2 [风]
3057,合成斧头 2 [风]
3058,合成斧头 2 [风]
3059,合成斧头 2 [风]
3060,合成斧头 3
3061,合成斧头 3
3062,合成斧头 3
3063,合成斧头 3
3064,合成斧头 3
3065,合成斧头 3
3066,合成斧头 3 [地]
3067,合成斧头 3 [地]
3068,合成斧头 3 [地]
3069,合成斧头 3 [地]
3070,合成斧头 3 [地]
3071,合成斧头 3 [地]
3072,合成斧头 3 [水]
3073,合成斧头 3 [水]
3074,合成斧头 3 [水]
3075,合成斧头 3 [水]
3076,合成斧头 3 [水]
3077,合成斧头 3 [水]
3078,合成斧头 3 [火]
3079,合成斧头 3 [火]
3080,合成斧头 3 [火]
3081,合成斧头 3 [火]
3082,合成斧头 3 [火]
3083,合成斧头 3 [火]
3084,合成斧头 3 [风]
3085,合成斧头 3 [风]
3086,合成斧头 3 [风]
3087,合成斧头 3 [风]
3088,合成斧头 3 [风]
3089,合成斧头 3 [风]
3090,合成斧头 4
3091,合成斧头 4
3092,合成斧头 4
3093,合成斧头 4
3094,合成斧头 4
3095,合成斧头 4
3096,合成斧头 4 [地]
3097,合成斧头 4 [地]
3098,合成斧头 4 [地]
3099,合成斧头 4 [地]
3100,合成斧头 4 [地]
3101,合成斧头 4 [地]
3102,合成斧头 4 [水]
3103,合成斧头 4 [水]
3104,合成斧头 4 [水]
3105,合成斧头 4 [水]
3106,合成斧头 4 [水]
3107,合成斧头 4 [水]
3108,合成斧头 4 [火]
3109,合成斧头 4 [火]
3110,合成斧头 4 [火]
3111,合成斧头 4 [火]
3112,合成斧头 4 [火]
3113,合成斧头 4 [火]
3114,合成斧头 4 [风]
3115,合成斧头 4 [风]
3116,合成斧头 4 [风]
3117,合成斧头 4 [风]
3118,合成斧头 4 [风]
3119,合成斧头 4 [风]
3120,合成斧头 5
3121,合成斧头 5
3122,合成斧头 5
3123,合成斧头 5
3124,合成斧头 5
3125,合成斧头 5
3126,合成斧头 5 [地]
3127,合成斧头 5 [地]
3128,合成斧头 5 [地]
3129,合成斧头 5 [地]
3130,合成斧头 5 [地]
3131,合成斧头 5 [地]
3132,合成斧头 5 [水]
3133,合成斧头 5 [水]
3134,合成斧头 5 [水]
3135,合成斧头 5 [水]
3136,合成斧头 5 [水]
3137,合成斧头 5 [水]
3138,合成斧头 5 [火]
3139,合成斧头 5 [火]
3140,合成斧头 5 [火]
3141,合成斧头 5 [火]
3142,合成斧头 5 [火]
3143,合成斧头 5 [火]
3144,合成斧头 5 [风]
3145,合成斧头 5 [风]
3146,合成斧头 5 [风]
3147,合成斧头 5 [风]
3148,合成斧头 5 [风]
3149,合成斧头 5 [风]
3150,合成斧头 6
3151,合成斧头 6
3152,合成斧头 6
3153,合成斧头 6
3154,合成斧头 6
3155,合成斧头 6
3156,合成斧头 6 [地]
3157,合成斧头 6 [地]
3158,合成斧头 6 [地]
3159,合成斧头 6 [地]
3160,合成斧头 6 [地]
3161,合成斧头 6 [地]
3162,合成斧头 6 [水]
3163,合成斧头 6 [水]
3164,合成斧头 6 [水]
3165,合成斧头 6 [水]
3166,合成斧头 6 [水]
3167,合成斧头 6 [水]
3168,合成斧头 6 [火]
3169,合成斧头 6 [火]
3170,合成斧头 6 [火]
3171,合成斧头 6 [火]
3172,合成斧头 6 [火]
3173,合成斧头 6 [火]
3174,合成斧头 6 [风]
3175,合成斧头 6 [风]
3176,合成斧头 6 [风]
3177,合成斧头 6 [风]
3178,合成斧头 6 [风]
3179,合成斧头 6 [风]
3180,合成斧头7
3181,合成斧头7
3182,合成斧头7
3183,合成斧头7
3184,合成斧头7
3185,合成斧头7
3186,合成斧头7 [地]
3187,合成斧头7 [地]
3188,合成斧头7 [地]
3189,合成斧头7 [地]
3190,合成斧头7 [地]
3191,合成斧头7 [地]
3192,合成斧头7 [水]
3193,合成斧头7 [水]
3194,合成斧头7 [水]
3195,合成斧头7 [水]
3196,合成斧头7 [水]
3197,合成斧头7 [水]
3198,合成斧头7 [火]
3199,合成斧头7 [火]
3200,合成斧头7 [火]
3201,合成斧头7 [火]
3202,合成斧头7 [火]
3203,合成斧头7 [火]
3204,合成斧头7 [风]
3205,合成斧头7 [风]
3206,合成斧头7 [风]
3207,合成斧头7 [风]
3208,合成斧头7 [风]
3209,合成斧头7 [风]
3210,合成斧头 8
3211,合成斧头 8
3212,合成斧头 8
3213,合成斧头 8
3214,合成斧头 8
3215,合成斧头 8
3216,合成斧头 8 [地]
3217,合成斧头 8 [地]
3218,合成斧头 8 [地]
3219,合成斧头 8 [地]
3220,合成斧头 8 [地]
3221,合成斧头 8 [地]
3222,合成斧头 8 [水]
3223,合成斧头 8 [水]
3224,合成斧头 8 [水]
3225,合成斧头 8 [水]
3226,合成斧头 8 [水]
3227,合成斧头 8 [水]
3228,合成斧头 8 [火]
3229,合成斧头 8 [火]
3230,合成斧头 8 [火]
3231,合成斧头 8 [火]
3232,合成斧头 8 [火]
3233,合成斧头 8 [火]
3234,合成斧头 8 [风]
3235,合成斧头 8 [风]
3236,合成斧头 8 [风]
3237,合成斧头 8 [风]
3238,合成斧头 8 [风]
3239,合成斧头 8 [风]
3240,合成斧头 9
3241,合成斧头 9
3242,合成斧头 9
3243,合成斧头 9
3244,合成斧头 9
3245,合成斧头 9
3246,合成斧头 9 [地]
3247,合成斧头 9 [地]
3248,合成斧头 9 [地]
3249,合成斧头 9 [地]
3250,合成斧头 9 [地]
3251,合成斧头 9 [地]
3252,合成斧头 9 [水]
3253,合成斧头 9 [水]
3254,合成斧头 9 [水]
3255,合成斧头 9 [水]
3256,合成斧头 9 [水]
3257,合成斧头 9 [水]
3258,合成斧头 9 [火]
3259,合成斧头 9 [火]
3260,合成斧头 9 [火]
3261,合成斧头 9 [火]
3262,合成斧头 9 [火]
3263,合成斧头 9 [火]
3264,合成斧头 9 [风]
3265,合成斧头 9 [风]
3266,合成斧头 9 [风]
3267,合成斧头 9 [风]
3268,合成斧头 9 [风]
3269,合成斧头 9 [风]
3270,合成斧头 10
3271,合成斧头 10
3272,合成斧头 10
3273,合成斧头 10
3274,合成斧头 10
3275,合成斧头 10
3276,合成斧头 10 [地]
3277,合成斧头 10 [地]
3278,合成斧头 10 [地]
3279,合成斧头 10 [地]
3280,合成斧头 10 [地]
3281,合成斧头 10 [地]
3282,合成斧头 10 [水]
3283,合成斧头 10 [水]
3284,合成斧头 10 [水]
3285,合成斧头 10 [水]
3286,合成斧头 10 [水]
3287,合成斧头 10 [水]
3288,合成斧头 10 [火]
3289,合成斧头 10 [火]
3290,合成斧头 10 [火]
3291,合成斧头 10 [火]
3292,合成斧头 10 [火]
3293,合成斧头 10 [火]
3294,合成斧头 10 [风]
3295,合成斧头 10 [风]
3296,合成斧头 10 [风]
3297,合成斧头 10 [风]
3298,合成斧头 10 [风]
3299,合成斧头 10 [风]
3600,合成棍棒1
3601,合成棍棒1
3602,合成棍棒1
3603,合成棍棒1
3604,合成棍棒1
3605,合成棍棒1
3606,合成棍棒 1 [地]
3607,合成棍棒 1 [地]
3608,合成棍棒 1 [地]
3609,合成棍棒 1 [地]
3610,合成棍棒 1 [地]
3611,合成棍棒 1 [地]
3612,合成棍棒 1 [水]
3613,合成棍棒 1 [水]
3614,合成棍棒 1 [水]
3615,合成棍棒 1 [水]
3616,合成棍棒 1 [水]
3617,合成棍棒 1 [水]
3618,合成棍棒 1 [火]
3619,合成棍棒 1 [火]
3620,合成棍棒 1 [火]
3621,合成棍棒 1 [火]
3622,合成棍棒 1 [火]
3623,合成棍棒 1 [火]
3624,合成棍棒 1 [风]
3625,合成棍棒 1 [风]
3626,合成棍棒 1 [风]
3627,合成棍棒 1 [风]
3628,合成棍棒 1 [风]
3629,合成棍棒 1 [风]
3630,合成棍棒 2
3631,合成棍棒 2
3632,合成棍棒 2
3633,合成棍棒 2
3634,合成棍棒 2
3635,合成棍棒 2
3636,合成棍棒 2 [地]
3637,合成棍棒 2 [地]
3638,合成棍棒 2 [地]
3639,合成棍棒 2 [地]
3640,合成棍棒 2 [地]
3641,合成棍棒 2 [地]
3642,合成棍棒 2 [水]
3643,合成棍棒 2 [水]
3644,合成棍棒 2 [水]
3645,合成棍棒 2 [水]
3646,合成棍棒 2 [水]
3647,合成棍棒 2 [水]
3648,合成棍棒 2 [火]
3649,合成棍棒 2 [火]
3650,合成棍棒 2 [火]
3651,合成棍棒 2 [火]
3652,合成棍棒 2 [火]
3653,合成棍棒 2 [火]
3654,合成棍棒 2 [风]
3655,合成棍棒 2 [风]
3656,合成棍棒 2 [风]
3657,合成棍棒 2 [风]
3658,合成棍棒 2 [风]
3659,合成棍棒 2 [风]
3660,合成棍棒 3
3661,合成棍棒 3
3662,合成棍棒 3
3663,合成棍棒 3
3664,合成棍棒 3
3665,合成棍棒 3
3666,合成棍棒 3 [地]
3667,合成棍棒 3 [地]
3668,合成棍棒 3 [地]
3669,合成棍棒 3 [地]
3670,合成棍棒 3 [地]
3671,合成棍棒 3 [地]
3672,合成棍棒 3 [水]
3673,合成棍棒 3 [水]
3674,合成棍棒 3 [水]
3675,合成棍棒 3 [水]
3676,合成棍棒 3 [水]
3677,合成棍棒 3 [水]
3678,合成棍棒 3 [火]
3679,合成棍棒 3 [火]
3680,合成棍棒 3 [火]
3681,合成棍棒 3 [火]
3682,合成棍棒 3 [火]
3683,合成棍棒 3 [火]
3684,合成棍棒 3 [风]
3685,合成棍棒 3 [风]
3686,合成棍棒 3 [风]
3687,合成棍棒 3 [风]
3688,合成棍棒 3 [风]
3689,合成棍棒 3 [风]
3690,合成棍棒 4
3691,合成棍棒 4
3692,合成棍棒 4
3693,合成棍棒 4
3694,合成棍棒 4
3695,合成棍棒 4
3696,合成棍棒 4 [地]
3697,合成棍棒 4 [地]
3698,合成棍棒 4 [地]
3699,合成棍棒 4 [地]
3700,合成棍棒 4 [地]
3701,合成棍棒 4 [地]
3702,合成棍棒 4 [水]
3703,合成棍棒 4 [水]
3704,合成棍棒 4 [水]
3705,合成棍棒 4 [水]
3706,合成棍棒 4 [水]
3707,合成棍棒 4 [水]
3708,合成棍棒 4 [火]
3709,合成棍棒 4 [火]
3710,合成棍棒 4 [火]
3711,合成棍棒 4 [火]
3712,合成棍棒 4 [火]
3713,合成棍棒 4 [火]
3714,合成棍棒 4 [风]
3715,合成棍棒 4 [风]
3716,合成棍棒 4 [风]
3717,合成棍棒 4 [风]
3718,合成棍棒 4 [风]
3719,合成棍棒 4 [风]
3720,合成棍棒 5
3721,合成棍棒 5
3722,合成棍棒 5
3723,合成棍棒 5
3724,合成棍棒 5
3725,合成棍棒 5
3726,合成棍棒 5 [地]
3727,合成棍棒 5 [地]
3728,合成棍棒 5 [地]
3729,合成棍棒 5 [地]
3730,合成棍棒 5 [地]
3731,合成棍棒 5 [地]
3732,合成棍棒 5 [水]
3733,合成棍棒 5 [水]
3734,合成棍棒 5 [水]
3735,合成棍棒 5 [水]
3736,合成棍棒 5 [水]
3737,合成棍棒 5 [水]
3738,合成棍棒 5 [火]
3739,合成棍棒 5 [火]
3740,合成棍棒 5 [火]
3741,合成棍棒 5 [火]
3742,合成棍棒 5 [火]
3743,合成棍棒 5 [火]
3744,合成棍棒 5 [风]
3745,合成棍棒 5 [风]
3746,合成棍棒 5 [风]
3747,合成棍棒 5 [风]
3748,合成棍棒 5 [风]
3749,合成棍棒 5 [风]
3750,合成棍棒 6
3751,合成棍棒 6
3752,合成棍棒 6
3753,合成棍棒 6
3754,合成棍棒 6
3755,合成棍棒 6
3756,合成棍棒 6 [地]
3757,合成棍棒 6 [地]
3758,合成棍棒 6 [地]
3759,合成棍棒 6 [地]
3760,合成棍棒 6 [地]
3761,合成棍棒 6 [地]
3762,合成棍棒 6 [水]
3763,合成棍棒 6 [水]
3764,合成棍棒 6 [水]
3765,合成棍棒 6 [水]
3766,合成棍棒 6 [水]
3767,合成棍棒 6 [水]
3768,合成棍棒 6 [火]
3769,合成棍棒 6 [火]
3770,合成棍棒 6 [火]
3771,合成棍棒 6 [火]
3772,合成棍棒 6 [火]
3773,合成棍棒 6 [火]
3774,合成棍棒 6 [风]
3775,合成棍棒 6 [风]
3776,合成棍棒 6 [风]
3777,合成棍棒 6 [风]
3778,合成棍棒 6 [风]
3779,合成棍棒 6 [风]
3780,合成棍棒 7
3781,合成棍棒 7
3782,合成棍棒 7
3783,合成棍棒 7
3784,合成棍棒 7
3785,合成棍棒 7
3786,合成棍棒 7 [地]
3787,合成棍棒 7 [地]
3788,合成棍棒 7 [地]
3789,合成棍棒 7 [地]
3790,合成棍棒 7 [地]
3791,合成棍棒 7 [地]
3792,合成棍棒 7 [水]
3793,合成棍棒 7 [水]
3794,合成棍棒 7 [水]
3795,合成棍棒 7 [水]
3796,合成棍棒 7 [水]
3797,合成棍棒 7 [水]
3798,合成棍棒 7 [火]
3799,合成棍棒 7 [火]
3800,合成棍棒 7 [火]
3801,合成棍棒 7 [火]
3802,合成棍棒 7 [火]
3803,合成棍棒 7 [火]
3804,合成棍棒 7 [风]
3805,合成棍棒 7 [风]
3806,合成棍棒 7 [风]
3807,合成棍棒 7 [风]
3808,合成棍棒 7 [风]
3809,合成棍棒 7 [风]
3810,合成棍棒 8
3811,合成棍棒 8
3812,合成棍棒 8
3813,合成棍棒 8
3814,合成棍棒 8
3815,合成棍棒 8
3816,合成棍棒 8 [地]
3817,合成棍棒 8 [地]
3818,合成棍棒 8 [地]
3819,合成棍棒 8 [地]
3820,合成棍棒 8 [地]
3821,合成棍棒 8 [地]
3822,合成棍棒 8 [水]
3823,合成棍棒 8 [水]
3824,合成棍棒 8 [水]
3825,合成棍棒 8 [水]
3826,合成棍棒 8 [水]
3827,合成棍棒 8 [水]
3828,合成棍棒 8 [火]
3829,合成棍棒 8 [火]
3830,合成棍棒 8 [火]
3831,合成棍棒 8 [火]
3832,合成棍棒 8 [火]
3833,合成棍棒 8 [火]
3834,合成棍棒 8 [风]
3835,合成棍棒 8 [风]
3836,合成棍棒 8 [风]
3837,合成棍棒 8 [风]
3838,合成棍棒 8 [风]
3839,合成棍棒 8 [风]
3840,合成棍棒 9
3841,合成棍棒 9
3842,合成棍棒 9
3843,合成棍棒 9
3844,合成棍棒 9
3845,合成棍棒 9
3846,合成棍棒 9 [地]
3847,合成棍棒 9 [地]
3848,合成棍棒 9 [地]
3849,合成棍棒 9 [地]
3850,合成棍棒 9 [地]
3851,合成棍棒 9 [地]
3852,合成棍棒 9 [水]
3853,合成棍棒 9 [水]
3854,合成棍棒 9 [水]
3855,合成棍棒 9 [水]
3856,合成棍棒 9 [水]
3857,合成棍棒 9 [水]
3858,合成棍棒 9 [火]
3859,合成棍棒 9 [火]
3860,合成棍棒 9 [火]
3861,合成棍棒 9 [火]
3862,合成棍棒 9 [火]
3863,合成棍棒 9 [火]
3864,合成棍棒 9 [风]
3865,合成棍棒 9 [风]
3866,合成棍棒 9 [风]
3867,合成棍棒 9 [风]
3868,合成棍棒 9 [风]
3869,合成棍棒 9 [风]
3870,合成棍棒 10
3871,合成棍棒 10
3872,合成棍棒 10
3873,合成棍棒 10
3874,合成棍棒 10
3875,合成棍棒 10
3876,合成棍棒 10 [地]
3877,合成棍棒 10 [地]
3878,合成棍棒 10 [地]
3879,合成棍棒 10 [地]
3880,合成棍棒 10 [地]
3881,合成棍棒 10 [地]
3882,合成棍棒 10 [水]
3883,合成棍棒 10 [水]
3884,合成棍棒 10 [水]
3885,合成棍棒 10 [水]
3886,合成棍棒 10 [水]
3887,合成棍棒 10 [水]
3888,合成棍棒 10 [火]
3889,合成棍棒 10 [火]
3890,合成棍棒 10 [火]
3891,合成棍棒 10 [火]
3892,合成棍棒 10 [火]
3893,合成棍棒 10 [火]
3894,合成棍棒 10 [风]
3895,合成棍棒 10 [风]
3896,合成棍棒 10 [风]
3897,合成棍棒 10 [风]
3898,合成棍棒 10 [风]
3899,合成棍棒 10 [风]
3900,绿珀石
4200,合成枪1
4201,合成枪1
4202,合成枪1
4203,合成枪1
4204,合成枪1
4205,合成枪1
4206,合成枪 1 [地]
4207,合成枪 1 [地]
4208,合成枪 1 [地]
4209,合成枪 1 [地]
4210,合成枪 1 [地]
4211,合成枪 1 [地]
4212,合成枪 1 [水]
4213,合成枪 1 [水]
4214,合成枪 1 [水]
4215,合成枪 1 [水]
4216,合成枪 1 [水]
4217,合成枪 1 [水]
4218,合成枪 1 [火]
4219,合成枪 1 [火]
4220,合成枪 1 [火]
4221,合成枪 1 [火]
4222,合成枪 1 [火]
4223,合成枪 1 [火]
4224,合成枪 1 [风]
4225,合成枪 1 [风]
4226,合成枪 1 [风]
4227,合成枪 1 [风]
4228,合成枪 1 [风]
4229,合成枪 1 [风]
4230,合成枪 2
4231,合成枪 2
4232,合成枪 2
4233,合成枪 2
4234,合成枪 2
4235,合成枪 2
4236,合成枪 2 [地]
4237,合成枪 2 [地]
4238,合成枪 2 [地]
4239,合成枪 2 [地]
4240,合成枪 2 [地]
4241,合成枪 2 [地]
4242,合成枪 2 [水]
4243,合成枪 2 [水]
4244,合成枪 2 [水]
4245,合成枪 2 [水]
4246,合成枪 2 [水]
4247,合成枪 2 [水]
4248,合成枪 2 [火]
4249,合成枪 2 [火]
4250,合成枪 2 [火]
4251,合成枪 2 [火]
4252,合成枪 2 [火]
4253,合成枪 2 [火]
4254,合成枪 2 [风]
4255,合成枪 2 [风]
4256,合成枪 2 [风]
4257,合成枪 2 [风]
4258,合成枪 2 [风]
4259,合成枪 2 [风]
4260,合成枪 3
4261,合成枪 3
4262,合成枪 3
4263,合成枪 3
4264,合成枪 3
4265,合成枪 3
4266,合成枪 3 [地]
4267,合成枪 3 [地]
4268,合成枪 3 [地]
4269,合成枪 3 [地]
4270,合成枪 3 [地]
4271,合成枪 3 [地]
4272,合成枪 3 [水]
4273,合成枪 3 [水]
4274,合成枪 3 [水]
4275,合成枪 3 [水]
4276,合成枪 3 [水]
4277,合成枪 3 [水]
4278,合成枪 3 [火]
4279,合成枪 3 [火]
4280,合成枪 3 [火]
4281,合成枪 3 [火]
4282,合成枪 3 [火]
4283,合成枪 3 [火]
4284,合成枪 3 [风]
4285,合成枪 3 [风]
4286,合成枪 3 [风]
4287,合成枪 3 [风]
4288,合成枪 3 [风]
4289,合成枪 3 [风]
4290,合成枪 4
4291,合成枪 4
4292,合成枪 4
4293,合成枪 4
4294,合成枪 4
4295,合成枪 4
4296,合成枪 4 [地]
4297,合成枪 4 [地]
4298,合成枪 4 [地]
4299,合成枪 4 [地]
4300,合成枪 4 [地]
4301,合成枪 4 [地]
4302,合成枪 4 [水]
4303,合成枪 4 [水]
4304,合成枪 4 [水]
4305,合成枪 4 [水]
4306,合成枪 4 [水]
4307,合成枪 4 [水]
4308,合成枪 4 [火]
4309,合成枪 4 [火]
4310,合成枪 4 [火]
4311,合成枪 4 [火]
4312,合成枪 4 [火]
4313,合成枪 4 [火]
4314,合成枪 4 [风]
4315,合成枪 4 [风]
4316,合成枪 4 [风]
4317,合成枪 4 [风]
4318,合成枪 4 [风]
4319,合成枪 4 [风]
4320,合成枪 5
4321,合成枪 5
4322,合成枪 5
4323,合成枪 5
4324,合成枪 5
4325,合成枪 5
4326,合成枪 5 [地]
4327,合成枪 5 [地]
4328,合成枪 5 [地]
4329,合成枪 5 [地]
4330,合成枪 5 [地]
4331,合成枪 5 [地]
4332,合成枪 5 [水]
4333,合成枪 5 [水]
4334,合成枪 5 [水]
4335,合成枪 5 [水]
4336,合成枪 5 [水]
4337,合成枪 5 [水]
4338,合成枪 5 [火]
4339,合成枪 5 [火]
4340,合成枪 5 [火]
4341,合成枪 5 [火]
4342,合成枪 5 [火]
4343,合成枪 5 [火]
4344,合成枪 5 [风]
4345,合成枪 5 [风]
4346,合成枪 5 [风]
4347,合成枪 5 [风]
4348,合成枪 5 [风]
4349,合成枪 5 [风]
4350,合成枪 6
4351,合成枪 6
4352,合成枪 6
4353,合成枪 6
4354,合成枪 6
4355,合成枪 6
4356,合成枪 6 [地]
4357,合成枪 6 [地]
4358,合成枪 6 [地]
4359,合成枪 6 [地]
4360,合成枪 6 [地]
4361,合成枪 6 [地]
4362,合成枪 6 [水]
4363,合成枪 6 [水]
4364,合成枪 6 [水]
4365,合成枪 6 [水]
4366,合成枪 6 [水]
4367,合成枪 6 [水]
4368,合成枪 6 [火]
4369,合成枪 6 [火]
4370,合成枪 6 [火]
4371,合成枪 6 [火]
4372,合成枪 6 [火]
4373,合成枪 6 [火]
4374,合成枪 6 [风]
4375,合成枪 6 [风]
4376,合成枪 6 [风]
4377,合成枪 6 [风]
4378,合成枪 6 [风]
4379,合成枪 6 [风]
4380,合成枪 7
4381,合成枪 7
4382,合成枪 7
4383,合成枪 7
4384,合成枪 7
4385,合成枪 7
4386,合成枪 7 [地]
4387,合成枪 7 [地]
4388,合成枪 7 [地]
4389,合成枪 7 [地]
4390,合成枪 7 [地]
4391,合成枪 7 [地]
4392,合成枪 7 [水]
4393,合成枪 7 [水]
4394,合成枪 7 [水]
4395,合成枪 7 [水]
4396,合成枪 7 [水]
4397,合成枪 7 [水]
4398,合成枪 7 [火]
4399,合成枪 7 [火]
4400,合成枪 7 [火]
4401,合成枪 7 [火]
4402,合成枪 7 [火]
4403,合成枪 7 [火]
4404,合成枪 7 [风]
4405,合成枪 7 [风]
4406,合成枪 7 [风]
4407,合成枪 7 [风]
4408,合成枪 7 [风]
4409,合成枪 7 [风]
4410,合成枪 8
4411,合成枪 8
4412,合成枪 8
4413,合成枪 8
4414,合成枪 8
4415,合成枪 8
4416,合成枪 8 [地]
4417,合成枪 8 [地]
4418,合成枪 8 [地]
4419,合成枪 8 [地]
4420,合成枪 8 [地]
4421,合成枪 8 [地]
4422,合成枪 8 [水]
4423,合成枪 8 [水]
4424,合成枪 8 [水]
4425,合成枪 8 [水]
4426,合成枪 8 [水]
4427,合成枪 8 [水]
4428,合成枪 8 [火]
4429,合成枪 8 [火]
4430,合成枪 8 [火]
4431,合成枪 8 [火]
4432,合成枪 8 [火]
4433,合成枪 8 [火]
4434,合成枪 8 [风]
4435,合成枪 8 [风]
4436,合成枪 8 [风]
4437,合成枪 8 [风]
4438,合成枪 8 [风]
4439,合成枪 8 [风]
4440,合成枪 9
4441,合成枪 9
4442,合成枪 9
4443,合成枪 9
4444,合成枪 9
4445,合成枪 9
4446,合成枪 9 [地]
4447,合成枪 9 [地]
4448,合成枪 9 [地]
4449,合成枪 9 [地]
4450,合成枪 9 [地]
4451,合成枪 9 [地]
4452,合成枪 9 [水]
4453,合成枪 9 [水]
4454,合成枪 9 [水]
4455,合成枪 9 [水]
4456,合成枪 9 [水]
4457,合成枪 9 [水]
4458,合成枪 9 [火]
4459,合成枪 9 [火]
4460,合成枪 9 [火]
4461,合成枪 9 [火]
4462,合成枪 9 [火]
4463,合成枪 9 [火]
4464,合成枪 9 [风]
4465,合成枪 9 [风]
4466,合成枪 9 [风]
4467,合成枪 9 [风]
4468,合成枪 9 [风]
4469,合成枪 9 [风]
4470,合成枪 10
4471,合成枪 10
4472,合成枪 10
4473,合成枪 10
4474,合成枪 10
4475,合成枪 10
4476,合成枪 10 [地]
4477,合成枪 10 [地]
4478,合成枪 10 [地]
4479,合成枪 10 [地]
4480,合成枪 10 [地]
4481,合成枪 10 [地]
4482,合成枪 10 [水]
4483,合成枪 10 [水]
4484,合成枪 10 [水]
4485,合成枪 10 [水]
4486,合成枪 10 [水]
4487,合成枪 10 [水]
4488,合成枪 10 [火]
4489,合成枪 10 [火]
4490,合成枪 10 [火]
4491,合成枪 10 [火]
4492,合成枪 10 [火]
4493,合成枪 10 [火]
4494,合成枪 10 [风]
4495,合成枪 10 [风]
4496,合成枪 10 [风]
4497,合成枪 10 [风]
4498,合成枪 10 [风]
4499,合成枪 10 [风]
4800,合成爪1
4801,合成爪1
4802,合成爪1
4803,合成爪1
4804,合成爪1
4805,合成爪1
4806,合成爪 1 [地]
4807,合成爪 1 [地]
4808,合成爪 1 [地]
4809,合成爪 1 [地]
4810,合成爪 1 [地]
4811,合成爪 1 [地]
4812,合成爪 1 [水]
4813,合成爪 1 [水]
4814,合成爪 1 [水]
4815,合成爪 1 [水]
4816,合成爪 1 [水]
4817,合成爪 1 [水]
4818,合成爪 1 [火]
4819,合成爪 1 [火]
4820,合成爪 1 [火]
4821,合成爪 1 [火]
4822,合成爪 1 [火]
4823,合成爪 1 [火]
4824,合成爪 1 [风]
4825,合成爪 1 [风]
4826,合成爪 1 [风]
4827,合成爪 1 [风]
4828,合成爪 1 [风]
4829,合成爪 1 [风]
4830,合成爪 2
4831,合成爪 2
4832,合成爪 2
4833,合成爪 2
4834,合成爪 2
4835,合成爪 2
4836,合成爪 2 [地]
4837,合成爪 2 [地]
4838,合成爪 2 [地]
4839,合成爪 2 [地]
4840,合成爪 2 [地]
4841,合成爪 2 [地]
4842,合成爪 2 [水]
4843,合成爪 2 [水]
4844,合成爪 2 [水]
4845,合成爪 2 [水]
4846,合成爪 2 [水]
4847,合成爪 2 [水]
4848,合成爪 2 [火]
4849,合成爪 2 [火]
4850,合成爪 2 [火]
4851,合成爪 2 [火]
4852,合成爪 2 [火]
4853,合成爪 2 [火]
4854,合成爪 2 [风]
4855,合成爪 2 [风]
4856,合成爪 2 [风]
4857,合成爪 2 [风]
4858,合成爪 2 [风]
4859,合成爪 2 [风]
4860,合成爪 3
4861,合成爪 3
4862,合成爪 3
4863,合成爪 3
4864,合成爪 3
4865,合成爪 3
4866,合成爪 3 [地]
4867,合成爪 3 [地]
4868,合成爪 3 [地]
4869,合成爪 3 [地]
4870,合成爪 3 [地]
4871,合成爪 3 [地]
4872,合成爪 3 [水]
4873,合成爪 3 [水]
4874,合成爪 3 [水]
4875,合成爪 3 [水]
4876,合成爪 3 [水]
4877,合成爪 3 [水]
4878,合成爪 3 [火]
4879,合成爪 3 [火]
4880,合成爪 3 [火]
4881,合成爪 3 [火]
4882,合成爪 3 [火]
4883,合成爪 3 [火]
4884,合成爪 3 [风]
4885,合成爪 3 [风]
4886,合成爪 3 [风]
4887,合成爪 3 [风]
4888,合成爪 3 [风]
4889,合成爪 3 [风]
4890,合成爪 4
4891,合成爪 4
4892,合成爪 4
4893,合成爪 4
4894,合成爪 4
4895,合成爪 4
4896,合成爪 4 [地]
4897,合成爪 4 [地]
4898,合成爪 4 [地]
4899,合成爪 4 [地]
4900,合成爪 4 [地]
4901,合成爪 4 [地]
4902,合成爪 4 [水]
4903,合成爪 4 [水]
4904,合成爪 4 [水]
4905,合成爪 4 [水]
4906,合成爪 4 [水]
4907,合成爪 4 [水]
4908,合成爪 4 [火]
4909,合成爪 4 [火]
4910,合成爪 4 [火]
4911,合成爪 4 [火]
4912,合成爪 4 [火]
4913,合成爪 4 [火]
4914,合成爪 4 [风]
4915,合成爪 4 [风]
4916,合成爪 4 [风]
4917,合成爪 4 [风]
4918,合成爪 4 [风]
4919,合成爪 4 [风]
4920,合成爪 5
4921,合成爪 5
4922,合成爪 5
4923,合成爪 5
4924,合成爪 5
4925,合成爪 5
4926,合成爪 5 [地]
4927,合成爪 5 [地]
4928,合成爪 5 [地]
4929,合成爪 5 [地]
4930,合成爪 5 [地]
4931,合成爪 5 [地]
4932,合成爪 5 [水]
4933,合成爪 5 [水]
4934,合成爪 5 [水]
4935,合成爪 5 [水]
4936,合成爪 5 [水]
4937,合成爪 5 [水]
4938,合成爪 5 [火]
4939,合成爪 5 [火]
4940,合成爪 5 [火]
4941,合成爪 5 [火]
4942,合成爪 5 [火]
4943,合成爪 5 [火]
4944,合成爪 5 [风]
4945,合成爪 5 [风]
4946,合成爪 5 [风]
4947,合成爪 5 [风]
4948,合成爪 5 [风]
4949,合成爪 5 [风]
4950,合成爪 6
4951,合成爪 6
4952,合成爪 6
4953,合成爪 6
4954,合成爪 6
4955,合成爪 6
4956,合成爪 6 [地]
4957,合成爪 6 [地]
4958,合成爪 6 [地]
4959,合成爪 6 [地]
4960,合成爪 6 [地]
4961,合成爪 6 [地]
4962,合成爪 6 [水]
4963,合成爪 6 [水]
4964,合成爪 6 [水]
4965,合成爪 6 [水]
4966,合成爪 6 [水]
4967,合成爪 6 [水]
4968,合成爪 6 [火]
4969,合成爪 6 [火]
4970,合成爪 6 [火]
4971,合成爪 6 [火]
4972,合成爪 6 [火]
4973,合成爪 6 [火]
4974,合成爪 6 [风]
4975,合成爪 6 [风]
4976,合成爪 6 [风]
4977,合成爪 6 [风]
4978,合成爪 6 [风]
4979,合成爪 6 [风]
4980,合成爪 7
4981,合成爪 7
4982,合成爪 7
4983,合成爪 7
4984,合成爪 7
4985,合成爪 7
4986,合成爪 7 [地]
4987,合成爪 7 [地]
4988,合成爪 7 [地]
4989,合成爪 7 [地]
4990,合成爪 7 [地]
4991,合成爪 7 [地]
4992,合成爪 7 [水]
4993,合成爪 7 [水]
4994,合成爪 7 [水]
4995,合成爪 7 [水]
4996,合成爪 7 [水]
4997,合成爪 7 [水]
4998,合成爪 7 [火]
4999,合成爪 7 [火]
5000,合成爪 7 [火]
5001,合成爪 7 [火]
5002,合成爪 7 [火]
5003,合成爪 7 [火]
5004,合成爪 7 [风]
5005,合成爪 7 [风]
5006,合成爪 7 [风]
5007,合成爪 7 [风]
5008,合成爪 7 [风]
5009,合成爪 7 [风]
5010,合成爪 8
5011,合成爪 8
5012,合成爪 8
5013,合成爪 8
5014,合成爪 8
5015,合成爪 8
5016,合成爪 8 [地]
5017,合成爪 8 [地]
5018,合成爪 8 [地]
5019,合成爪 8 [地]
5020,合成爪 8 [地]
5021,合成爪 8 [地]
5022,合成爪 8 [水]
5023,合成爪 8 [水]
5024,合成爪 8 [水]
5025,合成爪 8 [水]
5026,合成爪 8 [水]
5027,合成爪 8 [水]
5028,合成爪 8 [火]
5029,合成爪 8 [火]
5030,合成爪 8 [火]
5031,合成爪 8 [火]
5032,合成爪 8 [火]
5033,合成爪 8 [火]
5034,合成爪 8 [风]
5035,合成爪 8 [风]
5036,合成爪 8 [风]
5037,合成爪 8 [风]
5038,合成爪 8 [风]
5039,合成爪 8 [风]
5040,合成爪 9
5041,合成爪 9
5042,合成爪 9
5043,合成爪 9
5044,合成爪 9
5045,合成爪 9
5046,合成爪 9 [地]
5047,合成爪 9 [地]
5048,合成爪 9 [地]
5049,合成爪 9 [地]
5050,合成爪 9 [地]
5051,合成爪 9 [地]
5052,合成爪 9 [水]
5053,合成爪 9 [水]
5054,合成爪 9 [水]
5055,合成爪 9 [水]
5056,合成爪 9 [水]
5057,合成爪 9 [水]
5058,合成爪 9 [火]
5059,合成爪 9 [火]
5060,合成爪 9 [火]
5061,合成爪 9 [火]
5062,合成爪 9 [火]
5063,合成爪 9 [火]
5064,合成爪 9 [风]
5065,合成爪 9 [风]
5066,合成爪 9 [风]
5067,合成爪 9 [风]
5068,合成爪 9 [风]
5069,合成爪 9 [风]
5070,合成爪 10
5071,合成爪 10
5072,合成爪 10
5073,合成爪 10
5074,合成爪 10
5075,合成爪 10
5076,合成爪 10 [地]
5077,合成爪 10 [地]
5078,合成爪 10 [地]
5079,合成爪 10 [地]
5080,合成爪 10 [地]
5081,合成爪 10 [地]
5082,合成爪 10 [水]
5083,合成爪 10 [水]
5084,合成爪 10 [水]
5085,合成爪 10 [水]
5086,合成爪 10 [水]
5087,合成爪 10 [水]
5088,合成爪 10 [火]
5089,合成爪 10 [火]
5090,合成爪 10 [火]
5091,合成爪 10 [火]
5092,合成爪 10 [火]
5093,合成爪 10 [火]
5094,合成爪 10 [风]
5095,合成爪 10 [风]
5096,合成爪 10 [风]
5097,合成爪 10 [风]
5098,合成爪 10 [风]
5099,合成爪 10 [风]
5400,合成弓箭1
5401,合成弓箭1
5402,合成弓箭1
5403,合成弓箭1
5404,合成弓箭1
5405,合成弓箭1
5406,合成弓箭 1 [地]
5407,合成弓箭 1 [地]
5408,合成弓箭 1 [地]
5409,合成弓箭 1 [地]
5410,合成弓箭 1 [地]
5411,合成弓箭 1 [地]
5412,合成弓箭 1 [水]
5413,合成弓箭 1 [水]
5414,合成弓箭 1 [水]
5415,合成弓箭 1 [水]
5416,合成弓箭 1 [水]
5417,合成弓箭 1 [水]
5418,合成弓箭 1 [火]
5419,合成弓箭 1 [火]
5420,合成弓箭 1 [火]
5421,合成弓箭 1 [火]
5422,合成弓箭 1 [火]
5423,合成弓箭 1 [火]
5424,合成弓箭 1 [风]
5425,合成弓箭 1 [风]
5426,合成弓箭 1 [风]
5427,合成弓箭 1 [风]
5428,合成弓箭 1 [风]
5429,合成弓箭 1 [风]
5430,合成弓箭 2
5431,合成弓箭 2
5432,合成弓箭 2
5433,合成弓箭 2
5434,合成弓箭 2
5435,合成弓箭 2
5436,合成弓箭 2 [地]
5437,合成弓箭 2 [地]
5438,合成弓箭 2 [地]
5439,合成弓箭 2 [地]
5440,合成弓箭 2 [地]
5441,合成弓箭 2 [地]
5442,合成弓箭 2 [水]
5443,合成弓箭 2 [水]
5444,合成弓箭 2 [水]
5445,合成弓箭 2 [水]
5446,合成弓箭 2 [水]
5447,合成弓箭 2 [水]
5448,合成弓箭 2 [火]
5449,合成弓箭 2 [火]
5450,合成弓箭 2 [火]
5451,合成弓箭 2 [火]
5452,合成弓箭 2 [火]
5453,合成弓箭 2 [火]
5454,合成弓箭 2 [风]
5455,合成弓箭 2 [风]
5456,合成弓箭 2 [风]
5457,合成弓箭 2 [风]
5458,合成弓箭 2 [风]
5459,合成弓箭 2 [风]
5460,合成弓箭 3
5461,合成弓箭 3
5462,合成弓箭 3
5463,合成弓箭 3
5464,合成弓箭 3
5465,合成弓箭 3
5466,合成弓箭 3 [地]
5467,合成弓箭 3 [地]
5468,合成弓箭 3 [地]
5469,合成弓箭 3 [地]
5470,合成弓箭 3 [地]
5471,合成弓箭 3 [地]
5472,合成弓箭 3 [水]
5473,合成弓箭 3 [水]
5474,合成弓箭 3 [水]
5475,合成弓箭 3 [水]
5476,合成弓箭 3 [水]
5477,合成弓箭 3 [水]
5478,合成弓箭 3 [火]
5479,合成弓箭 3 [火]
5480,合成弓箭 3 [火]
5481,合成弓箭 3 [火]
5482,合成弓箭 3 [火]
5483,合成弓箭 3 [火]
5484,合成弓箭 3 [风]
5485,合成弓箭 3 [风]
5486,合成弓箭 3 [风]
5487,合成弓箭 3 [风]
5488,合成弓箭 3 [风]
5489,合成弓箭 3 [风]
5490,合成弓箭 4
5491,合成弓箭 4
5492,合成弓箭 4
5493,合成弓箭 4
5494,合成弓箭 4
5495,合成弓箭 4
5496,合成弓箭 4 [地]
5497,合成弓箭 4 [地]
5498,合成弓箭 4 [地]
5499,合成弓箭 4 [地]
5500,合成弓箭 4 [地]
5501,合成弓箭 4 [地]
5502,合成弓箭 4 [水]
5503,合成弓箭 4 [水]
5504,合成弓箭 4 [水]
5505,合成弓箭 4 [水]
5506,合成弓箭 4 [水]
5507,合成弓箭 4 [水]
5508,合成弓箭 4 [火]
5509,合成弓箭 4 [火]
5510,合成弓箭 4 [火]
5511,合成弓箭 4 [火]
5512,合成弓箭 4 [火]
5513,合成弓箭 4 [火]
5514,合成弓箭 4 [风]
5515,合成弓箭 4 [风]
5516,合成弓箭 4 [风]
5517,合成弓箭 4 [风]
5518,合成弓箭 4 [风]
5519,合成弓箭 4 [风]
5520,合成弓箭 5
5521,合成弓箭 5
5522,合成弓箭 5
5523,合成弓箭 5
5524,合成弓箭 5
5525,合成弓箭 5
5526,合成弓箭 5 [地]
5527,合成弓箭 5 [地]
5528,合成弓箭 5 [地]
5529,合成弓箭 5 [地]
5530,合成弓箭 5 [地]
5531,合成弓箭 5 [地]
5532,合成弓箭 5 [水]
5533,合成弓箭 5 [水]
5534,合成弓箭 5 [水]
5535,合成弓箭 5 [水]
5536,合成弓箭 5 [水]
5537,合成弓箭 5 [水]
5538,合成弓箭 5 [火]
5539,合成弓箭 5 [火]
5540,合成弓箭 5 [火]
5541,合成弓箭 5 [火]
5542,合成弓箭 5 [火]
5543,合成弓箭 5 [火]
5544,合成弓箭 5 [风]
5545,合成弓箭 5 [风]
5546,合成弓箭 5 [风]
5547,合成弓箭 5 [风]
5548,合成弓箭 5 [风]
5549,合成弓箭 5 [风]
5550,合成弓箭 6
5551,合成弓箭 6
5552,合成弓箭 6
5553,合成弓箭 6
5554,合成弓箭 6
5555,合成弓箭 6
5556,合成弓箭6 [地]
5557,合成弓箭6 [地]
5558,合成弓箭6 [地]
5559,合成弓箭6 [地]
5560,合成弓箭6 [地]
5561,合成弓箭6 [地]
5562,合成弓箭 6 [水]
5563,合成弓箭 6 [水]
5564,合成弓箭 6 [水]
5565,合成弓箭 6 [水]
5566,合成弓箭 6 [水]
5567,合成弓箭 6 [水]
5568,合成弓箭 6 [火]
5569,合成弓箭 6 [火]
5570,合成弓箭 6 [火]
5571,合成弓箭 6 [火]
5572,合成弓箭 6 [火]
5573,合成弓箭 6 [火]
5574,合成弓箭 6 [风]
5575,合成弓箭 6 [风]
5576,合成弓箭 6 [风]
5577,合成弓箭 6 [风]
5578,合成弓箭 6 [风]
5579,合成弓箭 6 [风]
5580,合成弓箭 7
5581,合成弓箭 7
5582,合成弓箭 7
5583,合成弓箭 7
5584,合成弓箭 7
5585,合成弓箭 7
5586,合成弓箭 7 [地]
5587,合成弓箭 7 [地]
5588,合成弓箭 7 [地]
5589,合成弓箭 7 [地]
5590,合成弓箭 7 [地]
5591,合成弓箭 7 [地]
5592,合成弓箭 7 [水]
5593,合成弓箭 7 [水]
5594,合成弓箭 7 [水]
5595,合成弓箭 7 [水]
5596,合成弓箭 7 [水]
5597,合成弓箭 7 [水]
5598,合成弓箭 7 [火]
5599,合成弓箭 7 [火]
5600,合成弓箭 7 [火]
5601,合成弓箭 7 [火]
5602,合成弓箭 7 [火]
5603,合成弓箭 7 [火]
5604,合成弓箭 7 [风]
5605,合成弓箭 7 [风]
5606,合成弓箭 7 [风]
5607,合成弓箭 7 [风]
5608,合成弓箭 7 [风]
5609,合成弓箭 7 [风]
5610,合成弓箭 8
5611,合成弓箭 8
5612,合成弓箭 8
5613,合成弓箭 8
5614,合成弓箭 8
5615,合成弓箭 8
5616,合成弓箭 8 [地]
5617,合成弓箭 8 [地]
5618,合成弓箭 8 [地]
5619,合成弓箭 8 [地]
5620,合成弓箭 8 [地]
5621,合成弓箭 8 [地]
5622,合成弓箭 8 [水]
5623,合成弓箭 8 [水]
5624,合成弓箭 8 [水]
5625,合成弓箭 8 [水]
5626,合成弓箭 8 [水]
5627,合成弓箭 8 [水]
5628,合成弓箭 8 [火]
5629,合成弓箭 8 [火]
5630,合成弓箭 8 [火]
5631,合成弓箭 8 [火]
5632,合成弓箭 8 [火]
5633,合成弓箭 8 [火]
5634,合成弓箭 8 [风]
5635,合成弓箭 8 [风]
5636,合成弓箭 8 [风]
5637,合成弓箭 8 [风]
5638,合成弓箭 8 [风]
5639,合成弓箭 8 [风]
5640,合成弓箭 9
5641,合成弓箭 9
5642,合成弓箭 9
5643,合成弓箭 9
5644,合成弓箭 9
5645,合成弓箭 9
5646,合成弓箭 9 [地]
5647,合成弓箭 9 [地]
5648,合成弓箭 9 [地]
5649,合成弓箭 9 [地]
5650,合成弓箭 9 [地]
5651,合成弓箭 9 [地]
5652,合成弓箭 9 [水]
5653,合成弓箭 9 [水]
5654,合成弓箭 9 [水]
5655,合成弓箭 9 [水]
5656,合成弓箭 9 [水]
5657,合成弓箭 9 [水]
5658,合成弓箭 9 [火]
5659,合成弓箭 9 [火]
5660,合成弓箭 9 [火]
5661,合成弓箭 9 [火]
5662,合成弓箭 9 [火]
5663,合成弓箭 9 [火]
5664,合成弓箭 9 [风]
5665,合成弓箭 9 [风]
5666,合成弓箭 9 [风]
5667,合成弓箭 9 [风]
5668,合成弓箭 9 [风]
5669,合成弓箭 9 [风]
5670,合成弓箭 10
5671,合成弓箭 10
5672,合成弓箭 10
5673,合成弓箭 10
5674,合成弓箭 10
5675,合成弓箭 10
5676,合成弓箭 10 [地]
5677,合成弓箭 10 [地]
5678,合成弓箭 10 [地]
5679,合成弓箭 10 [地]
5680,合成弓箭 10 [地]
5681,合成弓箭 10 [地]
5682,合成弓箭 10 [水]
5683,合成弓箭 10 [水]
5684,合成弓箭 10 [水]
5685,合成弓箭 10 [水]
5686,合成弓箭 10 [水]
5687,合成弓箭 10 [水]
5688,合成弓箭 10 [火]
5689,合成弓箭 10 [火]
5690,合成弓箭 10 [火]
5691,合成弓箭 10 [火]
5692,合成弓箭 10 [火]
5693,合成弓箭 10 [火]
5694,合成弓箭 10 [风]
5695,合成弓箭 10 [风]
5696,合成弓箭 10 [风]
5697,合成弓箭 10 [风]
5698,合成弓箭 10 [风]
5699,合成弓箭 10 [风]
6000,合成回旋标1
6001,合成回旋标1
6002,合成回旋标1
6003,合成回旋标1
6004,合成回旋标1
6005,合成回旋标1
6006,合成回旋标 1 [地]
6007,合成回旋标 1 [地]
6008,合成回旋标 1 [地]
6009,合成回旋标 1 [地]
6010,合成回旋标 1 [地]
6011,合成回旋标 1 [地]
6012,合成回旋标 1 [水]
6013,合成回旋标 1 [水]
6014,合成回旋标 1 [水]
6015,合成回旋标 1 [水]
6016,合成回旋标 1 [水]
6017,合成回旋标 1 [水]
6018,合成回旋标 1 [火]
6019,合成回旋标 1 [火]
6020,合成回旋标 1 [火]
6021,合成回旋标 1 [火]
6022,合成回旋标 1 [火]
6023,合成回旋标 1 [火]
6024,合成回旋标 1 [风]
6025,合成回旋标 1 [风]
6026,合成回旋标 1 [风]
6027,合成回旋标 1 [风]
6028,合成回旋标 1 [风]
6029,合成回旋标 1 [风]
6030,合成回旋标 2
6031,合成回旋标 2
6032,合成回旋标 2
6033,合成回旋标 2
6034,合成回旋标 2
6035,合成回旋标 2
6036,合成回旋标 2 [地]
6037,合成回旋标 2 [地]
6038,合成回旋标 2 [地]
6039,合成回旋标 2 [地]
6040,合成回旋标 2 [地]
6041,合成回旋标 2 [地]
6042,合成回旋标 2 [水]
6043,合成回旋标 2 [水]
6044,合成回旋标 2 [水]
6045,合成回旋标 2 [水]
6046,合成回旋标 2 [水]
6047,合成回旋标 2 [水]
6048,合成回旋标 2 [火]
6049,合成回旋标 2 [火]
6050,合成回旋标 2 [火]
6051,合成回旋标 2 [火]
6052,合成回旋标 2 [火]
6053,合成回旋标 2 [火]
6054,合成回旋标 2 [风]
6055,合成回旋标 2 [风]
6056,合成回旋标 2 [风]
6057,合成回旋标 2 [风]
6058,合成回旋标 2 [风]
6059,合成回旋标 2 [风]
6060,合成回旋标 3
6061,合成回旋标 3
6062,合成回旋标 3
6063,合成回旋标 3
6064,合成回旋标 3
6065,合成回旋标 3
6066,合成回旋标 3 [地]
6067,合成回旋标 3 [地]
6068,合成回旋标 3 [地]
6069,合成回旋标 3 [地]
6070,合成回旋标 3 [地]
6071,合成回旋标 3 [地]
6072,合成回旋标 3 [水]
6073,合成回旋标 3 [水]
6074,合成回旋标 3 [水]
6075,合成回旋标 3 [水]
6076,合成回旋标 3 [水]
6077,合成回旋标 3 [水]
6078,合成回旋标 3 [火]
6079,合成回旋标 3 [火]
6080,合成回旋标 3 [火]
6081,合成回旋标 3 [火]
6082,合成回旋标 3 [火]
6083,合成回旋标 3 [火]
6084,合成回旋标 3 [风]
6085,合成回旋标 3 [风]
6086,合成回旋标 3 [风]
6087,合成回旋标 3 [风]
6088,合成回旋标 3 [风]
6089,合成回旋标 3 [风]
6090,合成回旋标 4
6091,合成回旋标 4
6092,合成回旋标 4
6093,合成回旋标 4
6094,合成回旋标 4
6095,合成回旋标 4
6096,合成回旋标 4 [地]
6097,合成回旋标 4 [地]
6098,合成回旋标 4 [地]
6099,合成回旋标 4 [地]
6100,合成回旋标 4 [地]
6101,合成回旋标 4 [地]
6102,合成回旋标 4 [水]
6103,合成回旋标 4 [水]
6104,合成回旋标 4 [水]
6105,合成回旋标 4 [水]
6106,合成回旋标 4 [水]
6107,合成回旋标 4 [水]
6108,合成回旋标 4 [火]
6109,合成回旋标 4 [火]
6110,合成回旋标 4 [火]
6111,合成回旋标 4 [火]
6112,合成回旋标 4 [火]
6113,合成回旋标 4 [火]
6114,合成回旋标 4 [风]
6115,合成回旋标 4 [风]
6116,合成回旋标 4 [风]
6117,合成回旋标 4 [风]
6118,合成回旋标 4 [风]
6119,合成回旋标 4 [风]
6120,合成回旋标 5
6121,合成回旋标 5
6122,合成回旋标 5
6123,合成回旋标 5
6124,合成回旋标 5
6125,合成回旋标 5
6126,合成回旋标 5 [地]
6127,合成回旋标 5 [地]
6128,合成回旋标 5 [地]
6129,合成回旋标 5 [地]
6130,合成回旋标 5 [地]
6131,合成回旋标 5 [地]
6132,合成回旋标 5 [水]
6133,合成回旋标 5 [水]
6134,合成回旋标 5 [水]
6135,合成回旋标 5 [水]
6136,合成回旋标 5 [水]
6137,合成回旋标 5 [水]
6138,合成回旋标 5 [火]
6139,合成回旋标 5 [火]
6140,合成回旋标 5 [火]
6141,合成回旋标 5 [火]
6142,合成回旋标 5 [火]
6143,合成回旋标 5 [火]
6144,合成回旋标 5 [风]
6145,合成回旋标 5 [风]
6146,合成回旋标 5 [风]
6147,合成回旋标 5 [风]
6148,合成回旋标 5 [风]
6149,合成回旋标 5 [风]
6150,合成回旋标 6
6151,合成回旋标 6
6152,合成回旋标 6
6153,合成回旋标 6
6154,合成回旋标 6
6155,合成回旋标 6
6156,合成回旋标 6 [地]
6157,合成回旋标 6 [地]
6158,合成回旋标 6 [地]
6159,合成回旋标 6 [地]
6160,合成回旋标 6 [地]
6161,合成回旋标 6 [地]
6162,合成回旋标 6 [水]
6163,合成回旋标 6 [水]
6164,合成回旋标 6 [水]
6165,合成回旋标 6 [水]
6166,合成回旋标 6 [水]
6167,合成回旋标 6 [水]
6168,合成回旋标 6 [火]
6169,合成回旋标 6 [火]
6170,合成回旋标 6 [火]
6171,合成回旋标 6 [火]
6172,合成回旋标 6 [火]
6173,合成回旋标 6 [火]
6174,合成回旋标 6 [风]
6175,合成回旋标 6 [风]
6176,合成回旋标 6 [风]
6177,合成回旋标 6 [风]
6178,合成回旋标 6 [风]
6179,合成回旋标 6 [风]
6180,合成回旋标 7
6181,合成回旋标 7
6182,合成回旋标 7
6183,合成回旋标 7
6184,合成回旋标 7
6185,合成回旋标 7
6186,合成回旋标 7 [地]
6187,合成回旋标 7 [地]
6188,合成回旋标 7 [地]
6189,合成回旋标 7 [地]
6190,合成回旋标 7 [地]
6191,合成回旋标 7 [地]
6192,合成回旋标 7 [水]
6193,合成回旋标 7 [水]
6194,合成回旋标 7 [水]
6195,合成回旋标 7 [水]
6196,合成回旋标 7 [水]
6197,合成回旋标 7 [水]
6198,合成回旋标 7 [火]
6199,合成回旋标 7 [火]
6200,合成回旋标 7 [火]
6201,合成回旋标 7 [火]
6202,合成回旋标 7 [火]
6203,合成回旋标 7 [火]
6204,合成回旋标 7 [风]
6205,合成回旋标 7 [风]
6206,合成回旋标 7 [风]
6207,合成回旋标 7 [风]
6208,合成回旋标 7 [风]
6209,合成回旋标 7 [风]
6210,合成回旋标 8
6211,合成回旋标 8
6212,合成回旋标 8
6213,合成回旋标 8
6214,合成回旋标 8
6215,合成回旋标 8
6216,合成回旋标 8 [地]
6217,合成回旋标 8 [地]
6218,合成回旋标 8 [地]
6219,合成回旋标 8 [地]
6220,合成回旋标 8 [地]
6221,合成回旋标 8 [地]
6222,合成回旋标 8 [水]
6223,合成回旋标 8 [水]
6224,合成回旋标 8 [水]
6225,合成回旋标 8 [水]
6226,合成回旋标 8 [水]
6227,合成回旋标 8 [水]
6228,合成回旋标 8 [火]
6229,合成回旋标 8 [火]
6230,合成回旋标 8 [火]
6231,合成回旋标 8 [火]
6232,合成回旋标 8 [火]
6233,合成回旋标 8 [火]
6234,合成回旋标 8 [风]
6235,合成回旋标 8 [风]
6236,合成回旋标 8 [风]
6237,合成回旋标 8 [风]
6238,合成回旋标 8 [风]
6239,合成回旋标 8 [风]
6240,合成回旋标 9
6241,合成回旋标 9
6242,合成回旋标 9
6243,合成回旋标 9
6244,合成回旋标 9
6245,合成回旋标 9
6246,合成回旋标 9 [地]
6247,合成回旋标 9 [地]
6248,合成回旋标 9 [地]
6249,合成回旋标 9 [地]
6250,合成回旋标 9 [地]
6251,合成回旋标 9 [地]
6252,合成回旋标 9 [水]
6253,合成回旋标 9 [水]
6254,合成回旋标 9 [水]
6255,合成回旋标 9 [水]
6256,合成回旋标 9 [水]
6257,合成回旋标 9 [水]
6258,合成回旋标 9 [火]
6259,合成回旋标 9 [火]
6260,合成回旋标 9 [火]
6261,合成回旋标 9 [火]
6262,合成回旋标 9 [火]
6263,合成回旋标 9 [火]
6264,合成回旋标 9 [风]
6265,合成回旋标 9 [风]
6266,合成回旋标 9 [风]
6267,合成回旋标 9 [风]
6268,合成回旋标 9 [风]
6269,合成回旋标 9 [风]
6270,合成回旋标 10
6271,合成回旋标 10
6272,合成回旋标 10
6273,合成回旋标 10
6274,合成回旋标 10
6275,合成回旋标 10
6276,合成回旋标 10 [地]
6277,合成回旋标 10 [地]
6278,合成回旋标 10 [地]
6279,合成回旋标 10 [地]
6280,合成回旋标 10 [地]
6281,合成回旋标 10 [地]
6282,合成回旋标 10 [水]
6283,合成回旋标 10 [水]
6284,合成回旋标 10 [水]
6285,合成回旋标 10 [水]
6286,合成回旋标 10 [水]
6287,合成回旋标 10 [水]
6288,合成回旋标 10 [火]
6289,合成回旋标 10 [火]
6290,合成回旋标 10 [火]
6291,合成回旋标 10 [火]
6292,合成回旋标 10 [火]
6293,合成回旋标 10 [火]
6294,合成回旋标 10 [风]
6295,合成回旋标 10 [风]
6296,合成回旋标 10 [风]
6297,合成回旋标 10 [风]
6298,合成回旋标 10 [风]
6299,合成回旋标 10 [风]
6600,合成投掷斧头1
6601,合成投掷斧头1
6602,合成投掷斧头1
6603,合成投掷斧头1
6604,合成投掷斧头1
6605,合成投掷斧头1
6606,合成投掷斧头 1 [地]
6607,合成投掷斧头 1 [地]
6608,合成投掷斧头 1 [地]
6609,合成投掷斧头 1 [地]
6610,合成投掷斧头 1 [地]
6611,合成投掷斧头 1 [地]
6612,合成投掷斧头 1 [水]
6613,合成投掷斧头 1 [水]
6614,合成投掷斧头 1 [水]
6615,合成投掷斧头 1 [水]
6616,合成投掷斧头 1 [水]
6617,合成投掷斧头 1 [水]
6618,合成投掷斧头 1 [火]
6619,合成投掷斧头 1 [火]
6620,合成投掷斧头 1 [火]
6621,合成投掷斧头 1 [火]
6622,合成投掷斧头 1 [火]
6623,合成投掷斧头 1 [火]
6624,合成投掷斧头 1 [风]
6625,合成投掷斧头 1 [风]
6626,合成投掷斧头 1 [风]
6627,合成投掷斧头 1 [风]
6628,合成投掷斧头 1 [风]
6629,合成投掷斧头 1 [风]
6630,合成投掷斧头 2
6631,合成投掷斧头 2
6632,合成投掷斧头 2
6633,合成投掷斧头 2
6634,合成投掷斧头 2
6635,合成投掷斧头 2
6636,合成投掷斧头 2 [地]
6637,合成投掷斧头 2 [地]
6638,合成投掷斧头 2 [地]
6639,合成投掷斧头 2 [地]
6640,合成投掷斧头 2 [地]
6641,合成投掷斧头 2 [地]
6642,合成投掷斧头 2 [水]
6643,合成投掷斧头 2 [水]
6644,合成投掷斧头 2 [水]
6645,合成投掷斧头 2 [水]
6646,合成投掷斧头 2 [水]
6647,合成投掷斧头 2 [水]
6648,合成投掷斧头 2 [火]
6649,合成投掷斧头 2 [火]
6650,合成投掷斧头 2 [火]
6651,合成投掷斧头 2 [火]
6652,合成投掷斧头 2 [火]
6653,合成投掷斧头 2 [火]
6654,合成投掷斧头 2 [风]
6655,合成投掷斧头 2 [风]
6656,合成投掷斧头 2 [风]
6657,合成投掷斧头 2 [风]
6658,合成投掷斧头 2 [风]
6659,合成投掷斧头 2 [风]
6660,合成投掷斧头 3
6661,合成投掷斧头 3
6662,合成投掷斧头 3
6663,合成投掷斧头 3
6664,合成投掷斧头 3
6665,合成投掷斧头 3
6666,合成投掷斧头 3 [地]
6667,合成投掷斧头 3 [地]
6668,合成投掷斧头 3 [地]
6669,合成投掷斧头 3 [地]
6670,合成投掷斧头 3 [地]
6671,合成投掷斧头 3 [地]
6672,合成投掷斧头 3 [水]
6673,合成投掷斧头 3 [水]
6674,合成投掷斧头 3 [水]
6675,合成投掷斧头 3 [水]
6676,合成投掷斧头 3 [水]
6677,合成投掷斧头 3 [水]
6678,合成投掷斧头 3 [火]
6679,合成投掷斧头 3 [火]
6680,合成投掷斧头 3 [火]
6681,合成投掷斧头 3 [火]
6682,合成投掷斧头 3 [火]
6683,合成投掷斧头 3 [火]
6684,合成投掷斧头 3 [风]
6685,合成投掷斧头 3 [风]
6686,合成投掷斧头 3 [风]
6687,合成投掷斧头 3 [风]
6688,合成投掷斧头 3 [风]
6689,合成投掷斧头 3 [风]
6690,合成投掷斧头 4
6691,合成投掷斧头 4
6692,合成投掷斧头 4
6693,合成投掷斧头 4
6694,合成投掷斧头 4
6695,合成投掷斧头 4
6696,合成投掷斧头 4 [地]
6697,合成投掷斧头 4 [地]
6698,合成投掷斧头 4 [地]
6699,合成投掷斧头 4 [地]
6700,合成投掷斧头 4 [地]
6701,合成投掷斧头 4 [地]
6702,合成投掷斧头 4 [水]
6703,合成投掷斧头 4 [水]
6704,合成投掷斧头 4 [水]
6705,合成投掷斧头 4 [水]
6706,合成投掷斧头 4 [水]
6707,合成投掷斧头 4 [水]
6708,合成投掷斧头 4 [火]
6709,合成投掷斧头 4 [火]
6710,合成投掷斧头 4 [火]
6711,合成投掷斧头 4 [火]
6712,合成投掷斧头 4 [火]
6713,合成投掷斧头 4 [火]
6714,合成投掷斧头 4 [风]
6715,合成投掷斧头 4 [风]
6716,合成投掷斧头 4 [风]
6717,合成投掷斧头 4 [风]
6718,合成投掷斧头 4 [风]
6719,合成投掷斧头 4 [风]
6720,合成投掷斧头 5
6721,合成投掷斧头 5
6722,合成投掷斧头 5
6723,合成投掷斧头 5
6724,合成投掷斧头 5
6725,合成投掷斧头 5
6726,合成投掷斧头 5 [地]
6727,合成投掷斧头 5 [地]
6728,合成投掷斧头 5 [地]
6729,合成投掷斧头 5 [地]
6730,合成投掷斧头 5 [地]
6731,合成投掷斧头 5 [地]
6732,合成投掷斧头 5 [水]
6733,合成投掷斧头 5 [水]
6734,合成投掷斧头 5 [水]
6735,合成投掷斧头 5 [水]
6736,合成投掷斧头 5 [水]
6737,合成投掷斧头 5 [水]
6738,合成投掷斧头 5 [火]
6739,合成投掷斧头 5 [火]
6740,合成投掷斧头 5 [火]
6741,合成投掷斧头 5 [火]
6742,合成投掷斧头 5 [火]
6743,合成投掷斧头 5 [火]
6744,合成投掷斧头 5 [风]
6745,合成投掷斧头 5 [风]
6746,合成投掷斧头 5 [风]
6747,合成投掷斧头 5 [风]
6748,合成投掷斧头 5 [风]
6749,合成投掷斧头 5 [风]
6750,合成投掷斧头 6
6751,合成投掷斧头 6
6752,合成投掷斧头 6
6753,合成投掷斧头 6
6754,合成投掷斧头 6
6755,合成投掷斧头 6
6756,合成投掷斧头 6 [地]
6757,合成投掷斧头 6 [地]
6758,合成投掷斧头 6 [地]
6759,合成投掷斧头 6 [地]
6760,合成投掷斧头 6 [地]
6761,合成投掷斧头 6 [地]
6762,合成投掷斧头 6 [水]
6763,合成投掷斧头 6 [水]
6764,合成投掷斧头 6 [水]
6765,合成投掷斧头 6 [水]
6766,合成投掷斧头 6 [水]
6767,合成投掷斧头 6 [水]
6768,合成投掷斧头 6 [火]
6769,合成投掷斧头 6 [火]
6770,合成投掷斧头 6 [火]
6771,合成投掷斧头 6 [火]
6772,合成投掷斧头 6 [火]
6773,合成投掷斧头 6 [火]
6774,合成投掷斧头 6 [风]
6775,合成投掷斧头 6 [风]
6776,合成投掷斧头 6 [风]
6777,合成投掷斧头 6 [风]
6778,合成投掷斧头 6 [风]
6779,合成投掷斧头 6 [风]
6780,合成投掷斧头 7
6781,合成投掷斧头 7
6782,合成投掷斧头 7
6783,合成投掷斧头 7
6784,合成投掷斧头 7
6785,合成投掷斧头 7
6786,合成投掷斧头 7 [地]
6787,合成投掷斧头 7 [地]
6788,合成投掷斧头 7 [地]
6789,合成投掷斧头 7 [地]
6790,合成投掷斧头 7 [地]
6791,合成投掷斧头 7 [地]
6792,合成投掷斧头 7 [水]
6793,合成投掷斧头 7 [水]
6794,合成投掷斧头 7 [水]
6795,合成投掷斧头 7 [水]
6796,合成投掷斧头 7 [水]
6797,合成投掷斧头 7 [水]
6798,合成投掷斧头 7 [火]
6799,合成投掷斧头 7 [火]
6800,合成投掷斧头 7 [火]
6801,合成投掷斧头 7 [火]
6802,合成投掷斧头 7 [火]
6803,合成投掷斧头 7 [火]
6804,合成投掷斧头 7 [风]
6805,合成投掷斧头 7 [风]
6806,合成投掷斧头 7 [风]
6807,合成投掷斧头 7 [风]
6808,合成投掷斧头 7 [风]
6809,合成投掷斧头 7 [风]
6810,合成投掷斧头 8
6811,合成投掷斧头 8
6812,合成投掷斧头 8
6813,合成投掷斧头 8
6814,合成投掷斧头 8
6815,合成投掷斧头 8
6816,合成投掷斧头 8 [地]
6817,合成投掷斧头 8 [地]
6818,合成投掷斧头 8 [地]
6819,合成投掷斧头 8 [地]
6820,合成投掷斧头 8 [地]
6821,合成投掷斧头 8 [地]
6822,合成投掷斧头 8 [水]
6823,合成投掷斧头 8 [水]
6824,合成投掷斧头 8 [水]
6825,合成投掷斧头 8 [水]
6826,合成投掷斧头 8 [水]
6827,合成投掷斧头 8 [水]
6828,合成投掷斧头 8 [火]
6829,合成投掷斧头 8 [火]
6830,合成投掷斧头 8 [火]
6831,合成投掷斧头 8 [火]
6832,合成投掷斧头 8 [火]
6833,合成投掷斧头 8 [火]
6834,合成投掷斧头 8 [风]
6835,合成投掷斧头 8 [风]
6836,合成投掷斧头 8 [风]
6837,合成投掷斧头 8 [风]
6838,合成投掷斧头 8 [风]
6839,合成投掷斧头 8 [风]
6840,合成投掷斧头 9
6841,合成投掷斧头 9
6842,合成投掷斧头 9
6843,合成投掷斧头 9
6844,合成投掷斧头 9
6845,合成投掷斧头 9
6846,合成投掷斧头 9 [地]
6847,合成投掷斧头 9 [地]
6848,合成投掷斧头 9 [地]
6849,合成投掷斧头 9 [地]
6850,合成投掷斧头 9 [地]
6851,合成投掷斧头 9 [地]
6852,合成投掷斧头 9 [水]
6853,合成投掷斧头 9 [水]
6854,合成投掷斧头 9 [水]
6855,合成投掷斧头 9 [水]
6856,合成投掷斧头 9 [水]
6857,合成投掷斧头 9 [水]
6858,合成投掷斧头 9 [火]
6859,合成投掷斧头 9 [火]
6860,合成投掷斧头 9 [火]
6861,合成投掷斧头 9 [火]
6862,合成投掷斧头 9 [火]
6863,合成投掷斧头 9 [火]
6864,合成投掷斧头 9 [风]
6865,合成投掷斧头 9 [风]
6866,合成投掷斧头 9 [风]
6867,合成投掷斧头 9 [风]
6868,合成投掷斧头 9 [风]
6869,合成投掷斧头 9 [风]
6870,合成投掷斧头 10
6871,合成投掷斧头 10
6872,合成投掷斧头 10
6873,合成投掷斧头 10
6874,合成投掷斧头 10
6875,合成投掷斧头 10
6876,合成投掷斧头 10 [地]
6877,合成投掷斧头 10 [地]
6878,合成投掷斧头 10 [地]
6879,合成投掷斧头 10 [地]
6880,合成投掷斧头 10 [地]
6881,合成投掷斧头 10 [地]
6882,合成投掷斧头 10 [水]
6883,合成投掷斧头 10 [水]
6884,合成投掷斧头 10 [水]
6885,合成投掷斧头 10 [水]
6886,合成投掷斧头 10 [水]
6887,合成投掷斧头 10 [水]
6888,合成投掷斧头 10 [火]
6889,合成投掷斧头 10 [火]
6890,合成投掷斧头 10 [火]
6891,合成投掷斧头 10 [火]
6892,合成投掷斧头 10 [火]
6893,合成投掷斧头 10 [火]
6894,合成投掷斧头 10 [风]
6895,合成投掷斧头 10 [风]
6896,合成投掷斧头 10 [风]
6897,合成投掷斧头 10 [风]
6898,合成投掷斧头 10 [风]
6899,合成投掷斧头 10 [风]
7200,合成石1
7201,合成石1
7202,合成石1
7203,合成石1
7204,合成石1
7205,合成石1
7206,合成石 1 [地]
7207,合成石 1 [地]
7208,合成石 1 [地]
7209,合成石 1 [地]
7210,合成石 1 [地]
7211,合成石 1 [地]
7212,合成石 1 [水]
7213,合成石 1 [水]
7214,合成石 1 [水]
7215,合成石 1 [水]
7216,合成石 1 [水]
7217,合成石 1 [水]
7218,合成石 1 [火]
7219,合成石 1 [火]
7220,合成石 1 [火]
7221,合成石 1 [火]
7222,合成石 1 [火]
7223,合成石 1 [火]
7224,合成石 1 [风]
7225,合成石 1 [风]
7226,合成石 1 [风]
7227,合成石 1 [风]
7228,合成石 1 [风]
7229,合成石 1 [风]
7230,合成石 2
7231,合成石 2
7232,合成石 2
7233,合成石 2
7234,合成石 2
7235,合成石 2
7236,合成石 2 [地]
7237,合成石 2 [地]
7238,合成石 2 [地]
7239,合成石 2 [地]
7240,合成石 2 [地]
7241,合成石 2 [地]
7242,合成石 2 [水]
7243,合成石 2 [水]
7244,合成石 2 [水]
7245,合成石 2 [水]
7246,合成石 2 [水]
7247,合成石 2 [水]
7248,合成石 2 [火]
7249,合成石 2 [火]
7250,合成石 2 [火]
7251,合成石 2 [火]
7252,合成石 2 [火]
7253,合成石 2 [火]
7254,合成石 2 [风]
7255,合成石 2 [风]
7256,合成石 2 [风]
7257,合成石 2 [风]
7258,合成石 2 [风]
7259,合成石 2 [风]
7260,合成石 3
7261,合成石 3
7262,合成石 3
7263,合成石 3
7264,合成石 3
7265,合成石 3
7266,合成石 3 [地]
7267,合成石 3 [地]
7268,合成石 3 [地]
7269,合成石 3 [地]
7270,合成石 3 [地]
7271,合成石 3 [地]
7272,合成石 3 [水]
7273,合成石 3 [水]
7274,合成石 3 [水]
7275,合成石 3 [水]
7276,合成石 3 [水]
7277,合成石 3 [水]
7278,合成石 3 [火]
7279,合成石 3 [火]
7280,合成石 3 [火]
7281,合成石 3 [火]
7282,合成石 3 [火]
7283,合成石 3 [火]
7284,合成石 3 [风]
7285,合成石 3 [风]
7286,合成石 3 [风]
7287,合成石 3 [风]
7288,合成石 3 [风]
7289,合成石 3 [风]
7290,合成石 4
7291,合成石 4
7292,合成石 4
7293,合成石 4
7294,合成石 4
7295,合成石 4
7296,合成石 4 [地]
7297,合成石 4 [地]
7298,合成石 4 [地]
7299,合成石 4 [地]
7300,合成石 4 [地]
7301,合成石 4 [地]
7302,合成石 4 [水]
7303,合成石 4 [水]
7304,合成石 4 [水]
7305,合成石 4 [水]
7306,合成石 4 [水]
7307,合成石 4 [水]
7308,合成石 4 [火]
7309,合成石 4 [火]
7310,合成石 4 [火]
7311,合成石 4 [火]
7312,合成石 4 [火]
7313,合成石 4 [火]
7314,合成石 4 [风]
7315,合成石 4 [风]
7316,合成石 4 [风]
7317,合成石 4 [风]
7318,合成石 4 [风]
7319,合成石 4 [风]
7320,合成石 5
7321,合成石 5
7322,合成石 5
7323,合成石 5
7324,合成石 5
7325,合成石 5
7326,合成石 5 [地]
7327,合成石 5 [地]
7328,合成石 5 [地]
7329,合成石 5 [地]
7330,合成石 5 [地]
7331,合成石 5 [地]
7332,合成石 5 [水]
7333,合成石 5 [水]
7334,合成石 5 [水]
7335,合成石 5 [水]
7336,合成石 5 [水]
7337,合成石 5 [水]
7338,合成石 5 [火]
7339,合成石 5 [火]
7340,合成石 5 [火]
7341,合成石 5 [火]
7342,合成石 5 [火]
7343,合成石 5 [火]
7344,合成石 5 [风]
7345,合成石 5 [风]
7346,合成石 5 [风]
7347,合成石 5 [风]
7348,合成石 5 [风]
7349,合成石 5 [风]
7350,合成石 6
7351,合成石 6
7352,合成石 6
7353,合成石 6
7354,合成石 6
7355,合成石 6
7356,合成石 6 [地]
7357,合成石 6 [地]
7358,合成石 6 [地]
7359,合成石 6 [地]
7360,合成石 6 [地]
7361,合成石 6 [地]
7362,合成石 6 [水]
7363,合成石 6 [水]
7364,合成石 6 [水]
7365,合成石 6 [水]
7366,合成石 6 [水]
7367,合成石 6 [水]
7368,合成石 6 [火]
7369,合成石 6 [火]
7370,合成石 6 [火]
7371,合成石 6 [火]
7372,合成石 6 [火]
7373,合成石 6 [火]
7374,合成石 6 [风]
7375,合成石 6 [风]
7376,合成石 6 [风]
7377,合成石 6 [风]
7378,合成石 6 [风]
7379,合成石 6 [风]
7380,合成石 7
7381,合成石 7
7382,合成石 7
7383,合成石 7
7384,合成石 7
7385,合成石 7
7386,合成石 7 [地]
7387,合成石 7 [地]
7388,合成石 7 [地]
7389,合成石 7 [地]
7390,合成石 7 [地]
7391,合成石 7 [地]
7392,合成石 7 [水]
7393,合成石 7 [水]
7394,合成石 7 [水]
7395,合成石 7 [水]
7396,合成石 7 [水]
7397,合成石 7 [水]
7398,合成石 7 [火]
7399,合成石 7 [火]
7400,合成石 7 [火]
7401,合成石 7 [火]
7402,合成石 7 [火]
7403,合成石 7 [火]
7404,合成石 7 [风]
7405,合成石 7 [风]
7406,合成石 7 [风]
7407,合成石 7 [风]
7408,合成石 7 [风]
7409,合成石 7 [风]
7410,合成石 8
7411,合成石 8
7412,合成石 8
7413,合成石 8
7414,合成石 8
7415,合成石 8
7416,合成石 8 [地]
7417,合成石 8 [地]
7418,合成石 8 [地]
7419,合成石 8 [地]
7420,合成石 8 [地]
7421,合成石 8 [地]
7422,合成石 8 [水]
7423,合成石 8 [水]
7424,合成石 8 [水]
7425,合成石 8 [水]
7426,合成石 8 [水]
7427,合成石 8 [水]
7428,合成石 8 [火]
7429,合成石 8 [火]
7430,合成石 8 [火]
7431,合成石 8 [火]
7432,合成石 8 [火]
7433,合成石 8 [火]
7434,合成石 8 [风]
7435,合成石 8 [风]
7436,合成石 8 [风]
7437,合成石 8 [风]
7438,合成石 8 [风]
7439,合成石 8 [风]
7440,合成石 9
7441,合成石 9
7442,合成石 9
7443,合成石 9
7444,合成石 9
7445,合成石 9
7446,合成石 9 [地]
7447,合成石 9 [地]
7448,合成石 9 [地]
7449,合成石 9 [地]
7450,合成石 9 [地]
7451,合成石 9 [地]
7452,合成石 9 [水]
7453,合成石 9 [水]
7454,合成石 9 [水]
7455,合成石 9 [水]
7456,合成石 9 [水]
7457,合成石 9 [水]
7458,合成石 9 [火]
7459,合成石 9 [火]
7460,合成石 9 [火]
7461,合成石 9 [火]
7462,合成石 9 [火]
7463,合成石 9 [火]
7464,合成石 9 [风]
7465,合成石 9 [风]
7466,合成石 9 [风]
7467,合成石 9 [风]
7468,合成石 9 [风]
7469,合成石 9 [风]
7470,合成石 10
7471,合成石 10
7472,合成石 10
7473,合成石 10
7474,合成石 10
7475,合成石 10
7476,合成石 10 [地]
7477,合成石 10 [地]
7478,合成石 10 [地]
7479,合成石 10 [地]
7480,合成石 10 [地]
7481,合成石 10 [地]
7482,合成石 10 [水]
7483,合成石 10 [水]
7484,合成石 10 [水]
7485,合成石 10 [水]
7486,合成石 10 [水]
7487,合成石 10 [水]
7488,合成石 10 [火]
7489,合成石 10 [火]
7490,合成石 10 [火]
7491,合成石 10 [火]
7492,合成石 10 [火]
7493,合成石 10 [火]
7494,合成石 10 [风]
7495,合成石 10 [风]
7496,合成石 10 [风]
7497,合成石 10 [风]
7498,合成石 10 [风]
7499,合成石 10 [风]
7800,合成兜 1
7801,合成兜 1
7802,合成兜 1
7803,合成兜 1
7804,合成兜 1
7805,合成兜 1
7806,合成兜 1 [地]
7807,合成兜 1 [地]
7808,合成兜 1 [地]
7809,合成兜 1 [地]
7810,合成兜 1 [地]
7811,合成兜 1 [地]
7812,合成兜 1 [水]
7813,合成兜 1 [水]
7814,合成兜 1 [水]
7815,合成兜 1 [水]
7816,合成兜 1 [水]
7817,合成兜 1 [水]
7818,合成兜 1 [火]
7819,合成兜 1 [火]
7820,合成兜 1 [火]
7821,合成兜 1 [火]
7822,合成兜 1 [火]
7823,合成兜 1 [火]
7824,合成兜 1 [风]
7825,合成兜 1 [风]
7826,合成兜 1 [风]
7827,合成兜 1 [风]
7828,合成兜 1 [风]
7829,合成兜 1 [风]
7830,合成兜 2
7831,合成兜 2
7832,合成兜 2
7833,合成兜 2
7834,合成兜 2
7835,合成兜 2
7836,合成兜 2 [地]
7837,合成兜 2 [地]
7838,合成兜 2 [地]
7839,合成兜 2 [地]
7840,合成兜 2 [地]
7841,合成兜 2 [地]
7842,合成兜 2 [水]
7843,合成兜 2 [水]
7844,合成兜 2 [水]
7845,合成兜 2 [水]
7846,合成兜 2 [水]
7847,合成兜 2 [水]
7848,合成兜 2 [火]
7849,合成兜 2 [火]
7850,合成兜 2 [火]
7851,合成兜 2 [火]
7852,合成兜 2 [火]
7853,合成兜 2 [火]
7854,合成兜 2 [风]
7855,合成兜 2 [风]
7856,合成兜 2 [风]
7857,合成兜 2 [风]
7858,合成兜 2 [风]
7859,合成兜 2 [风]
7860,合成兜 3
7861,合成兜 3
7862,合成兜 3
7863,合成兜 3
7864,合成兜 3
7865,合成兜 3
7866,合成兜 3 [地]
7867,合成兜 3 [地]
7868,合成兜 3 [地]
7869,合成兜 3 [地]
7870,合成兜 3 [地]
7871,合成兜 3 [地]
7872,合成兜 3 [水]
7873,合成兜 3 [水]
7874,合成兜 3 [水]
7875,合成兜 3 [水]
7876,合成兜 3 [水]
7877,合成兜 3 [水]
7878,合成兜 3 [火]
7879,合成兜 3 [火]
7880,合成兜 3 [火]
7881,合成兜 3 [火]
7882,合成兜 3 [火]
7883,合成兜 3 [火]
7884,合成兜 3 [风]
7885,合成兜 3 [风]
7886,合成兜 3 [风]
7887,合成兜 3 [风]
7888,合成兜 3 [风]
7889,合成兜 3 [风]
7890,合成兜 4
7891,合成兜 4
7892,合成兜 4
7893,合成兜 4
7894,合成兜 4
7895,合成兜 4
7896,合成兜 4 [地]
7897,合成兜 4 [地]
7898,合成兜 4 [地]
7899,合成兜 4 [地]
7900,合成兜 4 [地]
7901,合成兜 4 [地]
7902,合成兜 4 [水]
7903,合成兜 4 [水]
7904,合成兜 4 [水]
7905,合成兜 4 [水]
7906,合成兜 4 [水]
7907,合成兜 4 [水]
7908,合成兜 4 [火]
7909,合成兜 4 [火]
7910,合成兜 4 [火]
7911,合成兜 4 [火]
7912,合成兜 4 [火]
7913,合成兜 4 [火]
7914,合成兜 4 [风]
7915,合成兜 4 [风]
7916,合成兜 4 [风]
7917,合成兜 4 [风]
7918,合成兜 4 [风]
7919,合成兜 4 [风]
7920,合成兜 5
7921,合成兜 5
7922,合成兜 5
7923,合成兜 5
7924,合成兜 5
7925,合成兜 5
7926,合成兜 5 [地]
7927,合成兜 5 [地]
7928,合成兜 5 [地]
7929,合成兜 5 [地]
7930,合成兜 5 [地]
7931,合成兜 5 [地]
7932,合成兜 5 [水]
7933,合成兜 5 [水]
7934,合成兜 5 [水]
7935,合成兜 5 [水]
7936,合成兜 5 [水]
7937,合成兜 5 [水]
7938,合成兜 5 [火]
7939,合成兜 5 [火]
7940,合成兜 5 [火]
7941,合成兜 5 [火]
7942,合成兜 5 [火]
7943,合成兜 5 [火]
7944,合成兜 5 [风]
7945,合成兜 5 [风]
7946,合成兜 5 [风]
7947,合成兜 5 [风]
7948,合成兜 5 [风]
7949,合成兜 5 [风]
7950,合成兜 6
7951,合成兜 6
7952,合成兜 6
7953,合成兜 6
7954,合成兜 6
7955,合成兜 6
7956,合成兜 6 [地]
7957,合成兜 6 [地]
7958,合成兜 6 [地]
7959,合成兜 6 [地]
7960,合成兜 6 [地]
7961,合成兜 6 [地]
7962,合成兜 6 [水]
7963,合成兜 6 [水]
7964,合成兜 6 [水]
7965,合成兜 6 [水]
7966,合成兜 6 [水]
7967,合成兜 6 [水]
7968,合成兜 6 [火]
7969,合成兜 6 [火]
7970,合成兜 6 [火]
7971,合成兜 6 [火]
7972,合成兜 6 [火]
7973,合成兜 6 [火]
7974,合成兜 6 [风]
7975,合成兜 6 [风]
7976,合成兜 6 [风]
7977,合成兜 6 [风]
7978,合成兜 6 [风]
7979,合成兜 6 [风]
7980,合成兜 7
7981,合成兜 7
7982,合成兜 7
7983,合成兜 7
7984,合成兜 7
7985,合成兜 7
7986,合成兜 7 [地]
7987,合成兜 7 [地]
7988,合成兜 7 [地]
7989,合成兜 7 [地]
7990,合成兜 7 [地]
7991,合成兜 7 [地]
7992,合成兜 7 [水]
7993,合成兜 7 [水]
7994,合成兜 7 [水]
7995,合成兜 7 [水]
7996,合成兜 7 [水]
7997,合成兜 7 [水]
7998,合成兜 7 [火]
7999,合成兜 7 [火]
8000,合成兜 7 [火]
8001,合成兜 7 [火]
8002,合成兜 7 [火]
8003,合成兜 7 [火]
8004,合成兜 7 [风]
8005,合成兜 7 [风]
8006,合成兜 7 [风]
8007,合成兜 7 [风]
8008,合成兜 7 [风]
8009,合成兜 7 [风]
8010,合成兜 8
8011,合成兜 8
8012,合成兜 8
8013,合成兜 8
8014,合成兜 8
8015,合成兜 8
8016,合成兜 8 [地]
8017,合成兜 8 [地]
8018,合成兜 8 [地]
8019,合成兜 8 [地]
8020,合成兜 8 [地]
8021,合成兜 8 [地]
8022,合成兜 8 [水]
8023,合成兜 8 [水]
8024,合成兜 8 [水]
8025,合成兜 8 [水]
8026,合成兜 8 [水]
8027,合成兜 8 [水]
8028,合成兜 8 [火]
8029,合成兜 8 [火]
8030,合成兜 8 [火]
8031,合成兜 8 [火]
8032,合成兜 8 [火]
8033,合成兜 8 [火]
8034,合成兜 8 [风]
8035,合成兜 8 [风]
8036,合成兜 8 [风]
8037,合成兜 8 [风]
8038,合成兜 8 [风]
8039,合成兜 8 [风]
8040,合成兜 9
8041,合成兜 9
8042,合成兜 9
8043,合成兜 9
8044,合成兜 9
8045,合成兜 9
8046,合成兜 9 [地]
8047,合成兜 9 [地]
8048,合成兜 9 [地]
8049,合成兜 9 [地]
8050,合成兜 9 [地]
8051,合成兜 9 [地]
8052,合成兜 9 [水]
8053,合成兜 9 [水]
8054,合成兜 9 [水]
8055,合成兜 9 [水]
8056,合成兜 9 [水]
8057,合成兜 9 [水]
8058,合成兜 9 [火]
8059,合成兜 9 [火]
8060,合成兜 9 [火]
8061,合成兜 9 [火]
8062,合成兜 9 [火]
8063,合成兜 9 [火]
8064,合成兜 9 [风]
8065,合成兜 9 [风]
8066,合成兜 9 [风]
8067,合成兜 9 [风]
8068,合成兜 9 [风]
8069,合成兜 9 [风]
8070,合成兜 10
8071,合成兜 10
8072,合成兜 10
8073,合成兜 10
8074,合成兜 10
8075,合成兜 10
8076,合成兜 10 [地]
8077,合成兜 10 [地]
8078,合成兜 10 [地]
8079,合成兜 10 [地]
8080,合成兜 10 [地]
8081,合成兜 10 [地]
8082,合成兜 10 [水]
8083,合成兜 10 [水]
8084,合成兜 10 [水]
8085,合成兜 10 [水]
8086,合成兜 10 [水]
8087,合成兜 10 [水]
8088,合成兜 10 [火]
8089,合成兜 10 [火]
8090,合成兜 10 [火]
8091,合成兜 10 [火]
8092,合成兜 10 [火]
8093,合成兜 10 [火]
8094,合成兜 10 [风]
8095,合成兜 10 [风]
8096,合成兜 10 [风]
8097,合成兜 10 [风]
8098,合成兜 10 [风]
8099,合成兜 10 [风]
8200,合成防具 1
8201,合成防具 1
8202,合成防具 1
8203,合成防具 1
8204,合成防具 1
8205,合成防具 1
8206,合成防具 1 [地]
8207,合成防具 1 [地]
8208,合成防具 1 [地]
8209,合成防具 1 [地]
8210,合成防具 1 [地]
8211,合成防具 1 [地]
8212,合成防具 1 [水]
8213,合成防具 1 [水]
8214,合成防具 1 [水]
8215,合成防具 1 [水]
8216,合成防具 1 [水]
8217,合成防具 1 [水]
8218,合成防具 1 [火]
8219,合成防具 1 [火]
8220,合成防具 1 [火]
8221,合成防具 1 [火]
8222,合成防具 1 [火]
8223,合成防具 1 [火]
8224,合成防具 1 [风]
8225,合成防具 1 [风]
8226,合成防具 1 [风]
8227,合成防具 1 [风]
8228,合成防具 1 [风]
8229,合成防具 1 [风]
8230,合成防具 2
8231,合成防具 2
8232,合成防具 2
8233,合成防具 2
8234,合成防具 2
8235,合成防具 2
8236,合成防具 2 [地]
8237,合成防具 2 [地]
8238,合成防具 2 [地]
8239,合成防具 2 [地]
8240,合成防具 2 [地]
8241,合成防具 2 [地]
8242,合成防具 2 [水]
8243,合成防具 2 [水]
8244,合成防具 2 [水]
8245,合成防具 2 [水]
8246,合成防具 2 [水]
8247,合成防具 2 [水]
8248,合成防具 2 [火]
8249,合成防具 2 [火]
8250,合成防具 2 [火]
8251,合成防具 2 [火]
8252,合成防具 2 [火]
8253,合成防具 2 [火]
8254,合成防具 2 [风]
8255,合成防具 2 [风]
8256,合成防具 2 [风]
8257,合成防具 2 [风]
8258,合成防具 2 [风]
8259,合成防具 2 [风]
8260,合成防具 3
8261,合成防具 3
8262,合成防具 3
8263,合成防具 3
8264,合成防具 3
8265,合成防具 3
8266,合成防具 3 [地]
8267,合成防具 3 [地]
8268,合成防具 3 [地]
8269,合成防具 3 [地]
8270,合成防具 3 [地]
8271,合成防具 3 [地]
8272,合成防具 3 [水]
8273,合成防具 3 [水]
8274,合成防具 3 [水]
8275,合成防具 3 [水]
8276,合成防具 3 [水]
8277,合成防具 3 [水]
8278,合成防具 3 [火]
8279,合成防具 3 [火]
8280,合成防具 3 [火]
8281,合成防具 3 [火]
8282,合成防具 3 [火]
8283,合成防具 3 [火]
8284,合成防具 3 [风]
8285,合成防具 3 [风]
8286,合成防具 3 [风]
8287,合成防具 3 [风]
8288,合成防具 3 [风]
8289,合成防具 3 [风]
8290,合成防具 4
8291,合成防具 4
8292,合成防具 4
8293,合成防具 4
8294,合成防具 4
8295,合成防具 4
8296,合成防具 4 [地]
8297,合成防具 4 [地]
8298,合成防具 4 [地]
8299,合成防具 4 [地]
8300,合成防具 4 [地]
8301,合成防具 4 [地]
8302,合成防具 4 [水]
8303,合成防具 4 [水]
8304,合成防具 4 [水]
8305,合成防具 4 [水]
8306,合成防具 4 [水]
8307,合成防具 4 [水]
8308,合成防具 4 [火]
8309,合成防具 4 [火]
8310,合成防具 4 [火]
8311,合成防具 4 [火]
8312,合成防具 4 [火]
8313,合成防具 4 [火]
8314,合成防具 4 [风]
8315,合成防具 4 [风]
8316,合成防具 4 [风]
8317,合成防具 4 [风]
8318,合成防具 4 [风]
8319,合成防具 4 [风]
8320,合成防具 5
8321,合成防具 5
8322,合成防具 5
8323,合成防具 5
8324,合成防具 5
8325,合成防具 5
8326,合成防具 5 [地]
8327,合成防具 5 [地]
8328,合成防具 5 [地]
8329,合成防具 5 [地]
8330,合成防具 5 [地]
8331,合成防具 5 [地]
8332,合成防具 5 [水]
8333,合成防具 5 [水]
8334,合成防具 5 [水]
8335,合成防具 5 [水]
8336,合成防具 5 [水]
8337,合成防具 5 [水]
8338,合成防具 5 [火]
8339,合成防具 5 [火]
8340,合成防具 5 [火]
8341,合成防具 5 [火]
8342,合成防具 5 [火]
8343,合成防具 5 [火]
8344,合成防具 5 [风]
8345,合成防具 5 [风]
8346,合成防具 5 [风]
8347,合成防具 5 [风]
8348,合成防具 5 [风]
8349,合成防具 5 [风]
8350,合成防具 6
8351,合成防具 6
8352,合成防具 6
8353,合成防具 6
8354,合成防具 6
8355,合成防具 6
8356,合成防具 6 [地]
8357,合成防具 6 [地]
8358,合成防具 6 [地]
8359,合成防具 6 [地]
8360,合成防具 6 [地]
8361,合成防具 6 [地]
8362,合成防具 6 [水]
8363,合成防具 6 [水]
8364,合成防具 6 [水]
8365,合成防具 6 [水]
8366,合成防具 6 [水]
8367,合成防具 6 [水]
8368,合成防具 6 [火]
8369,合成防具 6 [火]
8370,合成防具 6 [火]
8371,合成防具 6 [火]
8372,合成防具 6 [火]
8373,合成防具 6 [火]
8374,合成防具 6 [风]
8375,合成防具 6 [风]
8376,合成防具 6 [风]
8377,合成防具 6 [风]
8378,合成防具 6 [风]
8379,合成防具 6 [风]
8380,合成防具 7
8381,合成防具 7
8382,合成防具 7
8383,合成防具 7
8384,合成防具 7
8385,合成防具 7
8386,合成防具 7 [地]
8387,合成防具 7 [地]
8388,合成防具 7 [地]
8389,合成防具 7 [地]
8390,合成防具 7 [地]
8391,合成防具 7 [地]
8392,合成防具 7 [水]
8393,合成防具 7 [水]
8394,合成防具 7 [水]
8395,合成防具 7 [水]
8396,合成防具 7 [水]
8397,合成防具 7 [水]
8398,合成防具 7 [火]
8399,合成防具 7 [火]
8400,合成防具 7 [火]
8401,合成防具 7 [火]
8402,合成防具 7 [火]
8403,合成防具 7 [火]
8404,合成防具 7 [风]
8405,合成防具 7 [风]
8406,合成防具 7 [风]
8407,合成防具 7 [风]
8408,合成防具 7 [风]
8409,合成防具 7 [风]
8410,合成防具 8
8411,合成防具 8
8412,合成防具 8
8413,合成防具 8
8414,合成防具 8
8415,合成防具 8
8416,合成防具 8 [地]
8417,合成防具 8 [地]
8418,合成防具 8 [地]
8419,合成防具 8 [地]
8420,合成防具 8 [地]
8421,合成防具 8 [地]
8422,合成防具 8 [水]
8423,合成防具 8 [水]
8424,合成防具 8 [水]
8425,合成防具 8 [水]
8426,合成防具 8 [水]
8427,合成防具 8 [水]
8428,合成防具 8 [火]
8429,合成防具 8 [火]
8430,合成防具 8 [火]
8431,合成防具 8 [火]
8432,合成防具 8 [火]
8433,合成防具 8 [火]
8434,合成防具 8 [风]
8435,合成防具 8 [风]
8436,合成防具 8 [风]
8437,合成防具 8 [风]
8438,合成防具 8 [风]
8439,合成防具 8 [风]
8440,合成防具 9
8441,合成防具 9
8442,合成防具 9
8443,合成防具 9
8444,合成防具 9
8445,合成防具 9
8446,合成防具 9 [地]
8447,合成防具 9 [地]
8448,合成防具 9 [地]
8449,合成防具 9 [地]
8450,合成防具 9 [地]
8451,合成防具 9 [地]
8452,合成防具 9 [水]
8453,合成防具 9 [水]
8454,合成防具 9 [水]
8455,合成防具 9 [水]
8456,合成防具 9 [水]
8457,合成防具 9 [水]
8458,合成防具 9 [火]
8459,合成防具 9 [火]
8460,合成防具 9 [火]
8461,合成防具 9 [火]
8462,合成防具 9 [火]
8463,合成防具 9 [火]
8464,合成防具 9 [风]
8465,合成防具 9 [风]
8466,合成防具 9 [风]
8467,合成防具 9 [风]
8468,合成防具 9 [风]
8469,合成防具 9 [风]
8470,合成防具 10
8471,合成防具 10
8472,合成防具 10
8473,合成防具 10
8474,合成防具 10
8475,合成防具 10
8476,合成防具 10 [地]
8477,合成防具 10 [地]
8478,合成防具 10 [地]
8479,合成防具 10 [地]
8480,合成防具 10 [地]
8481,合成防具 10 [地]
8482,合成防具 10 [水]
8483,合成防具 10 [水]
8484,合成防具 10 [水]
8485,合成防具 10 [水]
8486,合成防具 10 [水]
8487,合成防具 10 [水]
8488,合成防具 10 [火]
8489,合成防具 10 [火]
8490,合成防具 10 [火]
8491,合成防具 10 [火]
8492,合成防具 10 [火]
8493,合成防具 10 [火]
8494,合成防具 10 [风]
8495,合成防具 10 [风]
8496,合成防具 10 [风]
8497,合成防具 10 [风]
8498,合成防具 10 [风]
8499,合成防具 10 [风]
8600,合成铠1
8601,合成铠 1
8602,合成铠 1
8603,合成铠 1
8607,合成铠 1 [地]
8608,合成铠 1 [地]
8609,合成铠 1 [地]
8610,合成铠 1 [地]
8614,合成铠 1 [水]
8615,合成铠 1 [水]
8616,合成铠 1 [水]
8617,合成铠 1 [水]
8621,合成铠 1 [火]
8622,合成铠 1 [火]
8623,合成铠 1 [火]
8624,合成铠 1 [火]
8628,合成铠 1 [风]
8629,合成铠 1 [风]
8630,合成铠 1 [风]
8631,合成铠 1 [风]
8635,合成铠 2
8636,合成铠 2
8637,合成铠 2
8638,合成铠 2
8639,合成铠 2
8640,合成铠 2
8641,合成铠 2
8642,合成铠 2 [地]
8643,合成铠 2 [地]
8644,合成铠 2 [地]
8645,合成铠 2 [地]
8646,合成铠 2 [地]
8647,合成铠 2 [地]
8648,合成铠 2 [地]
8649,合成铠 2 [水]
8650,合成铠 2 [水]
8651,合成铠 2 [水]
8652,合成铠 2 [水]
8653,合成铠 2 [水]
8654,合成铠 2 [水]
8655,合成铠 2 [水]
8656,合成铠 2 [火]
8657,合成铠 2 [火]
8658,合成铠 2 [火]
8659,合成铠 2 [火]
8660,合成铠 2 [火]
8661,合成铠 2 [火]
8662,合成铠 2 [火]
8663,合成铠 2 [风]
8664,合成铠 2 [风]
8665,合成铠 2 [风]
8666,合成铠 2 [风]
8667,合成铠 2 [风]
8668,合成铠 2 [风]
8669,合成铠 2 [风]
8670,合成铠 3
8671,合成铠 3
8672,合成铠 3
8673,合成铠 3
8674,合成铠 3
8675,合成铠 3
8676,合成铠 3
8677,合成铠 3 [地]
8678,合成铠 3 [地]
8679,合成铠 3 [地]
8680,合成铠 3 [地]
8681,合成铠 3 [地]
8682,合成铠 3 [地]
8683,合成铠 3 [地]
8684,合成铠 3 [水]
8685,合成铠 3 [水]
8686,合成铠 3 [水]
8687,合成铠 3 [水]
8688,合成铠 3 [水]
8689,合成铠 3 [水]
8690,合成铠 3 [水]
8691,合成铠 3 [火]
8692,合成铠 3 [火]
8693,合成铠 3 [火]
8694,合成铠 3 [火]
8695,合成铠 3 [火]
8696,合成铠 3 [火]
8697,合成铠 3 [火]
8698,合成铠 3 [风]
8699,合成铠 3 [风]
8700,合成铠 3 [风]
8701,合成铠 3 [风]
8702,合成铠 3 [风]
8703,合成铠 3 [风]
8704,合成铠 3 [风]
8705,合成铠 4
8706,合成铠 4
8707,合成铠 4
8708,合成铠 4
8709,合成铠 4
8710,合成铠 4
8711,合成铠 4
8712,合成铠 4 [地]
8713,合成铠 4 [地]
8714,合成铠 4 [地]
8715,合成铠 4 [地]
8716,合成铠 4 [地]
8717,合成铠 4 [地]
8718,合成铠 4 [地]
8719,合成铠 4 [水]
8720,合成铠 4 [水]
8721,合成铠 4 [水]
8722,合成铠 4 [水]
8723,合成铠 4 [水]
8724,合成铠 4 [水]
8725,合成铠 4 [水]
8726,合成铠 4 [火]
8727,合成铠 4 [火]
8728,合成铠 4 [火]
8729,合成铠 4 [火]
8730,合成铠 4 [火]
8731,合成铠 4 [火]
8732,合成铠 4 [火]
8733,合成铠 4 [风]
8734,合成铠 4 [风]
8735,合成铠 4 [风]
8736,合成铠 4 [风]
8737,合成铠 4 [风]
8738,合成铠 4 [风]
8739,合成铠 4 [风]
8740,合成铠 5
8741,合成铠 5
8742,合成铠 5
8743,合成铠 5
8744,合成铠 5
8745,合成铠 5
8746,合成铠 5
8750,合成铠 5 [地]
8751,合成铠 5 [地]
8752,合成铠 5 [地]
8753,合成铠 5 [地]
8754,合成铠 5 [地]
8755,合成铠 5 [地]
8756,合成铠 5 [地]
8760,合成铠 5 [水]
8761,合成铠 5 [水]
8762,合成铠 5 [水]
8763,合成铠 5 [水]
8764,合成铠 5 [水]
8765,合成铠 5 [水]
8766,合成铠 5 [水]
8770,合成铠 5 [火]
8771,合成铠 5 [火]
8772,合成铠 5 [火]
8773,合成铠 5 [火]
8774,合成铠 5 [火]
8775,合成铠 5 [火]
8776,合成铠 5 [火]
8780,合成铠 5 [风]
8781,合成铠 5 [风]
8782,合成铠 5 [风]
8783,合成铠 5 [风]
8784,合成铠 5 [风]
8785,合成铠 5 [风]
8786,合成铠 5 [风]
8790,合成铠 6
8791,合成铠 6
8792,合成铠 6
8793,合成铠 6
8794,合成铠 6
8795,合成铠 6
8796,合成铠 6
8797,合成铠 6
8798,合成铠 6
8799,合成铠 6
8800,合成铠 6 [地]
8801,合成铠 6 [地]
8802,合成铠 6 [地]
8803,合成铠 6 [地]
8804,合成铠 6 [地]
8805,合成铠 6 [地]
8806,合成铠 6 [地]
8807,合成铠 6 [地]
8808,合成铠 6 [地]
8809,合成铠 6 [地]
8810,合成铠 6 [水]
8811,合成铠 6 [水]
8812,合成铠 6 [水]
8813,合成铠 6 [水]
8814,合成铠 6 [水]
8815,合成铠 6 [水]
8816,合成铠 6 [水]
8817,合成铠 6 [水]
8818,合成铠 6 [水]
8819,合成铠 6 [水]
8820,合成铠 6 [火]
8821,合成铠 6 [火]
8822,合成铠 6 [火]
8823,合成铠 6 [火]
8824,合成铠 6 [火]
8825,合成铠 6 [火]
8826,合成铠 6 [火]
8827,合成铠 6 [火]
8828,合成铠 6 [火]
8829,合成铠 6 [火]
8830,合成铠 6 [风]
8831,合成铠 6 [风]
8832,合成铠 6 [风]
8833,合成铠 6 [风]
8834,合成铠 6 [风]
8835,合成铠 6 [风]
8836,合成铠 6 [风]
8837,合成铠 6 [风]
8838,合成铠 6 [风]
8839,合成铠 6 [风]
8840,合成铠 7
8841,合成铠 7
8842,合成铠 7
8843,合成铠 7
8844,合成铠 7
8845,合成铠 7
8846,合成铠 7
8847,合成铠 7
8848,合成铠 7
8849,合成铠 7
8850,合成铠 7 [地]
8851,合成铠 7 [地]
8852,合成铠 7 [地]
8853,合成铠 7 [地]
8854,合成铠 7 [地]
8855,合成铠 7 [地]
8856,合成铠 7 [地]
8857,合成铠 7 [地]
8858,合成铠 7 [地]
8859,合成铠 7 [地]
8860,合成铠 7 [水]
8861,合成铠 7 [水]
8862,合成铠 7 [水]
8863,合成铠 7 [水]
8864,合成铠 7 [水]
8865,合成铠 7 [水]
8866,合成铠 7 [水]
8867,合成铠 7 [水]
8868,合成铠 7 [水]
8869,合成铠 7 [水]
8870,合成铠 7 [火]
8871,合成铠 7 [火]
8872,合成铠 7 [火]
8873,合成铠 7 [火]
8874,合成铠 7 [火]
8875,合成铠 7 [火]
8876,合成铠 7 [火]
8877,合成铠 7 [火]
8878,合成铠 7 [火]
8879,合成铠 7 [火]
8880,合成铠 7 [风]
8881,合成铠 7 [风]
8882,合成铠 7 [风]
8883,合成铠 7 [风]
8884,合成铠 7 [风]
8885,合成铠 7 [风]
8886,合成铠 7 [风]
8887,合成铠 7 [风]
8888,合成铠 7 [风]
8889,合成铠 7 [风]
8890,合成铠 8
8891,合成铠 8
8892,合成铠 8
8893,合成铠 8
8894,合成铠 8
8895,合成铠 8
8896,合成铠 8
8897,合成铠 8
8898,合成铠 8
8899,合成铠 8
8900,合成铠 8 [地]
8901,合成铠 8 [地]
8902,合成铠 8 [地]
8903,合成铠 8 [地]
8904,合成铠 8 [地]
8905,合成铠 8 [地]
8906,合成铠 8 [地]
8907,合成铠 8 [地]
8908,合成铠 8 [地]
8909,合成铠 8 [地]
8910,合成铠 8 [水]
8911,合成铠 8 [水]
8912,合成铠 8 [水]
8913,合成铠 8 [水]
8914,合成铠 8 [水]
8915,合成铠 8 [水]
8916,合成铠 8 [水]
8917,合成铠 8 [水]
8918,合成铠 8 [水]
8919,合成铠 8 [水]
8920,合成铠 8 [火]
8921,合成铠 8 [火]
8922,合成铠 8 [火]
8923,合成铠 8 [火]
8924,合成铠 8 [火]
8925,合成铠 8 [火]
8926,合成铠 8 [火]
8927,合成铠 8 [火]
8928,合成铠 8 [火]
8929,合成铠 8 [火]
8930,合成铠 8 [风]
8931,合成铠 8 [风]
8932,合成铠 8 [风]
8933,合成铠 8 [风]
8934,合成铠 8 [风]
8935,合成铠 8 [风]
8936,合成铠 8 [风]
8937,合成铠 8 [风]
8938,合成铠 8 [风]
8939,合成铠 8 [风]
8940,合成铠 9
8941,合成铠 9
8942,合成铠 9
8943,合成铠 9
8944,合成铠 9
8945,合成铠 9
8946,合成铠 9
8947,合成铠 9
8948,合成铠 9
8949,合成铠 9
8950,合成铠 9 [地]
8951,合成铠 9 [地]
8952,合成铠 9 [地]
8953,合成铠 9 [地]
8954,合成铠 9 [地]
8955,合成铠 9 [地]
8956,合成铠 9 [地]
8957,合成铠 9 [地]
8958,合成铠 9 [地]
8959,合成铠 9 [地]
8960,合成铠 9 [水]
8961,合成铠 9 [水]
8962,合成铠 9 [水]
8963,合成铠 9 [水]
8964,合成铠 9 [水]
8965,合成铠 9 [水]
8966,合成铠 9 [水]
8967,合成铠 9 [水]
8968,合成铠 9 [水]
8969,合成铠 9 [水]
8970,合成铠 9 [火]
8971,合成铠 9 [火]
8972,合成铠 9 [火]
8973,合成铠 9 [火]
8974,合成铠 9 [火]
8975,合成铠 9 [火]
8976,合成铠 9 [火]
8977,合成铠 9 [火]
8978,合成铠 9 [火]
8979,合成铠 9 [火]
8980,合成铠 9 [风]
8981,合成铠 9 [风]
8982,合成铠 9 [风]
8983,合成铠 9 [风]
8984,合成铠 9 [风]
8985,合成铠 9 [风]
8986,合成铠 9 [风]
8987,合成铠 9 [风]
8988,合成铠 9 [风]
8989,合成铠 9 [风]
8990,合成铠 10
8991,合成铠 10
8992,合成铠 10
8993,合成铠 10
8994,合成铠 10
8995,合成铠 10
8996,合成铠 10
8997,合成铠 10
8998,合成铠 10
8999,合成铠 10
9000,合成铠 10 [地]
9001,合成铠 10 [地]
9002,合成铠 10 [地]
9003,合成铠 10 [地]
9004,合成铠 10 [地]
9005,合成铠 10 [地]
9006,合成铠 10 [地]
9007,合成铠 10 [地]
9008,合成铠 10 [地]
9009,合成铠 10 [地]
9010,合成铠 10 [水]
9011,合成铠 10 [水]
9012,合成铠 10 [水]
9013,合成铠 10 [水]
9014,合成铠 10 [水]
9015,合成铠 10 [水]
9016,合成铠 10 [水]
9017,合成铠 10 [水]
9018,合成铠 10 [水]
9019,合成铠 10 [水]
9020,合成铠 10 [火]
9021,合成铠 10 [火]
9022,合成铠 10 [火]
9023,合成铠 10 [火]
9024,合成铠 10 [火]
9025,合成铠 10 [火]
9026,合成铠 10 [火]
9027,合成铠 10 [火]
9028,合成铠 10 [火]
9029,合成铠 10 [火]
9030,合成铠 10 [风]
9031,合成铠 10 [风]
9032,合成铠 10 [风]
9033,合成铠 10 [风]
9034,合成铠 10 [风]
9035,合成铠 10 [风]
9036,合成铠 10 [风]
9037,合成铠 10 [风]
9038,合成铠 10 [风]
9039,合成铠 10 [风]
9100,合成服1
9101,合成服 1
9102,合成服 1
9103,合成服 1
9107,合成服 1 [地]
9108,合成服 1 [地]
9109,合成服 1 [地]
9110,合成服 1 [地]
9114,合成服 1 [水]
9115,合成服 1 [水]
9116,合成服 1 [水]
9117,合成服 1 [水]
9121,合成服 1 [火]
9122,合成服 1 [火]
9123,合成服 1 [火]
9124,合成服 1 [火]
9128,合成服 1 [风]
9129,合成服 1 [风]
9130,合成服 1 [风]
9131,合成服 1 [风]
9135,合成服 2
9136,合成服 2
9137,合成服 2
9138,合成服 2
9139,合成服 2
9140,合成服 2
9141,合成服 2
9142,合成服 2 [地]
9143,合成服 2 [地]
9144,合成服 2 [地]
9145,合成服 2 [地]
9146,合成服 2 [地]
9147,合成服 2 [地]
9148,合成服 2 [地]
9149,合成服 2 [水]
9150,合成服 2 [水]
9151,合成服 2 [水]
9152,合成服 2 [水]
9153,合成服 2 [水]
9154,合成服 2 [水]
9155,合成服 2 [水]
9156,合成服 2 [火]
9157,合成服 2 [火]
9158,合成服 2 [火]
9159,合成服 2 [火]
9160,合成服 2 [火]
9161,合成服 2 [火]
9162,合成服 2 [火]
9163,合成服 2 [风]
9164,合成服 2 [风]
9165,合成服 2 [风]
9166,合成服 2 [风]
9167,合成服 2 [风]
9168,合成服 2 [风]
9169,合成服 2 [风]
9170,合成服 3
9171,合成服 3
9172,合成服 3
9173,合成服 3
9174,合成服 3
9175,合成服 3
9176,合成服 3
9177,合成服 3 [地]
9178,合成服 3 [地]
9179,合成服 3 [地]
9180,合成服 3 [地]
9181,合成服 3 [地]
9182,合成服 3 [地]
9183,合成服 3 [地]
9184,合成服 3 [水]
9185,合成服 3 [水]
9186,合成服 3 [水]
9187,合成服 3 [水]
9188,合成服 3 [水]
9189,合成服 3 [水]
9190,合成服 3 [水]
9191,合成服 3 [火]
9192,合成服 3 [火]
9193,合成服 3 [火]
9194,合成服 3 [火]
9195,合成服 3 [火]
9196,合成服 3 [火]
9197,合成服 3 [火]
9198,合成服 3 [风]
9199,合成服 3 [风]
9200,合成服 3 [风]
9201,合成服 3 [风]
9202,合成服 3 [风]
9203,合成服 3 [风]
9204,合成服 3 [风]
9205,合成服 4
9206,合成服 4
9207,合成服 4
9208,合成服 4
9209,合成服 4
9210,合成服 4
9211,合成服 4
9212,合成服 4 [地]
9213,合成服 4 [地]
9214,合成服 4 [地]
9215,合成服 4 [地]
9216,合成服 4 [地]
9217,合成服 4 [地]
9218,合成服 4 [地]
9219,合成服 4 [水]
9220,合成服 4 [水]
9221,合成服 4 [水]
9222,合成服 4 [水]
9223,合成服 4 [水]
9224,合成服 4 [水]
9225,合成服 4 [水]
9226,合成服 4 [火]
9227,合成服 4 [火]
9228,合成服 4 [火]
9229,合成服 4 [火]
9230,合成服 4 [火]
9231,合成服 4 [火]
9232,合成服 4 [火]
9233,合成服 4 [风]
9234,合成服 4 [风]
9235,合成服 4 [风]
9236,合成服 4 [风]
9237,合成服 4 [风]
9238,合成服 4 [风]
9239,合成服 4 [风]
9240,合成服 5
9241,合成服 5
9242,合成服 5
9243,合成服 5
9244,合成服 5
9245,合成服 5
9246,合成服 5
9250,合成服 5 [地]
9251,合成服 5 [地]
9252,合成服 5 [地]
9253,合成服 5 [地]
9254,合成服 5 [地]
9255,合成服 5 [地]
9256,合成服 5 [地]
9260,合成服 5 [水]
9261,合成服 5 [水]
9262,合成服 5 [水]
9263,合成服 5 [水]
9264,合成服 5 [水]
9265,合成服 5 [水]
9266,合成服 5 [水]
9270,合成服 5 [火]
9271,合成服 5 [火]
9272,合成服 5 [火]
9273,合成服 5 [火]
9274,合成服 5 [火]
9275,合成服 5 [火]
9276,合成服 5 [火]
9280,合成服 5 [风]
9281,合成服 5 [风]
9282,合成服 5 [风]
9283,合成服 5 [风]
9284,合成服 5 [风]
9285,合成服 5 [风]
9286,合成服 5 [风]
9290,合成服 6
9291,合成服 6
9292,合成服 6
9293,合成服 6
9294,合成服 6
9295,合成服 6
9296,合成服 6
9297,合成服 6
9298,合成服 6
9299,合成服 6
9300,合成服 6 [地]
9301,合成服 6 [地]
9302,合成服 6 [地]
9303,合成服 6 [地]
9304,合成服 6 [地]
9305,合成服 6 [地]
9306,合成服 6 [地]
9307,合成服 6 [地]
9308,合成服 6 [地]
9309,合成服 6 [地]
9310,合成服 6 [水]
9311,合成服 6 [水]
9312,合成服 6 [水]
9313,合成服 6 [水]
9314,合成服 6 [水]
9315,合成服 6 [水]
9316,合成服 6 [水]
9317,合成服 6 [水]
9318,合成服 6 [水]
9319,合成服 6 [水]
9320,合成服 6 [火]
9321,合成服 6 [火]
9322,合成服 6 [火]
9323,合成服 6 [火]
9324,合成服 6 [火]
9325,合成服 6 [火]
9326,合成服 6 [火]
9327,合成服 6 [火]
9328,合成服 6 [火]
9329,合成服 6 [火]
9330,合成服 6 [风]
9331,合成服 6 [风]
9332,合成服 6 [风]
9333,合成服 6 [风]
9334,合成服 6 [风]
9335,合成服 6 [风]
9336,合成服 6 [风]
9337,合成服 6 [风]
9338,合成服 6 [风]
9339,合成服 6 [风]
9340,合成服 7
9341,合成服 7
9342,合成服 7
9343,合成服 7
9344,合成服 7
9345,合成服 7
9346,合成服 7
9347,合成服 7
9348,合成服 7
9349,合成服 7
9350,合成服 7 [地]
9351,合成服 7 [地]
9352,合成服 7 [地]
9353,合成服 7 [地]
9354,合成服 7 [地]
9355,合成服 7 [地]
9356,合成服 7 [地]
9357,合成服 7 [地]
9358,合成服 7 [地]
9359,合成服 7 [地]
9360,合成服 7 [水]
9361,合成服 7 [水]
9362,合成服 7 [水]
9363,合成服 7 [水]
9364,合成服 7 [水]
9365,合成服 7 [水]
9366,合成服 7 [水]
9367,合成服 7 [水]
9368,合成服 7 [水]
9369,合成服 7 [水]
9370,合成服 7 [火]
9371,合成服 7 [火]
9372,合成服 7 [火]
9373,合成服 7 [火]
9374,合成服 7 [火]
9375,合成服 7 [火]
9376,合成服 7 [火]
9377,合成服 7 [火]
9378,合成服 7 [火]
9379,合成服 7 [火]
9380,合成服 7 [风]
9381,合成服 7 [风]
9382,合成服 7 [风]
9383,合成服 7 [风]
9384,合成服 7 [风]
9385,合成服 7 [风]
9386,合成服 7 [风]
9387,合成服 7 [风]
9388,合成服 7 [风]
9389,合成服 7 [风]
9390,合成服 8
9391,合成服 8
9392,合成服 8
9393,合成服 8
9394,合成服 8
9395,合成服 8
9396,合成服 8
9397,合成服 8
9398,合成服 8
9399,合成服 8
9400,合成服 8 [地]
9401,合成服 8 [地]
9402,合成服 8 [地]
9403,合成服 8 [地]
9404,合成服 8 [地]
9405,合成服 8 [地]
9406,合成服 8 [地]
9407,合成服 8 [地]
9408,合成服 8 [地]
9409,合成服 8 [地]
9410,合成服 8 [水]
9411,合成服 8 [水]
9412,合成服 8 [水]
9413,合成服 8 [水]
9414,合成服 8 [水]
9415,合成服 8 [水]
9416,合成服 8 [水]
9417,合成服 8 [水]
9418,合成服 8 [水]
9419,合成服 8 [水]
9420,合成服 8 [火]
9421,合成服 8 [火]
9422,合成服 8 [火]
9423,合成服 8 [火]
9424,合成服 8 [火]
9425,合成服 8 [火]
9426,合成服 8 [火]
9427,合成服 8 [火]
9428,合成服 8 [火]
9429,合成服 8 [火]
9430,合成服 8 [风]
9431,合成服 8 [风]
9432,合成服 8 [风]
9433,合成服 8 [风]
9434,合成服 8 [风]
9435,合成服 8 [风]
9436,合成服 8 [风]
9437,合成服 8 [风]
9438,合成服 8 [风]
9439,合成服 8 [风]
9440,合成服 9
9441,合成服 9
9442,合成服 9
9443,合成服 9
9444,合成服 9
9445,合成服 9
9446,合成服 9
9447,合成服 9
9448,合成服 9
9449,合成服 9
9450,合成服 9 [地]
9451,合成服 9 [地]
9452,合成服 9 [地]
9453,合成服 9 [地]
9454,合成服 9 [地]
9455,合成服 9 [地]
9456,合成服 9 [地]
9457,合成服 9 [地]
9458,合成服 9 [地]
9459,合成服 9 [地]
9460,合成服 9 [水]
9461,合成服 9 [水]
9462,合成服 9 [水]
9463,合成服 9 [水]
9464,合成服 9 [水]
9465,合成服 9 [水]
9466,合成服 9 [水]
9467,合成服 9 [水]
9468,合成服 9 [水]
9469,合成服 9 [水]
9470,合成服 9 [火]
9471,合成服 9 [火]
9472,合成服 9 [火]
9473,合成服 9 [火]
9474,合成服 9 [火]
9475,合成服 9 [火]
9476,合成服 9 [火]
9477,合成服 9 [火]
9478,合成服 9 [火]
9479,合成服 9 [火]
9480,合成服 9 [风]
9481,合成服 9 [风]
9482,合成服 9 [风]
9483,合成服 9 [风]
9484,合成服 9 [风]
9485,合成服 9 [风]
9486,合成服 9 [风]
9487,合成服 9 [风]
9488,合成服 9 [风]
9489,合成服 9 [风]
9490,合成服 10
9491,合成服 10
9492,合成服 10
9493,合成服 10
9494,合成服 10
9495,合成服 10
9496,合成服 10
9497,合成服 10
9498,合成服 10
9499,合成服 10
9500,合成服 10 [地]
9501,合成服 10 [地]
9502,合成服 10 [地]
9503,合成服 10 [地]
9504,合成服 10 [地]
9505,合成服 10 [地]
9506,合成服 10 [地]
9507,合成服 10 [地]
9508,合成服 10 [地]
9509,合成服 10 [地]
9510,合成服 10 [水]
9511,合成服 10 [水]
9512,合成服 10 [水]
9513,合成服 10 [水]
9514,合成服 10 [水]
9515,合成服 10 [水]
9516,合成服 10 [水]
9517,合成服 10 [水]
9518,合成服 10 [水]
9519,合成服 10 [水]
9520,合成服 10 [火]
9521,合成服 10 [火]
9522,合成服 10 [火]
9523,合成服 10 [火]
9524,合成服 10 [火]
9525,合成服 10 [火]
9526,合成服 10 [火]
9527,合成服 10 [火]
9528,合成服 10 [火]
9529,合成服 10 [火]
9530,合成服 10 [风]
9531,合成服 10 [风]
9532,合成服 10 [风]
9533,合成服 10 [风]
9534,合成服 10 [风]
9535,合成服 10 [风]
9536,合成服 10 [风]
9537,合成服 10 [风]
9538,合成服 10 [风]
9539,合成服 10 [风]
10000,合成手环1
10001,合成手环 1
10002,合成手环 1
10003,合成手环 1
10004,合成手环 1
10005,合成手环 1
10006,合成手环 1 [地]
10007,合成手环 1 [地]
10008,合成手环 1 [地]
10009,合成手环 1 [地]
10010,合成手环 1 [地]
10011,合成手环 1 [地]
10012,合成手环 1 [水]
10013,合成手环 1 [水]
10014,合成手环 1 [水]
10015,合成手环 1 [水]
10016,合成手环 1 [水]
10017,合成手环 1 [水]
10018,合成手环 1 [火]
10019,合成手环 1 [火]
10020,合成手环 1 [火]
10021,合成手环 1 [火]
10022,合成手环 1 [火]
10023,合成手环 1 [火]
10024,合成手环 1 [风]
10025,合成手环 1 [风]
10026,合成手环 1 [风]
10027,合成手环 1 [风]
10028,合成手环 1 [风]
10029,合成手环 1 [风]
10030,合成手环 2
10031,合成手环 2
10032,合成手环 2
10033,合成手环 2
10034,合成手环 2
10035,合成手环 2
10036,合成手环 2 [地]
10037,合成手环 2 [地]
10038,合成手环 2 [地]
10039,合成手环 2 [地]
10040,合成手环 2 [地]
10041,合成手环 2 [地]
10042,合成手环 2 [水]
10043,合成手环 2 [水]
10044,合成手环 2 [水]
10045,合成手环 2 [水]
10046,合成手环 2 [水]
10047,合成手环 2 [水]
10048,合成手环 2 [火]
10049,合成手环 2 [火]
10050,合成手环 2 [火]
10051,合成手环 2 [火]
10052,合成手环 2 [火]
10053,合成手环 2 [火]
10054,合成手环 2 [风]
10055,合成手环 2 [风]
10056,合成手环 2 [风]
10057,合成手环 2 [风]
10058,合成手环 2 [风]
10059,合成手环 2 [风]
10060,合成手环 3
10061,合成手环 3
10062,合成手环 3
10063,合成手环 3 [地]
10064,合成手环 3 [地]
10065,合成手环 3 [地]
10066,合成手环 3 [水]
10067,合成手环 3 [水]
10068,合成手环 3 [水]
10069,合成手环 3 [火]
10070,合成手环 3 [火]
10071,合成手环 3 [火]
10072,合成手环 3 [风]
10073,合成手环 3 [风]
10074,合成手环 3 [风]
10075,合成手环 4
10076,合成手环 4
10077,合成手环 4
10078,合成手环 4 [地]
10079,合成手环 4 [地]
10080,合成手环 4 [地]
10081,合成手环 4 [水]
10082,合成手环 4 [水]
10083,合成手环 4 [水]
10084,合成手环 4 [火]
10085,合成手环 4 [火]
10086,合成手环 4 [火]
10087,合成手环 4 [风]
10088,合成手环 4 [风]
10089,合成手环 4 [风]
10090,合成手环 5
10091,合成手环 5
10092,合成手环 5
10093,合成手环 5 [地]
10094,合成手环 5 [地]
10095,合成手环 5 [地]
10096,合成手环 5 [水]
10097,合成手环 5 [水]
10098,合成手环 5 [水]
10099,合成手环 5 [火]
10100,合成手环 5 [火]
10101,合成手环 5 [火]
10102,合成手环 5 [风]
10103,合成手环 5 [风]
10104,合成手环 5 [风]
10300,合成乐器1
10301,合成乐器 1
10302,合成乐器 1
10303,合成乐器 1
10304,合成乐器 1
10305,合成乐器 1
10306,合成乐器 1
10307,合成乐器 1
10308,合成乐器 1 [地]
10309,合成乐器 1 [水]
10310,合成乐器 1 [火]
10311,合成乐器 1 [风]
10312,合成乐器 2
10313,合成乐器 2
10314,合成乐器 2
10315,合成乐器 2
10316,合成乐器 2
10317,合成乐器 2
10318,合成乐器 2
10319,合成乐器 2
10320,合成乐器 2 [地]
10321,合成乐器 2 [水]
10322,合成乐器 2 [火]
10323,合成乐器 2 [风]
10324,合成乐器 3
10325,合成乐器 3
10326,合成乐器 3
10327,合成乐器 3
10328,合成乐器 3
10329,合成乐器 3
10330,合成乐器 3
10331,合成乐器 3
10332,合成乐器 3 [地]
10333,合成乐器 3 [水]
10334,合成乐器 3 [火]
10335,合成乐器 3 [风]
10336,合成乐器 4
10337,合成乐器 4
10338,合成乐器 4
10339,合成乐器 4
10340,合成乐器 4
10341,合成乐器 4
10342,合成乐器 4
10343,合成乐器 4
10344,合成乐器 4 [地]
10345,合成乐器 4 [水]
10346,合成乐器 4 [火]
10347,合成乐器 4 [风]
10348,合成乐器 5
10349,合成乐器 5
10350,合成乐器 5
10351,合成乐器 5
10352,合成乐器 5
10353,合成乐器 5
10354,合成乐器 5
10355,合成乐器 5
10356,合成乐器 5 [地]
10357,合成乐器 5 [水]
10358,合成乐器 5 [火]
10359,合成乐器 5 [风]
10700,合成戒指 1
10701,合成戒指 1
10702,合成戒指 1
10703,合成戒指 1
10704,合成戒指 1
10705,合成戒指 1 [地]
10706,合成戒指 1 [地]
10707,合成戒指 1 [地]
10708,合成戒指 1 [地]
10709,合成戒指 1 [地]
10710,合成戒指 1 [水]
10711,合成戒指 1 [水]
10712,合成戒指 1 [水]
10713,合成戒指 1 [水]
10714,合成戒指 1 [水]
10715,合成戒指 1 [火]
10716,合成戒指 1 [火]
10717,合成戒指 1 [火]
10718,合成戒指 1 [火]
10719,合成戒指 1 [火]
10720,合成戒指 1 [风]
10721,合成戒指 1 [风]
10722,合成戒指 1 [风]
10723,合成戒指 1 [风]
10724,合成戒指 1 [风]
10725,合成戒指 2
10726,合成戒指 2
10727,合成戒指 2
10728,合成戒指 2
10729,合成戒指 2
10730,合成戒指 2 [地]
10731,合成戒指 2 [地]
10732,合成戒指 2 [地]
10733,合成戒指 2 [地]
10734,合成戒指 2 [地]
10735,合成戒指 2 [水]
10736,合成戒指 2 [水]
10737,合成戒指 2 [水]
10738,合成戒指 2 [水]
10739,合成戒指 2 [水]
10740,合成戒指 2 [火]
10741,合成戒指 2 [火]
10742,合成戒指 2 [火]
10743,合成戒指 2 [火]
10744,合成戒指 2 [火]
10745,合成戒指 2 [风]
10746,合成戒指 2 [风]
10747,合成戒指 2 [风]
10748,合成戒指 2 [风]
10749,合成戒指 2 [风]
10750,合成戒指 3
10751,合成戒指 3
10752,合成戒指 3
10753,合成戒指 3
10754,合成戒指 3
10755,合成戒指 3 [地]
10756,合成戒指 3 [地]
10757,合成戒指 3 [地]
10758,合成戒指 3 [地]
10759,合成戒指 3 [地]
10760,合成戒指 3 [水]
10761,合成戒指 3 [水]
10762,合成戒指 3 [水]
10763,合成戒指 3 [水]
10764,合成戒指 3 [水]
10765,合成戒指 3 [火]
10766,合成戒指 3 [火]
10767,合成戒指 3 [火]
10768,合成戒指 3 [火]
10769,合成戒指 3 [火]
10770,合成戒指 3 [风]
10771,合成戒指 3 [风]
10772,合成戒指 3 [风]
10773,合成戒指 3 [风]
10774,合成戒指 3 [风]
10775,合成戒指 4
10776,合成戒指 4
10777,合成戒指 4
10778,合成戒指 4
10779,合成戒指 4
10780,合成戒指 4 [地]
10781,合成戒指 4 [地]
10782,合成戒指 4 [地]
10783,合成戒指 4 [地]
10784,合成戒指 4 [地]
10785,合成戒指 4 [水]
10786,合成戒指 4 [水]
10787,合成戒指 4 [水]
10788,合成戒指 4 [水]
10789,合成戒指 4 [水]
10790,合成戒指 4 [火]
10791,合成戒指 4 [火]
10792,合成戒指 4 [火]
10793,合成戒指 4 [火]
10794,合成戒指 4 [火]
10795,合成戒指 4 [风]
10796,合成戒指 4 [风]
10797,合成戒指 4 [风]
10798,合成戒指 4 [风]
10799,合成戒指 4 [风]
10800,合成戒指 5
10801,合成戒指 5
10802,合成戒指 5
10803,合成戒指 5
10804,合成戒指 5
10805,合成戒指 5 [地]
10806,合成戒指 5 [地]
10807,合成戒指 5 [地]
10808,合成戒指 5 [地]
10809,合成戒指 5 [地]
10810,合成戒指 5 [水]
10811,合成戒指 5 [水]
10812,合成戒指 5 [水]
10813,合成戒指 5 [水]
10814,合成戒指 5 [水]
10815,合成戒指 5 [火]
10816,合成戒指 5 [火]
10817,合成戒指 5 [火]
10818,合成戒指 5 [火]
10819,合成戒指 5 [火]
10820,合成戒指 5 [风]
10821,合成戒指 5 [风]
10822,合成戒指 5 [风]
10823,合成戒指 5 [风]
10824,合成戒指 5 [风]
11000,合成首饰 A1
11001,合成首饰 A1
11002,合成首饰 A1
11003,合成首饰 A1
11004,合成首饰 A1
11005,合成首饰 [地] A1
11006,合成首饰 [地] A1
11007,合成首饰 [地] A1
11008,合成首饰 [地] A1
11009,合成首饰 [地] A1
11010,合成首饰 [水] A1
11011,合成首饰 [水] A1
11012,合成首饰 [水] A1
11013,合成首饰 [水] A1
11014,合成首饰 [水] A1
11015,合成首饰 [火] A1
11016,合成首饰 [火] A1
11017,合成首饰 [火] A1
11018,合成首饰 [火] A1
11019,合成首饰 [火] A1
11020,合成首饰 [风] A1
11021,合成首饰 [风] A1
11022,合成首饰 [风] A1
11023,合成首饰 [风] A1
11024,合成首饰 [风] A1
11025,合成首饰 A2
11026,合成首饰 A2
11027,合成首饰 A2
11028,合成首饰 A2
11029,合成首饰 A2
11030,合成首饰 [地] A2
11031,合成首饰 [地] A2
11032,合成首饰 [地] A2
11033,合成首饰 [地] A2
11034,合成首饰 [地] A2
11035,合成首饰 [水] A2
11036,合成首饰 [水] A2
11037,合成首饰 [水] A2
11038,合成首饰 [水] A2
11039,合成首饰 [水] A2
11040,合成首饰 [火] A2
11041,合成首饰 [火] A2
11042,合成首饰 [火] A2
11043,合成首饰 [火] A2
11044,合成首饰 [火] A2
11045,合成首饰 [风] A2
11046,合成首饰 [风] A2
11047,合成首饰 [风] A2
11048,合成首饰 [风] A2
11049,合成首饰 [风] A2
11050,合成首饰 A3
11051,合成首饰 A3
11052,合成首饰 A3
11053,合成首饰 A3
11054,合成首饰 A3
11055,合成首饰 [地] A3
11056,合成首饰 [地] A3
11057,合成首饰 [地] A3
11058,合成首饰 [地] A3
11059,合成首饰 [地] A3
11060,合成首饰 [水] A3
11061,合成首饰 [水] A3
11062,合成首饰 [水] A3
11063,合成首饰 [水] A3
11064,合成首饰 [水] A3
11065,合成首饰 [火] A3
11066,合成首饰 [火] A3
11067,合成首饰 [火] A3
11068,合成首饰 [火] A3
11069,合成首饰 [火] A3
11070,合成首饰 [风] A3
11071,合成首饰 [风] A3
11072,合成首饰 [风] A3
11073,合成首饰 [风] A3
11074,合成首饰 [风] A3
11075,合成首饰 B1
11076,合成首饰 B1
11077,合成首饰 B1
11078,合成首饰 B1
11079,合成首饰 B1
11080,合成首饰 B1
11081,合成首饰 B1
11082,合成首饰 B1
11083,合成首饰 B1
11084,合成首饰 B1
11085,合成首饰 [地] B1
11086,合成首饰 [地] B1
11087,合成首饰 [地] B1
11088,合成首饰 [地] B1
11089,合成首饰 [地] B1
11090,合成首饰 [地] B1
11091,合成首饰 [地] B1
11092,合成首饰 [地] B1
11093,合成首饰 [地] B1
11094,合成首饰 [地] B1
11095,合成首饰 [水] B1
11096,合成首饰 [水] B1
11097,合成首饰 [水] B1
11098,合成首饰 [水] B1
11099,合成首饰 [水] B1
11100,合成首饰 [水] B1
11101,合成首饰 [水] B1
11102,合成首饰 [水] B1
11103,合成首饰 [水] B1
11104,合成首饰 [水] B1
11105,合成首饰 [火] B1
11106,合成首饰 [火] B1
11107,合成首饰 [火] B1
11108,合成首饰 [火] B1
11109,合成首饰 [火] B1
11110,合成首饰 [火] B1
11111,合成首饰 [火] B1
11112,合成首饰 [火] B1
11113,合成首饰 [火] B1
11114,合成首饰 [火] B1
11115,合成首饰 [风] B1
11116,合成首饰 [风] B1
11117,合成首饰 [风] B1
11118,合成首饰 [风] B1
11119,合成首饰 [风] B1
11120,合成首饰 [风] B1
11121,合成首饰 [风] B1
11122,合成首饰 [风] B1
11123,合成首饰 [风] B1
11124,合成首饰 [风] B1
11125,合成首饰     B2
11126,合成首饰 B2
11127,合成首饰 B2
11128,合成首饰 B2
11129,合成首饰 B2
11130,合成首饰 B2
11131,合成首饰 B2
11132,合成首饰 B2
11133,合成首饰 B2
11134,合成首饰 B2
11135,合成首饰 [地] B2
11136,合成首饰 [地] B2
11137,合成首饰 [地] B2
11138,合成首饰 [地] B2
11139,合成首饰 [地] B2
11140,合成首饰 [地] B2
11141,合成首饰 [地] B2
11142,合成首饰 [地] B2
11143,合成首饰 [地] B2
11144,合成首饰 [地] B2
11145,合成首饰 [水] B2
11146,合成首饰 [水] B2
11147,合成首饰 [水] B2
11148,合成首饰 [水] B2
11149,合成首饰 [水] B2
11150,合成首饰 [水] B2
11151,合成首饰 [水] B2
11152,合成首饰 [水] B2
11153,合成首饰 [水] B2
11154,合成首饰 [水] B2
11155,合成首饰 [火] B2
11156,合成首饰 [火] B2
11157,合成首饰 [火] B2
11158,合成首饰 [火] B2
11159,合成首饰 [火] B2
11160,合成首饰 [火] B2
11161,合成首饰 [火] B2
11162,合成首饰 [火] B2
11163,合成首饰 [火] B2
11164,合成首饰 [火] B2
11165,合成首饰 [风] B2
11166,合成首饰 [风] B2
11167,合成首饰 [风] B2
11168,合成首饰 [风] B2
11169,合成首饰 [风] B2
11170,合成首饰 [风] B2
11171,合成首饰 [风] B2
11172,合成首饰 [风] B2
11173,合成首饰 [风] B2
11174,合成首饰 [风] B2
11400,合成耳环1
11401,合成耳饰 1
11402,合成耳饰 1
11403,合成耳饰 1
11404,合成耳饰 1
11405,合成耳饰 1 [地]
11406,合成耳饰 1 [地]
11407,合成耳饰 1 [地]
11408,合成耳饰 1 [地]
11409,合成耳饰 1 [地]
11410,合成耳饰 1 [水]
11411,合成耳饰 1 [水]
11412,合成耳饰 1 [水]
11413,合成耳饰 1 [水]
11414,合成耳饰 1 [水]
11415,合成耳饰 1 [火]
11416,合成耳饰 1 [火]
11417,合成耳饰 1 [火]
11418,合成耳饰 1 [火]
11419,合成耳饰 1 [火]
11420,合成耳饰 1 [风]
11421,合成耳饰 1 [风]
11422,合成耳饰 1 [风]
11423,合成耳饰 1 [风]
11424,合成耳饰 1 [风]
11425,合成耳环2
11426,合成耳饰 2
11427,合成耳饰 2
11428,合成耳饰 2
11429,合成耳饰 2
11430,合成耳饰 2 [地]
11431,合成耳饰 2 [地]
11432,合成耳饰 2 [地]
11433,合成耳饰 2 [地]
11434,合成耳饰 2 [地]
11435,合成耳饰 2 [水]
11436,合成耳饰 2 [水]
11437,合成耳饰 2 [水]
11438,合成耳饰 2 [水]
11439,合成耳饰 2 [水]
11440,合成耳饰 2 [火]
11441,合成耳饰 2 [火]
11442,合成耳饰 2 [火]
11443,合成耳饰 2 [火]
11444,合成耳饰 2 [火]
11445,合成耳饰 2 [风]
11446,合成耳饰 2 [风]
11447,合成耳饰 2 [风]
11448,合成耳饰 2 [风]
11449,合成耳饰 2 [风]
11450,合成耳环3
11451,合成耳饰 3
11452,合成耳饰 3
11453,合成耳饰 3
11454,合成耳饰 3
11455,合成耳饰 3 [地]
11456,合成耳饰 3 [地]
11457,合成耳饰 3 [地]
11458,合成耳饰 3 [地]
11459,合成耳饰 3 [地]
11460,合成耳饰 3 [水]
11461,合成耳饰 3 [水]
11462,合成耳饰 3 [水]
11463,合成耳饰 3 [水]
11464,合成耳饰 3 [水]
11465,合成耳饰 3 [火]
11466,合成耳饰 3 [火]
11467,合成耳饰 3 [火]
11468,合成耳饰 3 [火]
11469,合成耳饰 3 [火]
11470,合成耳饰 3 [风]
11471,合成耳饰 3 [风]
11472,合成耳饰 3 [风]
11473,合成耳饰 3 [风]
11474,合成耳饰 3 [风]
11475,合成耳环4
11476,合成耳饰 4
11477,合成耳饰 4
11478,合成耳饰 4
11479,合成耳饰 4
11480,合成耳饰 4 [地]
11481,合成耳饰 4 [地]
11482,合成耳饰 4 [地]
11483,合成耳饰 4 [地]
11484,合成耳饰 4 [地]
11485,合成耳饰 4 [水]
11486,合成耳饰 4 [水]
11487,合成耳饰 4 [水]
11488,合成耳饰 4 [水]
11489,合成耳饰 4 [水]
11490,合成耳饰 4 [火]
11491,合成耳饰 4 [火]
11492,合成耳饰 4 [火]
11493,合成耳饰 4 [火]
11494,合成耳饰 4 [火]
11495,合成耳饰 4 [风]
11496,合成耳饰 4 [风]
11497,合成耳饰 4 [风]
11498,合成耳饰 4 [风]
11499,合成耳饰 4 [风]
11500,合成耳环5
11501,合成耳饰 5
11502,合成耳饰 5
11503,合成耳饰 5
11504,合成耳饰 5
11505,合成耳饰 5 [地]
11506,合成耳饰 5 [地]
11507,合成耳饰 5 [地]
11508,合成耳饰 5 [地]
11509,合成耳饰 5 [地]
11510,合成耳饰 5 [水]
11511,合成耳饰 5 [水]
11512,合成耳饰 5 [水]
11513,合成耳饰 5 [水]
11514,合成耳饰 5 [水]
11515,合成耳饰 5 [火]
11516,合成耳饰 5 [火]
11517,合成耳饰 5 [火]
11518,合成耳饰 5 [火]
11519,合成耳饰 5 [火]
11520,合成耳饰 5 [风]
11521,合成耳饰 5 [风]
11522,合成耳饰 5 [风]
11523,合成耳饰 5 [风]
11524,合成耳饰 5 [风]
11700,合成护身符
11701,合成护身符
11702,合成护身符
11703,合成护身符
11704,合成护身符
11705,合成护身符
11706,合成护身符
11707,合成护身符
11708,合成护身符
11709,合成护身符
11710,合成护身符
11711,合成护身符
11712,合成护身符
11713,合成护身符
11714,合成护身符
11715,合成护身符
11716,合成护身符
11717,合成护身符
11718,合成护身符
11719,合成护身符
11800,长青苔的石
11801,光滑的石
11802,球石
11803,凹凸不平的石
11804,洗涤石
11805,坏石
11806,酸石
11807,好石
11808,发光的钝石
11809,发红光的石
11810,腐烂的木
11811,小枝
11812,枝干
11813,潮湿的木
11814,新木
11815,晒乾的木
11816,光滑的木
11817,古代木
11818,灵木
11819,神木
11820,骨的碎片
11821,有裂痕的骨
11822,弱的骨
11823,变色的骨
11824,珍贵的骨
11825,硬的骨
11826,兽之骨
11827,古老的骨
11828,骨的化石
11829,龙骨的化石
11830,牙的碎片
11831,小牙
11832,折断的牙
11833,硬的牙
11834,大牙
11835,锐利的牙
11836,猛兽的牙
11837,龙之牙
11838,月之牙
11839,太阳之牙
11840,破烂的皮
11841,易破的皮
11842,薄的皮
11843,光滑的皮
11844,厚的皮
11845,熟皮
11846,有光泽的皮
11847,硬的皮
11848,点不燃的皮
11849,耐用的皮
11850,爪的碎片
11851,裂开的爪
11852,小的爪
11853,钩爪
11854,珍贵的爪
11855,大的爪
11856,硬的爪
11857,锐利的爪
11858,猛兽的爪
11859,龙之爪
11860,砂色的贝壳
11861,土色的贝壳
11862,樱色的贝壳
11863,红色的贝壳
11864,苍色的贝壳
11865,海色的贝壳
11866,水色的贝壳
11867,天空色的贝壳
11868,海的叁连贝
11869,天空的叁连贝
11870,裂开的壳
11871,小的壳
11872,有裂痕的壳
11873,薄的壳
11874,褪色的壳
11875,大的壳
11876,硬的壳
11877,珍贵的壳
11878,年代久远的壳
11879,千年龟的壳
11880,蜘蛛的丝
11881,草的蔓
11882,木的蔓
11883,毛编的绳
11884,皮的绳
11885,耐用的蔓
11886,粗糙的绳
11887,强的绳
11888,粗的绳
11889,切不断的绳
11890,小的花
11891,短暂的花
11892,朝露的花
11893,香的花
11894,大的花
11895,美丽的花
11896,不可思议的花
11897,珍贵的花
11898,古代花
11899,千年花
11900,乾涸的黏土
11901,黏黏的黏土
11902,水分多的黏土
11903,柔软的黏土
11904,硬的黏土
11905,不可思议的黏土
11906,化石的黏土
11907,上等的黏土
11908,古代的黏土
11909,创造的黏土
11910,鳞的碎片
11911,小鱼的鳞
11912,小的鳞
11913,清澈的鳞
11914,轻的鳞
11915,大的鳞
11916,重的鳞
11917,硬的鳞
11918,不可思议的鳞
11919,龙之鳞
11920,腐烂的叶
11921,枯萎的叶
11922,小的叶
11923,新叶
11924,珍贵的叶
11925,大的叶
11926,不可思议的叶
11927,灵木的叶
11928,千年树的叶
11929,世界树的叶
11930,腐烂的草
11931,更腐烂的草
11932,毒人
11933,强力的毒人
11934,铃兰草
11935,强力的铃兰草
11936,蔓陀萝根
11937,强力的蔓陀萝根
11938,鸟衣草
11939,强力的鸟衣草
11940,引袖草
11941,接着草
11942,麻痹草
11943,切足草
11944,硬化草
11945,固定草
11946,岩石草
11947,化石草
11948,蛇目草
11949,石化草
11950,双子草
11951,忘记草
11952,迷惑草
11953,回神草
11954,吹雾草
11955,不知草
11956,不归草
11957,怪物草
11958,迷幻草
11959,忘忧草
11960,微醉草
11961,蹒跚草
11962,微笑草
11963,酒醉草
11964,宴会草
11965,月醉草
11966,大虎草
11967,泥醉草
11968,酩酊草
11969,酒仙草
11970,微香草
11971,小憩草
11972,夜夜草
11973,春眠草
11974,追暗草
11975,越冬草
11976,打盹草
11977,作梦草
11978,睡眠草
11979,幸福草
11980,向日草
11981,治愈草
11982,根根草
11983,蜜草
11984,乳草
11985,血涌草
11986,太阳草
11987,出水草
11988,药珍草
11989,灵草
11990,捏鼻草
11991,梦醒草
11992,日出草
11993,回神草
11994,光草
11995,追灯草
11996,去暗草
11997,日轮草
11998,凤凰草
11999,反魂草
12000,有缺陷的水晶
12001,尚未琢磨的水晶
12002,光滑光滑的水晶
12003,普通普通的水晶
12004,相当不错的水晶
12005,美丽的水晶
12006,漂亮的水晶
12007,非常棒的水晶
12008,神秘的水晶
12009,最上级的水晶
12010,粗糙的砂
12011,潮湿的砂
12012,细的砂
12013,乾燥的砂
12014,美丽的砂
12015,闪耀的砂
12016,光辉的砂
12017,海之砂
12018,月之砂
12019,星之砂
12020,朝露的水滴
12021,雨水的水滴
12022,涌泉的水滴
12023,融雪的水滴
12024,清水的水滴
12025,蒸馏水的水滴
12026,地下水的水滴
12027,圣水的水滴
12028,灵水的水滴
12029,奇迹之水的水滴
12030,火药草
12031,火之粉草
12032,火花草
12033,灯火草
12034,火炎草
12035,燃火草
12036,红莲草
12037,烈火草
12038,业火草
12039,火焰草
12040,凯比的羽毛
12041,凯比特的羽毛
12042,乌宝宝的羽毛
12043,火鸡的羽毛
12044,霍尔克的羽毛
12045,加美的羽毛
12046,加斯的羽毛
12047,克克洛斯的羽毛
12048,帖拉格恩的羽毛
12049,朵拉比斯的羽毛
12050,普通的蛋
12051,大的蛋
12052,刚产的蛋
12053,高级的蛋
12054,晒乾的蜥蜴
12055,大的蜥蜴
12056,胖的蜥蜴
12057,梦幻的蜥蜴
12058,晒乾的青蛙
12059,活跳跳的青蛙
12060,胖的青蛙
12061,四六的青蛙
12062,晒乾的鱼
12063,新鲜的鱼
12064,深海鱼
12065,高级鱼
12066,普通的螃蟹
12067,胖的螃蟹
12068,长足螃蟹
12069,毛蟹
12070,普通的花枝
12071,大的花枝
12072,新鲜的花枝
12073,大王花枝
12074,普通的章鱼
12075,大的章鱼
12076,新鲜的章鱼
12077,活跳跳章鱼
12078,普通的虾
12079,大的虾
12080,新鲜的虾
12081,高级玛丽娜丝虾
12082,晒乾的海星
12083,有光泽的海星
12084,大的海星
12085,高级玛丽娜丝海星
12086,晒乾的海藻
12087,美丽的海藻
12088,新鲜的海藻
12089,卡鲁它那产海藻
12090,普通的红萝卜
12091,大的红萝卜
12092,有光泽的红萝卜
12093,柯奥产的红萝卜
12094,普通的青椒
12095,大的青椒
12096,有光泽的青椒
12097,柯奥产的青椒
12098,普通的蕃茄
12099,大的蕃茄
12100,熟透的蕃茄
12101,加加产的蕃茄
12102,普通的茄子
12103,大的茄子
12104,有光泽的茄子
12105,柯奥产的茄子
12106,普通的包心菜
12107,大的包心菜
12108,水分多的包心菜
12109,柯奥产的包心菜
12110,细的葱
12111,长的葱
12112,粗的葱
12113,霍特尔产的葱
12114,普通的大蒜
12115,大的大蒜
12116,香味十足的大蒜
12117,霍特尔产的大蒜
12118,有点过期的豆子
12119,大粒的豆子
12120,水分多的豆子
12121,霍特尔产的豆子
12122,晒乾的香菇
12123,大的香菇
12124,新鲜的香菇
12125,加加产的香菇
12126,细的芦笋
12127,长的芦笋
12128,粗的芦笋
12129,加加产的芦笋
12130,普通的马铃薯
12131,大的马铃薯
12132,有光泽的马铃薯
12133,霍特尔产的马铃薯
12134,普通的地瓜
12135,大的地瓜
12136,有光泽的地瓜
12137,霍特尔产的地瓜
12138,细的小黄瓜
12139,大的小黄瓜
12140,有光泽的小黄瓜
12141,多多产的小黄瓜
12142,普通的米
12143,好吃的米
12144,新米
12145,柯奥产的米
12146,普通的橡树果
12147,大的橡树果
12148,有光泽的橡树果
12149,好吃时期的橡树果
12150,普通的桃子
12151,大的桃子
12152,熟透的桃子
12153,萨姆吉尔产的桃子
12154,普通的苹果
12155,大的苹果
12156,水分多的苹果
12157,萨姆吉尔产的苹果
12158,野草莓
12159,大粒的草莓
12160,水分多的草莓
12161,萨姆吉尔产的草莓
12162,普通的梨子
12163,大的梨子
12164,水分多的梨子
12165,萨姆吉尔产的梨子
12166,普通的葡萄
12167,大的葡萄
12168,水分多的葡萄
12169,萨姆吉尔产的葡萄
12170,普通的樱桃
12171,大粒的樱桃
12172,水分多的樱桃
12173,萨姆吉尔产的樱桃
12174,普通的胡椒
12175,黑胡椒
12176,香味浓厚的胡椒
12177,塔姆塔姆产的胡椒
12178,普通的盐
12179,粗盐
12180,美丽的盐
12181,卡鲁它那产的盐
12182,普通的砂糖
12183,细砂糖
12184,香味浓厚的砂糖
12185,奇喀喀产的砂糖
12186,普通的油
12187,清澈的油
12188,香味浓厚的油
12189,塔姆塔姆产的油
12190,普通的生姜
12191,大的生姜
12192,香味浓厚的生姜
12193,塔姆塔姆产的生姜
12194,卷贝
12195,大的贝
12196,新鲜的贝
12197,卡鲁它那产的贝
12198,乾燥的香草
12199,粉末的香草
12200,水分多的香草
12201,香味浓厚的香草
12202,普通的串
12203,锐利的串
12204,有香味的串
12205,高级串
12206,好喝的水
12207,井户水
12208,溪流的水
12209,多多的好喝的水
12210,晒乾的炭
12211,燃烧完全的炭
12212,品质优良的炭
12213,加加产的高级炭
12214,普通的橘子
12215,很大的橘子
12216,甜橘
12217,萨姆吉尔产的橘子
12218,普通的柿子
12219,大柿子
12220,熟柿子
12221,萨姆吉尔产的柿子
12222,普通的白菜
12223,很大的白菜
12224,含水分的白菜
12225,柯奥产的白菜
12226,普通的笋子
12227,很大的竹笋
12228,有嚼劲的笋子
12229,多多产的笋子
12500,很好喝的加米汤
12501,白米鲜味高汤
12502,味道爽口的加米汤
12503,清爽米汤
12504,热米汤
12505,很好喝的肉汤
12506,炖肉高汤
12507,味道爽口的汤
12508,清爽肉汤
12509,热肉汤
12510,很好喝的鱼肉汤
12511,炖鱼高汤
12512,味道爽口的鱼肉汤
12513,清爽鱼汤
12514,热鱼汤
12515,很好喝的蔬菜汤
12516,炖蔬菜高汤
12517,味道爽口的蔬菜汤
12518,清爽蔬菜汤
12519,苦的菜汤
12520,美味鱼肉味噌汤
12521,辣味鱼的味噌汤
12522,淡味鱼味噌汤
12523,甜味鱼的味噌汤
12524,热的鱼味噌汤
12525,美味蔬菜味噌汤
12526,青菜辣味增汤
12527,青菜甜味增
12528,甜味蔬菜味噌汤
12529,热蔬菜味噌汤
12530,炖烂肉
12531,大块肉煮
12532,肉片煮
12533,小块肉煮
12534,精心炖煮过的肉丸
12535,超级辣的炖肉跟青菜
12536,辣肉蔬菜煮
12537,肉蔬菜大锅煮
12538,香甜的炖肉跟青菜
12539,水煮肉跟青菜
12540,可怕的大锅煮
12541,豪华的大锅煮
12542,有趣的大锅煮
12543,别出心裁的大锅煮
12544,即席大锅煮
12545,炸硬螃蟹
12546,香炸脆蟹
12547,面皮很厚的炸螃蟹
12548,鲜美的油炸螃蟹
12549,盐味的油炸螃蟹
12550,豪迈的炒青菜
12551,香料炒蔬菜
12552,生炒蔬菜
12553,味道爽口的炒青菜
12554,简单的炒青菜
12555,煮了很久的蔬菜
12556,健康温青菜
12557,生煮温蔬菜
12558,稍甜的烫青菜
12559,现有的蔬菜
12560,新鲜的沙拉
12561,水果沙拉
12562,香料沙拉
12563,海藻沙拉
12564,绿色沙拉
12565,烤焦的牛排
12566,香料牛排
12567,半熟的牛排
12568,肉汁四溢的牛排
12569,即席牛排
12570,变色的肉盘
12571,豪华肉拼盘
12572,脂肪多的肉饭
12573,有份量的肉饭
12574,简单的肉饭
12575,坚硬的保存肉
12576,腌渍的保存肉
12577,冷冻保存肉
12578,硬的保存肉
12579,晒过的保存用肉乾
12580,煮过变色的鸡蛋
12581,半熟的荷包蛋
12582,破了的荷包蛋
12583,硬掉的荷包蛋
12584,荷包蛋
12585,坚硬肉串烧
12586,大块肉串烧
12587,串烧红肉
12588,厚肉块串烧
12589,小块肉串烧
12590,烂青菜的串烧
12591,豪华蔬菜串烧
12592,生烤蔬菜串烧
12593,新鲜串烧蔬菜
12594,即席蔬菜串烧
12595,出乎意料的混合串烧
12596,豪华海鲜串烧
12597,豪华综合串烧
12598,综合章鱼串烧
12599,混合串烧
12600,盐味鱼串烧
12601,即席鱼肉串烧
12602,烤焦的鱼串烧
12603,茄子的盐味串烧
12604,即席茄子串烧
12605,烤焦的茄子串烧
12606,海星的盐味串烧
12607,即席海星串烧
12608,烧焦海星串烧
12609,螃蟹的盐味串烧
12610,即席螃蟹串烧
12611,烤焦的螃蟹串烧
12612,虾子的盐味串烧
12613,即席虾子串烧
12614,烤焦的虾子串烧
12615,蜥蜴的盐味串烧
12616,即席蜥蜴串烧
12617,烤焦的蜥蜴串烧
12618,盐味花枝串烧
12619,即席花枝串烧
12620,烤焦的花枝串烧
12621,盐味章鱼串烧
12622,即席章鱼串烧
12623,烤焦的章鱼串烧
12624,蘑菇的盐味串烧
12625,即席香菇串烧
12626,烤焦的香菇串烧
12627,盐味兽肉串烧
12628,即席兽肉串烧
12629,烤焦的兽肉串烧
12630,石烤地瓜
12631,叶子烤蕃薯
12632,半熟的芋头
12633,烤焦的地瓜串烧
12634,生烤地瓜
12635,硬的面包
12636,香喷喷面包
12637,柔软的面包
12638,小面包
12639,柔软饭团
12640,大饭团
12641,热腾腾的饭团
12642,特制叁明治
12643,什锦叁明治
12644,水果叁明治
12645,乾燥的沙拉
12646,蔬菜叁明治
12647,肉叁明治
12648,叁明治便当
12649,味道很强的水果酒
12650,水果酒
12651,苦的水果酒
12652,甜的水果酒
12653,水果汁
12654,水果蛋糕
12655,特大荷包蛋
12656,洋芋片
12657,炸马铃薯
12658,上好串烧
12659,梦幻的汤
12660,诡异的牛肉炖煮
12661,普通普通的炖牛肉
12662,很好吃的牛肉炖煮
12663,可口的炖牛肉
12664,独门秘方牛肉炖煮
12665,烧焦的烤猪排
12666,冷掉的烤猪排
12667,烤猪排
12668,加蛋的烤猪排
12669,极致的烤猪排
12670,烤焦的鱼
12671,咸的烤鱼
12672,烤鱼
12673,乾鱿鱼
12674,烤花枝
12675,新鲜的烤花枝
12676,烤花枝加墨汁
12677,炭烧乌贼
12678,青蛙手卷
12679,葡萄饭团
12680,苹果饭团
12681,烤饭团
12682,大补饭团
12683,煮鱼
12684,生姜煮鱼
12685,铁板肉
12686,汉堡
12687,原始肉的超豪华套餐
12688,原始肉的豪华套餐
12689,原始肉的特别套餐
12690,原始肉的经济套餐
12691,原始肉套餐剩馀的东西
12692,特制5倍厚肉片
12693,特制4倍厚肉片
12694,特制3倍厚肉片
12695,特制2倍厚肉片
12696,特制厚肉片
12697,油炸螃蟹
12698,暖暖的炖煮
12699,热带风煮鱼
12700,山煮蘑菇
12701,里煮蘑菇
12702,村煮蘑菇
12703,街煮蘑菇
12704,大城市煮的蘑菇
12705,煮贝类鱼肉
12706,培根鱼炖煮
12707,双鱼炖煮
12708,照烧煮鱼
12709,烤鱼料理
12710,赏月鱼料理
12711,炸鱼炖煮
12712,鱼大锅煮
12713,慢火煮
12714,嫩肉汤
12715,精心炖煮的汤
12716,活力汤
12717,份量十足的汤
12718,随便煮煮汤
12719,美食汤
12720,美味汤
12721,很腥的汤
12722,剩饭汤
12723,细炖汤
12724,痛辣汤
12725,超级辣汤
12726,蛋壳蒸
12727,原始茶碗蒸
12728,橡树果料理
12729,叁色串
12730,五色串
12731,好吃海鲜串
12732,内脏串煮
12733,体力增强香菇串
12734,气力增强蘑菇串
12735,美味团子
12736,一条小鱼串
12737,肉葱串
12738,肉串
12739,肥肉串
12740,巨人俱乐部
12741,保存用晒乾肉
12742,豪华游乐套餐
12744,爱情御饭团
12745,清脆沙拉
12746,千层沙拉
12747,秘密的沙拉
12748,特制沙拉
12749,我家沙拉
12750,水果拼盘
12751,生日蛋糕
12752,温泉蛋
12753,蛋特选
12754,芦笋棒
12755,萝卜棒
12756,茄子跟班
12757,生包心菜
12759,俄式宠物食物1
12761,俄式宠物食物2
12763,高级宠物食品
12765,乾过头的鱼乾
12766,半生鱼乾
12768,普通的晒乾鱼
12769,高级晒乾鱼
12770,特选晒乾鱼
12771,腐烂的纳豆
12772,普通的纳豆
12773,特选纳豆
12774,便宜香草茶
12775,普通香草茶
12776,高级香草茶
12777,便宜咖啡
12778,普通咖啡
12779,高级咖啡
12780,生姜汤
12781,毛豆
12782,苹果糖
12783,樱桃糖
12784,生螃蟹球
12785,即席螃蟹球
12786,普通螃蟹球
12787,高级螃蟹球
12788,浊酒
12789,凉酒
12790,冷酒
12791,蛋酒
12792,蛋年糕
12793,鸡蛋杂煮
12794,味噌汤
12795,好喝的味噌汤
12796,螃蟹味噌汤
12797,便利商店关东煮
12798,冷掉的关东煮
12799,铁人关东煮
12800,家庭的关东煮
12801,清汤
12802,蜥蜴高汤
12803,历史悠久汤
12804,鱼贝叁大汤
12805,危险的生鱼片
12806,冷冻的生鱼片
12807,高级生鱼片
12808,豪华船生鱼片
12809,酸水果
12810,成熟水果
12811,有筋的里肌肉
12812,烤筋肉
12813,烤赤肉
12814,烤霜降牛肉
12815,烤珍贵的香菇
12816,烤松露
12817,烤超上等香菇
12818,团子
12819,红豆团子
12820,芋头团子
12821,大福
12822,草莓大福
12823,祝福酒
12824,壶烤卷贝
12825,烤大贝壳
12826,灼热烤贝壳
12827,渔村风烤贝壳
12828,爆豆子
12829,神秘的肉丸
12830,葡萄乾
12831,蛋蜜汁
12832,贝壳片
12833,果菜汁
12834,青椒包肉
12835,香肠
12836,绿汁
12837,综合豆点心
12838,年糕
12839,盐腌黄瓜
12840,烤章鱼丸
12841,草莓腌砂糖
12842,姜板
12843,卡琳糖
12844,豆浆
12845,明太子黄瓜
12846,酸海苔
12847,花枝脚
12848,海星火焰
12849,威力上升蘑菇
12850,超呛大蒜
12851,好喝的过滤水
12852,烤青蛙
12853,必胜祈愿姜
12854,苹果棒
12855,苹果点心
12856,喷嚏的元素
12857,芦笋Mini
12858,跳跃青蛙
12859,天然桃子水
12860,白雪苹果
12861,1世纪梨
12862,蒜豆
12863,地瓜饭
12864,3分钟沙拉
12865,两栖类生鱼片
12866,包心菜卷肉
12867,加入生鸡蛋的饮料水
12868,萝卜葱棒
12869,塔姆塔姆烤生姜
12870,小黄瓜汤
12871,多多产的小黄瓜汁
12872,海星梨
12873,大口咬蕃茄
12874,苹果酱汁牛排
12875,蜜桃酱汁牛排
12876,草莓酱汁牛排
12877,梨子酱汁牛排
12878,葡萄酱汁牛排
12879,樱桃酱汁牛排
12880,泡菜
12881,贝类饭
12882,生贝肉
12883,贝壳串
12884,胡椒海星
12885,盐渍海星
12886,特制海星
12887,海星饭
12888,小点心肉
12889,一口肉
12890,小的肉
12891,丸丸肉
12892,大块的肉
12893,满腹肉
12894,好吃的肉
12895,很好吃的肉
12896,非常好吃的肉
12897,超级好吃的肉
12898,黄金饭
12899,热腾腾的饭
12900,硬的饭
12901,粘糊糊的饭
12902,赤饭
12903,豪华粥
12904,杂煮味增
12905,青菜年糕
12906,懒人粥
12907,镜年糕
12908,细烤年糕
12909,烤焦的年糕
12910,鱼糕
12911,豪华年菜
12912,山菜年菜
12913,海产年菜
12914,青鱼子
12915,乾柿子
12916,勾玉巧克力
12917,蛋型巧克力
12918,巧克力片
12919,图腾巧克力
12920,果汁软糖
12921,草莓软糖
12922,草莓勾玉糖
12923,橘子勾玉糖
12924,饼乾
12925,海星饼乾
12926,肉粽
12927,加了酱汁的粽子
12928,沾糖吃的粽子
12929,原始粽子
13000,肉
13001,咒术的兜
13004,地100?
13005,水100?
13006,火100?
13007,风100?
13019,测试麦克风
13020,取─名字 ∞
13021,取─名字 1
13022,测试骰子
13023,10击连续技
13024,2回刺枪
13025,1～3回刺枪
13026,10回刺枪
13027,复活吸收的手镯
13028,反射复活的帽子
13029,复活无效化的铠甲
13030,石器时代生日蛋糕
13031,#测试的肉
13032,彩卷Ａ
13033,彩卷Ｂ
13034,彩卷Ｃ
13035,彩卷Ｄ
13036,彩卷Ｅ
13037,彩卷Ｆ
13038,彩卷Ｇ
13039,彩卷Ｈ
13040,伊甸园的羽毛
13041,萨姆吉尔羽毛
13042,玛丽娜丝羽毛
13043,加加村的羽毛
13044,卡鲁它那羽毛
13045,福尔德的羽毛
13046,奇喀喀的羽毛
13047,达那村的羽毛
13048,柯奥村的羽毛
13049,塔姆塔姆羽毛
13050,卡坦村的羽毛
13051,乌鲁力的羽毛
13052,霍特尔的羽毛
13053,多多村的羽毛
13061,萨姆吉尔羽毛
13062,玛丽娜丝羽毛
13063,加加村的羽毛
13064,卡鲁它那羽毛
13065,福尔德的羽毛
13066,奇喀喀的羽毛
13067,达那村的羽毛
13068,柯奥村的羽毛
13069,塔姆塔姆羽毛
13070,卡坦村的羽毛
13071,乌鲁力的羽毛
13072,霍特尔的羽毛
13073,多多村的羽毛
13074,有光晕的红石
13075,特选神木
13076,稀少的龙骨
13077,光之牙
13078,最好的皮
13079,最强之爪
13080,神秘的叁连贝
13081,未知的壳
13082,最坚实的绳
13083,不知名的花
13084,梦幻的黏土
13085,圣兽之鳞
13086,梦之树的叶
13087,梦幻级的水晶
13088,玄黄洞窟羽毛
13089,琉璃洞窟羽毛
13090,碧青洞窟羽毛
13091,漆黑洞窟羽毛
13092,深红洞窟羽毛
13101,彩卷Ｉ
13102,彩卷Ｊ
13103,朵洛将恩的肉
13104,朵洛将恩的肉
13105,朵洛将恩的肉
13106,朵洛将恩的肉
13107,朵洛将恩的肉
13108,朵洛将恩的肉
13109,蛋黄酥
13110,豆沙枣泥月饼
13111,石器月饼
13112,石器雪饼
13113,柚子
14000,可儿叫老公回家的信
14001,合成斧头 11
14002,合成斧头 11
14003,合成斧头 11
14004,合成斧头 11
14005,合成斧头 11
14006,合成斧头 11
14007,合成斧头 11 [地]
14008,合成斧头 11 [地]
14009,合成斧头 11 [地]
14010,合成斧头 11 [地]
14011,合成斧头 11 [地]
14012,合成斧头 11 [地]
14013,合成斧头 11 [水]
14014,合成斧头 11 [水]
14015,合成斧头 11 [水]
14016,合成斧头 11 [水]
14017,合成斧头 11 [水]
14018,合成斧头 11 [水]
14019,合成斧头 11 [火]
14020,合成斧头 11 [火]
14021,合成斧头 11 [火]
14022,合成斧头 11 [火]
14023,合成斧头 11 [火]
14024,合成斧头 11 [火]
14025,合成斧头 11 [风]
14026,合成斧头 11 [风]
14027,合成斧头 11 [风]
14028,合成斧头 11 [风]
14029,合成斧头 11 [风]
14030,合成斧头 11 [风]
14031,合成斧头 12
14032,合成斧头 12
14033,合成斧头 12
14034,合成斧头 12
14035,合成斧头 12
14036,合成斧头 12
14037,合成斧头 12 [地]
14038,合成斧头 12 [地]
14039,合成斧头 12 [地]
14040,合成斧头 12 [地]
14041,合成斧头 12 [地]
14042,合成斧头 12 [地]
14043,合成斧头 12 [水]
14044,合成斧头 12 [水]
14045,合成斧头 12 [水]
14046,合成斧头 12 [水]
14047,合成斧头 12 [水]
14048,合成斧头 12 [水]
14049,合成斧头 12 [火]
14050,合成斧头 12 [火]
14051,合成斧头 12 [火]
14052,合成斧头 12 [火]
14053,合成斧头 12 [火]
14054,合成斧头 12 [火]
14055,合成斧头 12 [风]
14056,合成斧头 12 [风]
14057,合成斧头 12 [风]
14058,合成斧头 12 [风]
14059,合成斧头 12 [风]
14060,合成斧头 12 [风]
14061,合成斧头 13
14062,合成斧头 13
14063,合成斧头 13
14064,合成斧头 13
14065,合成斧头 13
14066,合成斧头 13
14067,合成斧头 13 [地]
14068,合成斧头 13 [地]
14069,合成斧头 13 [地]
14070,合成斧头 13 [地]
14071,合成斧头 13 [地]
14072,合成斧头 13 [地]
14073,合成斧头 13 [水]
14074,合成斧头 13 [水]
14075,合成斧头 13 [水]
14076,合成斧头 13 [水]
14077,合成斧头 13 [水]
14078,合成斧头 13 [水]
14079,合成斧头 13 [火]
14080,合成斧头 13 [火]
14081,合成斧头 13 [火]
14082,合成斧头 13 [火]
14083,合成斧头 13 [火]
14084,合成斧头 13 [火]
14085,合成斧头 13 [风]
14086,合成斧头 13 [风]
14087,合成斧头 13 [风]
14088,合成斧头 13 [风]
14089,合成斧头 13 [风]
14090,合成斧头 13 [风]
14091,合成斧头 14
14092,合成斧头 14
14093,合成斧头 14
14094,合成斧头 14
14095,合成斧头 14
14096,合成斧头 14
14097,合成斧头 14[地]
14098,合成斧头 14[地]
14099,合成斧头 14[地]
14100,合成斧头 14[地]
14101,合成斧头 14[地]
14102,合成斧头 14[地]
14103,合成斧头 14[水]
14104,合成斧头 14[水]
14105,合成斧头 14[水]
14106,合成斧头 14[水]
14107,合成斧头 14[水]
14108,合成斧头 14[水]
14109,合成斧头 14[火]
14110,合成斧头 14[火]
14111,合成斧头 14[火]
14112,合成斧头 14[火]
14113,合成斧头 14[火]
14114,合成斧头 14[火]
14115,合成斧头 14[风]
14116,合成斧头 14[风]
14117,合成斧头 14[风]
14118,合成斧头 14[风]
14119,合成斧头 14[风]
14120,合成斧头 14[风]
14121,合成斧头 15
14122,合成斧头 15
14123,合成斧头 15
14124,合成斧头 15
14125,合成斧头 15
14126,合成斧头 15
14127,合成斧头 15 [地]
14128,合成斧头 15 [地]
14129,合成斧头 15 [地]
14130,合成斧头 15 [地]
14131,合成斧头 15 [地]
14132,合成斧头 15 [地]
14133,合成斧头 15 [水]
14134,合成斧头 15 [水]
14135,合成斧头 15 [水]
14136,合成斧头 15 [水]
14137,合成斧头 15 [水]
14138,合成斧头 15 [水]
14139,合成斧头 15 [火]
14140,合成斧头 15 [火]
14141,合成斧头 15 [火]
14142,合成斧头 15 [火]
14143,合成斧头 15 [火]
14144,合成斧头 15 [火]
14145,合成斧头 15 [风]
14146,合成斧头 15 [风]
14147,合成斧头 15 [风]
14148,合成斧头 15 [风]
14149,合成斧头 15 [风]
14150,合成斧头 15 [风]
14151,合成斧头 16
14152,合成斧头 16
14153,合成斧头 16
14154,合成斧头 16
14155,合成斧头 16
14156,合成斧头 16
14157,合成斧头 16 [地]
14158,合成斧头 16 [地]
14159,合成斧头 16 [地]
14160,合成斧头 16 [地]
14161,合成斧头 16 [地]
14162,合成斧头 16 [地]
14163,合成斧头 16 [水]
14164,合成斧头 16 [水]
14165,合成斧头 16 [水]
14166,合成斧头 16 [水]
14167,合成斧头 16 [水]
14168,合成斧头 16 [水]
14169,合成斧头 16[火]
14170,合成斧头 16[火]
14171,合成斧头 16[火]
14172,合成斧头 16[火]
14173,合成斧头 16[火]
14174,合成斧头 16[火]
14175,合成斧头 16[风]
14176,合成斧头 16[风]
14177,合成斧头 16[风]
14178,合成斧头 16[风]
14179,合成斧头 16[风]
14180,合成斧头 16[风]
14181,合成斧头 17
14182,合成斧头 17
14183,合成斧头 17
14184,合成斧头 17
14185,合成斧头 17
14186,合成斧头 17
14187,合成斧头 17 [地]
14188,合成斧头 17 [地]
14189,合成斧头 17 [地]
14190,合成斧头 17 [地]
14191,合成斧头 17 [地]
14192,合成斧头 17 [地]
14193,合成斧头 17 [水]
14194,合成斧头 17 [水]
14195,合成斧头 17 [水]
14196,合成斧头 17 [水]
14197,合成斧头 17 [水]
14198,合成斧头 17 [水]
14199,合成斧头 17 [火]
14200,合成斧头 17 [火]
14201,合成斧头 17 [火]
14202,合成斧头 17 [火]
14203,合成斧头 17 [火]
14204,合成斧头 17 [火]
14205,合成斧头 17 [风]
14206,合成斧头 17 [风]
14207,合成斧头 17 [风]
14208,合成斧头 17 [风]
14209,合成斧头 17 [风]
14210,合成斧头 17 [风]
14211,合成斧头 18
14212,合成斧头 18
14213,合成斧头 18
14214,合成斧头 18
14215,合成斧头 18
14216,合成斧头 18
14217,合成斧头 18 [地]
14218,合成斧头 18 [地]
14219,合成斧头 18 [地]
14220,合成斧头 18 [地]
14221,合成斧头 18 [地]
14222,合成斧头 18 [地]
14223,合成斧头 18 [水]
14224,合成斧头 18 [水]
14225,合成斧头 18 [水]
14226,合成斧头 18 [水]
14227,合成斧头 18 [水]
14228,合成斧头 18 [水]
14229,合成斧头 18[火]
14230,合成斧头 18[火]
14231,合成斧头 18[火]
14232,合成斧头 18[火]
14233,合成斧头 18[火]
14234,合成斧头 18[火]
14235,合成斧头 18[风]
14236,合成斧头 18[风]
14237,合成斧头 18[风]
14238,合成斧头 18[风]
14239,合成斧头 18[风]
14240,合成斧头 18[风]
14241,合成斧头 19
14242,合成斧头 19
14243,合成斧头 19
14244,合成斧头 19
14245,合成斧头 19
14246,合成斧头 19
14247,合成斧头 19 [地]
14248,合成斧头 19 [地]
14249,合成斧头 19 [地]
14250,合成斧头 19 [地]
14251,合成斧头 19 [地]
14252,合成斧头 19 [地]
14253,合成斧头 19 [水]
14254,合成斧头 19 [水]
14255,合成斧头 19 [水]
14256,合成斧头 19 [水]
14257,合成斧头 19 [水]
14258,合成斧头 19 [水]
14259,合成斧头 19 [火]
14260,合成斧头 19 [火]
14261,合成斧头 19 [火]
14262,合成斧头 19 [火]
14263,合成斧头 19 [火]
14264,合成斧头 19 [火]
14265,合成斧头 19 [风]
14266,合成斧头 19 [风]
14267,合成斧头 19 [风]
14268,合成斧头 19 [风]
14269,合成斧头 19 [风]
14270,合成斧头 19 [风]
14271,合成斧头 20
14272,合成斧头 20
14273,合成斧头 20
14274,合成斧头 20
14275,合成斧头 20
14276,合成斧头 20
14277,合成斧头 20 [地]
14278,合成斧头 20 [地]
14279,合成斧头 20 [地]
14280,合成斧头 20 [地]
14281,合成斧头 20 [地]
14282,合成斧头 20 [地]
14283,合成斧头 20 [水]
14284,合成斧头 20 [水]
14285,合成斧头 20 [水]
14286,合成斧头 20 [水]
14287,合成斧头 20 [水]
14288,合成斧头 20 [水]
14289,合成斧头 20[火]
14290,合成斧头 20[火]
14291,合成斧头 20[火]
14292,合成斧头 20[火]
14293,合成斧头 20[火]
14294,合成斧头 20[火]
14295,合成斧头 20[风]
14296,合成斧头 20[风]
14297,合成斧头 20[风]
14298,合成斧头 20[风]
14299,合成斧头 20[风]
14300,合成斧头 20[风]
14301,合成棍棒 11
14302,合成棍棒 11
14303,合成棍棒 11
14304,合成棍棒 11
14305,合成棍棒 11
14306,合成棍棒 11
14307,合成棍棒 11 [地]
14308,合成棍棒 11 [地]
14309,合成棍棒 11 [地]
14310,合成棍棒 11 [地]
14311,合成棍棒 11 [地]
14312,合成棍棒 11 [地]
14313,合成棍棒 11 [水]
14314,合成棍棒 11 [水]
14315,合成棍棒 11 [水]
14316,合成棍棒 11 [水]
14317,合成棍棒 11 [水]
14318,合成棍棒 11 [水]
14319,合成棍棒 11 [火]
14320,合成棍棒 11 [火]
14321,合成棍棒 11 [火]
14322,合成棍棒 11 [火]
14323,合成棍棒 11 [火]
14324,合成棍棒 11 [火]
14325,合成棍棒 11 [风]
14326,合成棍棒 11 [风]
14327,合成棍棒 11 [风]
14328,合成棍棒 11 [风]
14329,合成棍棒 11 [风]
14330,合成棍棒 11 [风]
14331,合成棍棒 12
14332,合成棍棒 12
14333,合成棍棒 12
14334,合成棍棒 12
14335,合成棍棒 12
14336,合成棍棒 12
14337,合成棍棒 12 [地]
14338,合成棍棒 12 [地]
14339,合成棍棒 12 [地]
14340,合成棍棒 12 [地]
14341,合成棍棒 12 [地]
14342,合成棍棒 12 [地]
14343,合成棍棒 12 [水]
14344,合成棍棒 12 [水]
14345,合成棍棒 12 [水]
14346,合成棍棒 12 [水]
14347,合成棍棒 12 [水]
14348,合成棍棒 12 [水]
14349,合成棍棒 12 [火]
14350,合成棍棒 12 [火]
14351,合成棍棒 12 [火]
14352,合成棍棒 12 [火]
14353,合成棍棒 12 [火]
14354,合成棍棒 12 [火]
14355,合成棍棒 12 [风]
14356,合成棍棒 12 [风]
14357,合成棍棒 12 [风]
14358,合成棍棒 12 [风]
14359,合成棍棒 12 [风]
14360,合成棍棒 12 [风]
14361,合成棍棒 13
14362,合成棍棒 13
14363,合成棍棒 13
14364,合成棍棒 13
14365,合成棍棒 13
14366,合成棍棒 13
14367,合成棍棒 13 [地]
14368,合成棍棒 13 [地]
14369,合成棍棒 13 [地]
14370,合成棍棒 13 [地]
14371,合成棍棒 13 [地]
14372,合成棍棒 13 [地]
14373,合成棍棒 13 [水]
14374,合成棍棒 13 [水]
14375,合成棍棒 13 [水]
14376,合成棍棒 13 [水]
14377,合成棍棒 13 [水]
14378,合成棍棒 13 [水]
14379,合成棍棒 13 [火]
14380,合成棍棒 13 [火]
14381,合成棍棒 13 [火]
14382,合成棍棒 13 [火]
14383,合成棍棒 13 [火]
14384,合成棍棒 13 [火]
14385,合成棍棒 13 [风]
14386,合成棍棒 13 [风]
14387,合成棍棒 13 [风]
14388,合成棍棒 13 [风]
14389,合成棍棒 13 [风]
14390,合成棍棒 13 [风]
14391,合成棍棒 14
14392,合成棍棒 14
14393,合成棍棒 14
14394,合成棍棒 14
14395,合成棍棒 14
14396,合成棍棒 14
14397,合成棍棒 14[地]
14398,合成棍棒 14[地]
14399,合成棍棒 14[地]
14400,合成棍棒 14[地]
14401,合成棍棒 14[地]
14402,合成棍棒 14[地]
14403,合成棍棒 14[水]
14404,合成棍棒 14[水]
14405,合成棍棒 14[水]
14406,合成棍棒 14[水]
14407,合成棍棒 14[水]
14408,合成棍棒 14[水]
14409,合成棍棒 14[火]
14410,合成棍棒 14[火]
14411,合成棍棒 14[火]
14412,合成棍棒 14[火]
14413,合成棍棒 14[火]
14414,合成棍棒 14[火]
14415,合成棍棒 14[风]
14416,合成棍棒 14[风]
14417,合成棍棒 14[风]
14418,合成棍棒 14[风]
14419,合成棍棒 14[风]
14420,合成棍棒 14[风]
14421,合成棍棒 15
14422,合成棍棒 15
14423,合成棍棒 15
14424,合成棍棒 15
14425,合成棍棒 15
14426,合成棍棒 15
14427,合成棍棒 15 [地]
14428,合成棍棒 15 [地]
14429,合成棍棒 15 [地]
14430,合成棍棒 15 [地]
14431,合成棍棒 15 [地]
14432,合成棍棒 15 [地]
14433,合成棍棒 15 [水]
14434,合成棍棒 15 [水]
14435,合成棍棒 15 [水]
14436,合成棍棒 15 [水]
14437,合成棍棒 15 [水]
14438,合成棍棒 15 [水]
14439,合成棍棒 15 [火]
14440,合成棍棒 15 [火]
14441,合成棍棒 15 [火]
14442,合成棍棒 15 [火]
14443,合成棍棒 15 [火]
14444,合成棍棒 15 [火]
14445,合成棍棒 15 [风]
14446,合成棍棒 15 [风]
14447,合成棍棒 15 [风]
14448,合成棍棒 15 [风]
14449,合成棍棒 15 [风]
14450,合成棍棒 15 [风]
14451,合成棍棒 16
14452,合成棍棒 16
14453,合成棍棒 16
14454,合成棍棒 16
14455,合成棍棒 16
14456,合成棍棒 16
14457,合成棍棒 16 [地]
14458,合成棍棒 16 [地]
14459,合成棍棒 16 [地]
14460,合成棍棒 16 [地]
14461,合成棍棒 16 [地]
14462,合成棍棒 16 [地]
14463,合成棍棒 16 [水]
14464,合成棍棒 16 [水]
14465,合成棍棒 16 [水]
14466,合成棍棒 16 [水]
14467,合成棍棒 16 [水]
14468,合成棍棒 16 [水]
14469,合成棍棒 16[火]
14470,合成棍棒 16[火]
14471,合成棍棒 16[火]
14472,合成棍棒 16[火]
14473,合成棍棒 16[火]
14474,合成棍棒 16[火]
14475,合成棍棒 16[风]
14476,合成棍棒 16[风]
14477,合成棍棒 16[风]
14478,合成棍棒 16[风]
14479,合成棍棒 16[风]
14480,合成棍棒 16[风]
14481,合成棍棒 17
14482,合成棍棒 17
14483,合成棍棒 17
14484,合成棍棒 17
14485,合成棍棒 17
14486,合成棍棒 17
14487,合成棍棒 17 [地]
14488,合成棍棒 17 [地]
14489,合成棍棒 17 [地]
14490,合成棍棒 17 [地]
14491,合成棍棒 17 [地]
14492,合成棍棒 17 [地]
14493,合成棍棒 17 [水]
14494,合成棍棒 17 [水]
14495,合成棍棒 17 [水]
14496,合成棍棒 17 [水]
14497,合成棍棒 17 [水]
14498,合成棍棒 17 [水]
14499,合成棍棒 17 [火]
14500,合成棍棒 17 [火]
14501,合成棍棒 17 [火]
14502,合成棍棒 17 [火]
14503,合成棍棒 17 [火]
14504,合成棍棒 17 [火]
14505,合成棍棒 17 [风]
14506,合成棍棒 17 [风]
14507,合成棍棒 17 [风]
14508,合成棍棒 17 [风]
14509,合成棍棒 17 [风]
14510,合成棍棒 17 [风]
14511,合成棍棒 18
14512,合成棍棒 18
14513,合成棍棒 18
14514,合成棍棒 18
14515,合成棍棒 18
14516,合成棍棒 18
14517,合成棍棒 18 [地]
14518,合成棍棒 18 [地]
14519,合成棍棒 18 [地]
14520,合成棍棒 18 [地]
14521,合成棍棒 18 [地]
14522,合成棍棒 18 [地]
14523,合成棍棒 18 [水]
14524,合成棍棒 18 [水]
14525,合成棍棒 18 [水]
14526,合成棍棒 18 [水]
14527,合成棍棒 18 [水]
14528,合成棍棒 18 [水]
14529,合成棍棒 18[火]
14530,合成棍棒 18[火]
14531,合成棍棒 18[火]
14532,合成棍棒 18[火]
14533,合成棍棒 18[火]
14534,合成棍棒 18[火]
14535,合成棍棒 18[风]
14536,合成棍棒 18[风]
14537,合成棍棒 18[风]
14538,合成棍棒 18[风]
14539,合成棍棒 18[风]
14540,合成棍棒 18[风]
14541,合成棍棒 19
14542,合成棍棒 19
14543,合成棍棒 19
14544,合成棍棒 19
14545,合成棍棒 19
14546,合成棍棒 19
14547,合成棍棒 19 [地]
14548,合成棍棒 19 [地]
14549,合成棍棒 19 [地]
14550,合成棍棒 19 [地]
14551,合成棍棒 19 [地]
14552,合成棍棒 19 [地]
14553,合成棍棒 19 [水]
14554,合成棍棒 19 [水]
14555,合成棍棒 19 [水]
14556,合成棍棒 19 [水]
14557,合成棍棒 19 [水]
14558,合成棍棒 19 [水]
14559,合成棍棒 19 [火]
14560,合成棍棒 19 [火]
14561,合成棍棒 19 [火]
14562,合成棍棒 19 [火]
14563,合成棍棒 19 [火]
14564,合成棍棒 19 [火]
14565,合成棍棒 19 [风]
14566,合成棍棒 19 [风]
14567,合成棍棒 19 [风]
14568,合成棍棒 19 [风]
14569,合成棍棒 19 [风]
14570,合成棍棒 19 [风]
14571,合成棍棒 20
14572,合成棍棒 20
14573,合成棍棒 20
14574,合成棍棒 20
14575,合成棍棒 20
14576,合成棍棒 20
14577,合成棍棒 20 [地]
14578,合成棍棒 20 [地]
14579,合成棍棒 20 [地]
14580,合成棍棒 20 [地]
14581,合成棍棒 20 [地]
14582,合成棍棒 20 [地]
14583,合成棍棒 20 [水]
14584,合成棍棒 20 [水]
14585,合成棍棒 20 [水]
14586,合成棍棒 20 [水]
14587,合成棍棒 20 [水]
14588,合成棍棒 20 [水]
14589,合成棍棒 20[火]
14590,合成棍棒 20[火]
14591,合成棍棒 20[火]
14592,合成棍棒 20[火]
14593,合成棍棒 20[火]
14594,合成棍棒 20[火]
14595,合成棍棒 20[风]
14596,合成棍棒 20[风]
14597,合成棍棒 20[风]
14598,合成棍棒 20[风]
14599,合成棍棒 20[风]
14600,合成棍棒 20[风]
14601,合成枪 11
14602,合成枪 11
14603,合成枪 11
14604,合成枪 11
14605,合成枪 11
14606,合成枪 11
14607,合成枪 11 [地]
14608,合成枪 11 [地]
14609,合成枪 11 [地]
14610,合成枪 11 [地]
14611,合成枪 11 [地]
14612,合成枪 11 [地]
14613,合成枪 11 [水]
14614,合成枪 11 [水]
14615,合成枪 11 [水]
14616,合成枪 11 [水]
14617,合成枪 11 [水]
14618,合成枪 11 [水]
14619,合成枪 11 [火]
14620,合成枪 11 [火]
14621,合成枪 11 [火]
14622,合成枪 11 [火]
14623,合成枪 11 [火]
14624,合成枪 11 [火]
14625,合成枪 11 [风]
14626,合成枪 11 [风]
14627,合成枪 11 [风]
14628,合成枪 11 [风]
14629,合成枪 11 [风]
14630,合成枪 11 [风]
14631,合成枪 12
14632,合成枪 12
14633,合成枪 12
14634,合成枪 12
14635,合成枪 12
14636,合成枪 12
14637,合成枪 12 [地]
14638,合成枪 12 [地]
14639,合成枪 12 [地]
14640,合成枪 12 [地]
14641,合成枪 12 [地]
14642,合成枪 12 [地]
14643,合成枪 12 [水]
14644,合成枪 12 [水]
14645,合成枪 12 [水]
14646,合成枪 12 [水]
14647,合成枪 12 [水]
14648,合成枪 12 [水]
14649,合成枪 12 [火]
14650,合成枪 12 [火]
14651,合成枪 12 [火]
14652,合成枪 12 [火]
14653,合成枪 12 [火]
14654,合成枪 12 [火]
14655,合成枪 12 [风]
14656,合成枪 12 [风]
14657,合成枪 12 [风]
14658,合成枪 12 [风]
14659,合成枪 12 [风]
14660,合成枪 12 [风]
14661,合成枪 13
14662,合成枪 13
14663,合成枪 13
14664,合成枪 13
14665,合成枪 13
14666,合成枪 13
14667,合成枪 13 [地]
14668,合成枪 13 [地]
14669,合成枪 13 [地]
14670,合成枪 13 [地]
14671,合成枪 13 [地]
14672,合成枪 13 [地]
14673,合成枪 13 [水]
14674,合成枪 13 [水]
14675,合成枪 13 [水]
14676,合成枪 13 [水]
14677,合成枪 13 [水]
14678,合成枪 13 [水]
14679,合成枪 13 [火]
14680,合成枪 13 [火]
14681,合成枪 13 [火]
14682,合成枪 13 [火]
14683,合成枪 13 [火]
14684,合成枪 13 [火]
14685,合成枪 13 [风]
14686,合成枪 13 [风]
14687,合成枪 13 [风]
14688,合成枪 13 [风]
14689,合成枪 13 [风]
14690,合成枪 13 [风]
14691,合成枪 14
14692,合成枪 14
14693,合成枪 14
14694,合成枪 14
14695,合成枪 14
14696,合成枪 14
14697,合成枪 14[地]
14698,合成枪 14[地]
14699,合成枪 14[地]
14700,合成枪 14[地]
14701,合成枪 14[地]
14702,合成枪 14[地]
14703,合成枪 14[水]
14704,合成枪 14[水]
14705,合成枪 14[水]
14706,合成枪 14[水]
14707,合成枪 14[水]
14708,合成枪 14[水]
14709,合成枪 14[火]
14710,合成枪 14[火]
14711,合成枪 14[火]
14712,合成枪 14[火]
14713,合成枪 14[火]
14714,合成枪 14[火]
14715,合成枪 14[风]
14716,合成枪 14[风]
14717,合成枪 14[风]
14718,合成枪 14[风]
14719,合成枪 14[风]
14720,合成枪 14[风]
14721,合成枪 15
14722,合成枪 15
14723,合成枪 15
14724,合成枪 15
14725,合成枪 15
14726,合成枪 15
14727,合成枪 15 [地]
14728,合成枪 15 [地]
14729,合成枪 15 [地]
14730,合成枪 15 [地]
14731,合成枪 15 [地]
14732,合成枪 15 [地]
14733,合成枪 15 [水]
14734,合成枪 15 [水]
14735,合成枪 15 [水]
14736,合成枪 15 [水]
14737,合成枪 15 [水]
14738,合成枪 15 [水]
14739,合成枪 15 [火]
14740,合成枪 15 [火]
14741,合成枪 15 [火]
14742,合成枪 15 [火]
14743,合成枪 15 [火]
14744,合成枪 15 [火]
14745,合成枪 15 [风]
14746,合成枪 15 [风]
14747,合成枪 15 [风]
14748,合成枪 15 [风]
14749,合成枪 15 [风]
14750,合成枪 15 [风]
14751,合成枪 16
14752,合成枪 16
14753,合成枪 16
14754,合成枪 16
14755,合成枪 16
14756,合成枪 16
14757,合成枪 16 [地]
14758,合成枪 16 [地]
14759,合成枪 16 [地]
14760,合成枪 16 [地]
14761,合成枪 16 [地]
14762,合成枪 16 [地]
14763,合成枪 16 [水]
14764,合成枪 16 [水]
14765,合成枪 16 [水]
14766,合成枪 16 [水]
14767,合成枪 16 [水]
14768,合成枪 16 [水]
14769,合成枪 16[火]
14770,合成枪 16[火]
14771,合成枪 16[火]
14772,合成枪 16[火]
14773,合成枪 16[火]
14774,合成枪 16[火]
14775,合成枪 16[风]
14776,合成枪 16[风]
14777,合成枪 16[风]
14778,合成枪 16[风]
14779,合成枪 16[风]
14780,合成枪 16[风]
14781,合成枪 17
14782,合成枪 17
14783,合成枪 17
14784,合成枪 17
14785,合成枪 17
14786,合成枪 17
14787,合成枪 17 [地]
14788,合成枪 17 [地]
14789,合成枪 17 [地]
14790,合成枪 17 [地]
14791,合成枪 17 [地]
14792,合成枪 17 [地]
14793,合成枪 17 [水]
14794,合成枪 17 [水]
14795,合成枪 17 [水]
14796,合成枪 17 [水]
14797,合成枪 17 [水]
14798,合成枪 17 [水]
14799,合成枪 17 [火]
14800,合成枪 17 [火]
14801,合成枪 17 [火]
14802,合成枪 17 [火]
14803,合成枪 17 [火]
14804,合成枪 17 [火]
14805,合成枪 17 [风]
14806,合成枪 17 [风]
14807,合成枪 17 [风]
14808,合成枪 17 [风]
14809,合成枪 17 [风]
14810,合成枪 17 [风]
14811,合成枪 18
14812,合成枪 18
14813,合成枪 18
14814,合成枪 18
14815,合成枪 18
14816,合成枪 18
14817,合成枪 18 [地]
14818,合成枪 18 [地]
14819,合成枪 18 [地]
14820,合成枪 18 [地]
14821,合成枪 18 [地]
14822,合成枪 18 [地]
14823,合成枪 18 [水]
14824,合成枪 18 [水]
14825,合成枪 18 [水]
14826,合成枪 18 [水]
14827,合成枪 18 [水]
14828,合成枪 18 [水]
14829,合成枪 18[火]
14830,合成枪 18[火]
14831,合成枪 18[火]
14832,合成枪 18[火]
14833,合成枪 18[火]
14834,合成枪 18[火]
14835,合成枪 18[风]
14836,合成枪 18[风]
14837,合成枪 18[风]
14838,合成枪 18[风]
14839,合成枪 18[风]
14840,合成枪 18[风]
14841,合成枪 19
14842,合成枪 19
14843,合成枪 19
14844,合成枪 19
14845,合成枪 19
14846,合成枪 19
14847,合成枪 19 [地]
14848,合成枪 19 [地]
14849,合成枪 19 [地]
14850,合成枪 19 [地]
14851,合成枪 19 [地]
14852,合成枪 19 [地]
14853,合成枪 19 [水]
14854,合成枪 19 [水]
14855,合成枪 19 [水]
14856,合成枪 19 [水]
14857,合成枪 19 [水]
14858,合成枪 19 [水]
14859,合成枪 19 [火]
14860,合成枪 19 [火]
14861,合成枪 19 [火]
14862,合成枪 19 [火]
14863,合成枪 19 [火]
14864,合成枪 19 [火]
14865,合成枪 19 [风]
14866,合成枪 19 [风]
14867,合成枪 19 [风]
14868,合成枪 19 [风]
14869,合成枪 19 [风]
14870,合成枪 19 [风]
14871,合成枪 20
14872,合成枪 20
14873,合成枪 20
14874,合成枪 20
14875,合成枪 20
14876,合成枪 20
14877,合成枪 20 [地]
14878,合成枪 20 [地]
14879,合成枪 20 [地]
14880,合成枪 20 [地]
14881,合成枪 20 [地]
14882,合成枪 20 [地]
14883,合成枪 20 [水]
14884,合成枪 20 [水]
14885,合成枪 20 [水]
14886,合成枪 20 [水]
14887,合成枪 20 [水]
14888,合成枪 20 [水]
14889,合成枪 20[火]
14890,合成枪 20[火]
14891,合成枪 20[火]
14892,合成枪 20[火]
14893,合成枪 20[火]
14894,合成枪 20[火]
14895,合成枪 20[风]
14896,合成枪 20[风]
14897,合成枪 20[风]
14898,合成枪 20[风]
14899,合成枪 20[风]
14900,合成枪 20[风]
14901,合成爪 11
14902,合成爪 11
14903,合成爪 11
14904,合成爪 11
14905,合成爪 11
14906,合成爪 11
14907,合成爪 11 [地]
14908,合成爪 11 [地]
14909,合成爪 11 [地]
14910,合成爪 11 [地]
14911,合成爪 11 [地]
14912,合成爪 11 [地]
14913,合成爪 11 [水]
14914,合成爪 11 [水]
14915,合成爪 11 [水]
14916,合成爪 11 [水]
14917,合成爪 11 [水]
14918,合成爪 11 [水]
14919,合成爪 11 [火]
14920,合成爪 11 [火]
14921,合成爪 11 [火]
14922,合成爪 11 [火]
14923,合成爪 11 [火]
14924,合成爪 11 [火]
14925,合成爪 11 [风]
14926,合成爪 11 [风]
14927,合成爪 11 [风]
14928,合成爪 11 [风]
14929,合成爪 11 [风]
14930,合成爪 11 [风]
14931,合成爪 12
14932,合成爪 12
14933,合成爪 12
14934,合成爪 12
14935,合成爪 12
14936,合成爪 12
14937,合成爪 12 [地]
14938,合成爪 12 [地]
14939,合成爪 12 [地]
14940,合成爪 12 [地]
14941,合成爪 12 [地]
14942,合成爪 12 [地]
14943,合成爪 12 [水]
14944,合成爪 12 [水]
14945,合成爪 12 [水]
14946,合成爪 12 [水]
14947,合成爪 12 [水]
14948,合成爪 12 [水]
14949,合成爪 12 [火]
14950,合成爪 12 [火]
14951,合成爪 12 [火]
14952,合成爪 12 [火]
14953,合成爪 12 [火]
14954,合成爪 12 [火]
14955,合成爪 12 [风]
14956,合成爪 12 [风]
14957,合成爪 12 [风]
14958,合成爪 12 [风]
14959,合成爪 12 [风]
14960,合成爪 12 [风]
14961,合成爪 13
14962,合成爪 13
14963,合成爪 13
14964,合成爪 13
14965,合成爪 13
14966,合成爪 13
14967,合成爪 13 [地]
14968,合成爪 13 [地]
14969,合成爪 13 [地]
14970,合成爪 13 [地]
14971,合成爪 13 [地]
14972,合成爪 13 [地]
14973,合成爪 13 [水]
14974,合成爪 13 [水]
14975,合成爪 13 [水]
14976,合成爪 13 [水]
14977,合成爪 13 [水]
14978,合成爪 13 [水]
14979,合成爪 13 [火]
14980,合成爪 13 [火]
14981,合成爪 13 [火]
14982,合成爪 13 [火]
14983,合成爪 13 [火]
14984,合成爪 13 [火]
14985,合成爪 13 [风]
14986,合成爪 13 [风]
14987,合成爪 13 [风]
14988,合成爪 13 [风]
14989,合成爪 13 [风]
14990,合成爪 13 [风]
14991,合成爪 14
14992,合成爪 14
14993,合成爪 14
14994,合成爪 14
14995,合成爪 14
14996,合成爪 14
14997,合成爪 14[地]
14998,合成爪 14[地]
14999,合成爪 14[地]
15000,合成爪 14[地]
15001,合成爪 14[地]
15002,合成爪 14[地]
15003,合成爪 14[水]
15004,合成爪 14[水]
15005,合成爪 14[水]
15006,合成爪 14[水]
15007,合成爪 14[水]
15008,合成爪 14[水]
15009,合成爪 14[火]
15010,合成爪 14[火]
15011,合成爪 14[火]
15012,合成爪 14[火]
15013,合成爪 14[火]
15014,合成爪 14[火]
15015,合成爪 14[风]
15016,合成爪 14[风]
15017,合成爪 14[风]
15018,合成爪 14[风]
15019,合成爪 14[风]
15020,合成爪 14[风]
15021,合成爪 15
15022,合成爪 15
15023,合成爪 15
15024,合成爪 15
15025,合成爪 15
15026,合成爪 15
15027,合成爪 15 [地]
15028,合成爪 15 [地]
15029,合成爪 15 [地]
15030,合成爪 15 [地]
15031,合成爪 15 [地]
15032,合成爪 15 [地]
15033,合成爪 15 [水]
15034,合成爪 15 [水]
15035,合成爪 15 [水]
15036,合成爪 15 [水]
15037,合成爪 15 [水]
15038,合成爪 15 [水]
15039,合成爪 15 [火]
15040,合成爪 15 [火]
15041,合成爪 15 [火]
15042,合成爪 15 [火]
15043,合成爪 15 [火]
15044,合成爪 15 [火]
15045,合成爪 15 [风]
15046,合成爪 15 [风]
15047,合成爪 15 [风]
15048,合成爪 15 [风]
15049,合成爪 15 [风]
15050,合成爪 15 [风]
15051,合成爪 16
15052,合成爪 16
15053,合成爪 16
15054,合成爪 16
15055,合成爪 16
15056,合成爪 16
15057,合成爪 16 [地]
15058,合成爪 16 [地]
15059,合成爪 16 [地]
15060,合成爪 16 [地]
15061,合成爪 16 [地]
15062,合成爪 16 [地]
15063,合成爪 16 [水]
15064,合成爪 16 [水]
15065,合成爪 16 [水]
15066,合成爪 16 [水]
15067,合成爪 16 [水]
15068,合成爪 16 [水]
15069,合成爪 16[火]
15070,合成爪 16[火]
15071,合成爪 16[火]
15072,合成爪 16[火]
15073,合成爪 16[火]
15074,合成爪 16[火]
15075,合成爪 16[风]
15076,合成爪 16[风]
15077,合成爪 16[风]
15078,合成爪 16[风]
15079,合成爪 16[风]
15080,合成爪 16[风]
15081,合成爪 17
15082,合成爪 17
15083,合成爪 17
15084,合成爪 17
15085,合成爪 17
15086,合成爪 17
15087,合成爪 17 [地]
15088,合成爪 17 [地]
15089,合成爪 17 [地]
15090,合成爪 17 [地]
15091,合成爪 17 [地]
15092,合成爪 17 [地]
15093,合成爪 17 [水]
15094,合成爪 17 [水]
15095,合成爪 17 [水]
15096,合成爪 17 [水]
15097,合成爪 17 [水]
15098,合成爪 17 [水]
15099,合成爪 17 [火]
15100,合成爪 17 [火]
15101,合成爪 17 [火]
15102,合成爪 17 [火]
15103,合成爪 17 [火]
15104,合成爪 17 [火]
15105,合成爪 17 [风]
15106,合成爪 17 [风]
15107,合成爪 17 [风]
15108,合成爪 17 [风]
15109,合成爪 17 [风]
15110,合成爪 17 [风]
15111,合成爪 18
15112,合成爪 18
15113,合成爪 18
15114,合成爪 18
15115,合成爪 18
15116,合成爪 18
15117,合成爪 18 [地]
15118,合成爪 18 [地]
15119,合成爪 18 [地]
15120,合成爪 18 [地]
15121,合成爪 18 [地]
15122,合成爪 18 [地]
15123,合成爪 18 [水]
15124,合成爪 18 [水]
15125,合成爪 18 [水]
15126,合成爪 18 [水]
15127,合成爪 18 [水]
15128,合成爪 18 [水]
15129,合成爪 18[火]
15130,合成爪 18[火]
15131,合成爪 18[火]
15132,合成爪 18[火]
15133,合成爪 18[火]
15134,合成爪 18[火]
15135,合成爪 18[风]
15136,合成爪 18[风]
15137,合成爪 18[风]
15138,合成爪 18[风]
15139,合成爪 18[风]
15140,合成爪 18[风]
15141,合成爪 19
15142,合成爪 19
15143,合成爪 19
15144,合成爪 19
15145,合成爪 19
15146,合成爪 19
15147,合成爪 19 [地]
15148,合成爪 19 [地]
15149,合成爪 19 [地]
15150,合成爪 19 [地]
15151,合成爪 19 [地]
15152,合成爪 19 [地]
15153,合成爪 19 [水]
15154,合成爪 19 [水]
15155,合成爪 19 [水]
15156,合成爪 19 [水]
15157,合成爪 19 [水]
15158,合成爪 19 [水]
15159,合成爪 19 [火]
15160,合成爪 19 [火]
15161,合成爪 19 [火]
15162,合成爪 19 [火]
15163,合成爪 19 [火]
15164,合成爪 19 [火]
15165,合成爪 19 [风]
15166,合成爪 19 [风]
15167,合成爪 19 [风]
15168,合成爪 19 [风]
15169,合成爪 19 [风]
15170,合成爪 19 [风]
15171,合成爪 20
15172,合成爪 20
15173,合成爪 20
15174,合成爪 20
15175,合成爪 20
15176,合成爪 20
15177,合成爪 20 [地]
15178,合成爪 20 [地]
15179,合成爪 20 [地]
15180,合成爪 20 [地]
15181,合成爪 20 [地]
15182,合成爪 20 [地]
15183,合成爪 20 [水]
15184,合成爪 20 [水]
15185,合成爪 20 [水]
15186,合成爪 20 [水]
15187,合成爪 20 [水]
15188,合成爪 20 [水]
15189,合成爪 20[火]
15190,合成爪 20[火]
15191,合成爪 20[火]
15192,合成爪 20[火]
15193,合成爪 20[火]
15194,合成爪 20[火]
15195,合成爪 20[风]
15196,合成爪 20[风]
15197,合成爪 20[风]
15198,合成爪 20[风]
15199,合成爪 20[风]
15200,合成爪 20[风]
15201,合成弓箭 11
15202,合成弓箭 11
15203,合成弓箭 11
15204,合成弓箭 11
15205,合成弓箭 11
15206,合成弓箭 11
15207,合成弓箭 11 [地]
15208,合成弓箭 11 [地]
15209,合成弓箭 11 [地]
15210,合成弓箭 11 [地]
15211,合成弓箭 11 [地]
15212,合成弓箭 11 [地]
15213,合成弓箭 11 [水]
15214,合成弓箭 11 [水]
15215,合成弓箭 11 [水]
15216,合成弓箭 11 [水]
15217,合成弓箭 11 [水]
15218,合成弓箭 11 [水]
15219,合成弓箭 11 [火]
15220,合成弓箭 11 [火]
15221,合成弓箭 11 [火]
15222,合成弓箭 11 [火]
15223,合成弓箭 11 [火]
15224,合成弓箭 11 [火]
15225,合成弓箭 11 [风]
15226,合成弓箭 11 [风]
15227,合成弓箭 11 [风]
15228,合成弓箭 11 [风]
15229,合成弓箭 11 [风]
15230,合成弓箭 11 [风]
15231,合成弓箭 12
15232,合成弓箭 12
15233,合成弓箭 12
15234,合成弓箭 12
15235,合成弓箭 12
15236,合成弓箭 12
15237,合成弓箭 12 [地]
15238,合成弓箭 12 [地]
15239,合成弓箭 12 [地]
15240,合成弓箭 12 [地]
15241,合成弓箭 12 [地]
15242,合成弓箭 12 [地]
15243,合成弓箭 12 [水]
15244,合成弓箭 12 [水]
15245,合成弓箭 12 [水]
15246,合成弓箭 12 [水]
15247,合成弓箭 12 [水]
15248,合成弓箭 12 [水]
15249,合成弓箭 12 [火]
15250,合成弓箭 12 [火]
15251,合成弓箭 12 [火]
15252,合成弓箭 12 [火]
15253,合成弓箭 12 [火]
15254,合成弓箭 12 [火]
15255,合成弓箭 12 [风]
15256,合成弓箭 12 [风]
15257,合成弓箭 12 [风]
15258,合成弓箭 12 [风]
15259,合成弓箭 12 [风]
15260,合成弓箭 12 [风]
15261,合成弓箭 13
15262,合成弓箭 13
15263,合成弓箭 13
15264,合成弓箭 13
15265,合成弓箭 13
15266,合成弓箭 13
15267,合成弓箭 13 [地]
15268,合成弓箭 13 [地]
15269,合成弓箭 13 [地]
15270,合成弓箭 13 [地]
15271,合成弓箭 13 [地]
15272,合成弓箭 13 [地]
15273,合成弓箭 13 [水]
15274,合成弓箭 13 [水]
15275,合成弓箭 13 [水]
15276,合成弓箭 13 [水]
15277,合成弓箭 13 [水]
15278,合成弓箭 13 [水]
15279,合成弓箭 13 [火]
15280,合成弓箭 13 [火]
15281,合成弓箭 13 [火]
15282,合成弓箭 13 [火]
15283,合成弓箭 13 [火]
15284,合成弓箭 13 [火]
15285,合成弓箭 13 [风]
15286,合成弓箭 13 [风]
15287,合成弓箭 13 [风]
15288,合成弓箭 13 [风]
15289,合成弓箭 13 [风]
15290,合成弓箭 13 [风]
15291,合成弓箭 14
15292,合成弓箭 14
15293,合成弓箭 14
15294,合成弓箭 14
15295,合成弓箭 14
15296,合成弓箭 14
15297,合成弓箭 14[地]
15298,合成弓箭 14[地]
15299,合成弓箭 14[地]
15300,合成弓箭 14[地]
15301,合成弓箭 14[地]
15302,合成弓箭 14[地]
15303,合成弓箭 14[水]
15304,合成弓箭 14[水]
15305,合成弓箭 14[水]
15306,合成弓箭 14[水]
15307,合成弓箭 14[水]
15308,合成弓箭 14[水]
15309,合成弓箭 14[火]
15310,合成弓箭 14[火]
15311,合成弓箭 14[火]
15312,合成弓箭 14[火]
15313,合成弓箭 14[火]
15314,合成弓箭 14[火]
15315,合成弓箭 14[风]
15316,合成弓箭 14[风]
15317,合成弓箭 14[风]
15318,合成弓箭 14[风]
15319,合成弓箭 14[风]
15320,合成弓箭 14[风]
15321,合成弓箭 15
15322,合成弓箭 15
15323,合成弓箭 15
15324,合成弓箭 15
15325,合成弓箭 15
15326,合成弓箭 15
15327,合成弓箭 15 [地]
15328,合成弓箭 15 [地]
15329,合成弓箭 15 [地]
15330,合成弓箭 15 [地]
15331,合成弓箭 15 [地]
15332,合成弓箭 15 [地]
15333,合成弓箭 15 [水]
15334,合成弓箭 15 [水]
15335,合成弓箭 15 [水]
15336,合成弓箭 15 [水]
15337,合成弓箭 15 [水]
15338,合成弓箭 15 [水]
15339,合成弓箭 15 [火]
15340,合成弓箭 15 [火]
15341,合成弓箭 15 [火]
15342,合成弓箭 15 [火]
15343,合成弓箭 15 [火]
15344,合成弓箭 15 [火]
15345,合成弓箭 15 [风]
15346,合成弓箭 15 [风]
15347,合成弓箭 15 [风]
15348,合成弓箭 15 [风]
15349,合成弓箭 15 [风]
15350,合成弓箭 15 [风]
15351,合成弓箭 16
15352,合成弓箭 16
15353,合成弓箭 16
15354,合成弓箭 16
15355,合成弓箭 16
15356,合成弓箭 16
15357,合成弓箭 16 [地]
15358,合成弓箭 16 [地]
15359,合成弓箭 16 [地]
15360,合成弓箭 16 [地]
15361,合成弓箭 16 [地]
15362,合成弓箭 16 [地]
15363,合成弓箭 16 [水]
15364,合成弓箭 16 [水]
15365,合成弓箭 16 [水]
15366,合成弓箭 16 [水]
15367,合成弓箭 16 [水]
15368,合成弓箭 16 [水]
15369,合成弓箭 16[火]
15370,合成弓箭 16[火]
15371,合成弓箭 16[火]
15372,合成弓箭 16[火]
15373,合成弓箭 16[火]
15374,合成弓箭 16[火]
15375,合成弓箭 16[风]
15376,合成弓箭 16[风]
15377,合成弓箭 16[风]
15378,合成弓箭 16[风]
15379,合成弓箭 16[风]
15380,合成弓箭 16[风]
15381,合成弓箭 17
15382,合成弓箭 17
15383,合成弓箭 17
15384,合成弓箭 17
15385,合成弓箭 17
15386,合成弓箭 17
15387,合成弓箭 17 [地]
15388,合成弓箭 17 [地]
15389,合成弓箭 17 [地]
15390,合成弓箭 17 [地]
15391,合成弓箭 17 [地]
15392,合成弓箭 17 [地]
15393,合成弓箭 17 [水]
15394,合成弓箭 17 [水]
15395,合成弓箭 17 [水]
15396,合成弓箭 17 [水]
15397,合成弓箭 17 [水]
15398,合成弓箭 17 [水]
15399,合成弓箭 17 [火]
15400,合成弓箭 17 [火]
15401,合成弓箭 17 [火]
15402,合成弓箭 17 [火]
15403,合成弓箭 17 [火]
15404,合成弓箭 17 [火]
15405,合成弓箭 17 [风]
15406,合成弓箭 17 [风]
15407,合成弓箭 17 [风]
15408,合成弓箭 17 [风]
15409,合成弓箭 17 [风]
15410,合成弓箭 17 [风]
15411,合成弓箭 18
15412,合成弓箭 18
15413,合成弓箭 18
15414,合成弓箭 18
15415,合成弓箭 18
15416,合成弓箭 18
15417,合成弓箭 18 [地]
15418,合成弓箭 18 [地]
15419,合成弓箭 18 [地]
15420,合成弓箭 18 [地]
15421,合成弓箭 18 [地]
15422,合成弓箭 18 [地]
15423,合成弓箭 18 [水]
15424,合成弓箭 18 [水]
15425,合成弓箭 18 [水]
15426,合成弓箭 18 [水]
15427,合成弓箭 18 [水]
15428,合成弓箭 18 [水]
15429,合成弓箭 18[火]
15430,合成弓箭 18[火]
15431,合成弓箭 18[火]
15432,合成弓箭 18[火]
15433,合成弓箭 18[火]
15434,合成弓箭 18[火]
15435,合成弓箭 18[风]
15436,合成弓箭 18[风]
15437,合成弓箭 18[风]
15438,合成弓箭 18[风]
15439,合成弓箭 18[风]
15440,合成弓箭 18[风]
15441,合成弓箭 19
15442,合成弓箭 19
15443,合成弓箭 19
15444,合成弓箭 19
15445,合成弓箭 19
15446,合成弓箭 19
15447,合成弓箭 19 [地]
15448,合成弓箭 19 [地]
15449,合成弓箭 19 [地]
15450,合成弓箭 19 [地]
15451,合成弓箭 19 [地]
15452,合成弓箭 19 [地]
15453,合成弓箭 19 [水]
15454,合成弓箭 19 [水]
15455,合成弓箭 19 [水]
15456,合成弓箭 19 [水]
15457,合成弓箭 19 [水]
15458,合成弓箭 19 [水]
15459,合成弓箭 19 [火]
15460,合成弓箭 19 [火]
15461,合成弓箭 19 [火]
15462,合成弓箭 19 [火]
15463,合成弓箭 19 [火]
15464,合成弓箭 19 [火]
15465,合成弓箭 19 [风]
15466,合成弓箭 19 [风]
15467,合成弓箭 19 [风]
15468,合成弓箭 19 [风]
15469,合成弓箭 19 [风]
15470,合成弓箭 19 [风]
15471,合成弓箭 20
15472,合成弓箭 20
15473,合成弓箭 20
15474,合成弓箭 20
15475,合成弓箭 20
15476,合成弓箭 20
15477,合成弓箭 20 [地]
15478,合成弓箭 20 [地]
15479,合成弓箭 20 [地]
15480,合成弓箭 20 [地]
15481,合成弓箭 20 [地]
15482,合成弓箭 20 [地]
15483,合成弓箭 20 [水]
15484,合成弓箭 20 [水]
15485,合成弓箭 20 [水]
15486,合成弓箭 20 [水]
15487,合成弓箭 20 [水]
15488,合成弓箭 20 [水]
15489,合成弓箭 20[火]
15490,合成弓箭 20[火]
15491,合成弓箭 20[火]
15492,合成弓箭 20[火]
15493,合成弓箭 20[火]
15494,合成弓箭 20[火]
15495,合成弓箭 20[风]
15496,合成弓箭 20[风]
15497,合成弓箭 20[风]
15498,合成弓箭 20[风]
15499,合成弓箭 20[风]
15500,合成弓箭 20[风]
15501,合成回旋标 11
15502,合成回旋标 11
15503,合成回旋标 11
15504,合成回旋标 11
15505,合成回旋标 11
15506,合成回旋标 11
15507,合成回旋标 11 [地]
15508,合成回旋标 11 [地]
15509,合成回旋标 11 [地]
15510,合成回旋标 11 [地]
15511,合成回旋标 11 [地]
15512,合成回旋标 11 [地]
15513,合成回旋标 11 [水]
15514,合成回旋标 11 [水]
15515,合成回旋标 11 [水]
15516,合成回旋标 11 [水]
15517,合成回旋标 11 [水]
15518,合成回旋标 11 [水]
15519,合成回旋标 11 [火]
15520,合成回旋标 11 [火]
15521,合成回旋标 11 [火]
15522,合成回旋标 11 [火]
15523,合成回旋标 11 [火]
15524,合成回旋标 11 [火]
15525,合成回旋标 11 [风]
15526,合成回旋标 11 [风]
15527,合成回旋标 11 [风]
15528,合成回旋标 11 [风]
15529,合成回旋标 11 [风]
15530,合成回旋标 11 [风]
15531,合成回旋标 12
15532,合成回旋标 12
15533,合成回旋标 12
15534,合成回旋标 12
15535,合成回旋标 12
15536,合成回旋标 12
15537,合成回旋标 12 [地]
15538,合成回旋标 12 [地]
15539,合成回旋标 12 [地]
15540,合成回旋标 12 [地]
15541,合成回旋标 12 [地]
15542,合成回旋标 12 [地]
15543,合成回旋标 12 [水]
15544,合成回旋标 12 [水]
15545,合成回旋标 12 [水]
15546,合成回旋标 12 [水]
15547,合成回旋标 12 [水]
15548,合成回旋标 12 [水]
15549,合成回旋标 12 [火]
15550,合成回旋标 12 [火]
15551,合成回旋标 12 [火]
15552,合成回旋标 12 [火]
15553,合成回旋标 12 [火]
15554,合成回旋标 12 [火]
15555,合成回旋标 12 [风]
15556,合成回旋标 12 [风]
15557,合成回旋标 12 [风]
15558,合成回旋标 12 [风]
15559,合成回旋标 12 [风]
15560,合成回旋标 12 [风]
15561,合成回旋标 13
15562,合成回旋标 13
15563,合成回旋标 13
15564,合成回旋标 13
15565,合成回旋标 13
15566,合成回旋标 13
15567,合成回旋标 13 [地]
15568,合成回旋标 13 [地]
15569,合成回旋标 13 [地]
15570,合成回旋标 13 [地]
15571,合成回旋标 13 [地]
15572,合成回旋标 13 [地]
15573,合成回旋标 13 [水]
15574,合成回旋标 13 [水]
15575,合成回旋标 13 [水]
15576,合成回旋标 13 [水]
15577,合成回旋标 13 [水]
15578,合成回旋标 13 [水]
15579,合成回旋标 13 [火]
15580,合成回旋标 13 [火]
15581,合成回旋标 13 [火]
15582,合成回旋标 13 [火]
15583,合成回旋标 13 [火]
15584,合成回旋标 13 [火]
15585,合成回旋标 13 [风]
15586,合成回旋标 13 [风]
15587,合成回旋标 13 [风]
15588,合成回旋标 13 [风]
15589,合成回旋标 13 [风]
15590,合成回旋标 13 [风]
15591,合成回旋标 14
15592,合成回旋标 14
15593,合成回旋标 14
15594,合成回旋标 14
15595,合成回旋标 14
15596,合成回旋标 14
15597,合成回旋标 14[地]
15598,合成回旋标 14[地]
15599,合成回旋标 14[地]
15600,合成回旋标 14[地]
15601,合成回旋标 14[地]
15602,合成回旋标 14[地]
15603,合成回旋标 14[水]
15604,合成回旋标 14[水]
15605,合成回旋标 14[水]
15606,合成回旋标 14[水]
15607,合成回旋标 14[水]
15608,合成回旋标 14[水]
15609,合成回旋标 14[火]
15610,合成回旋标 14[火]
15611,合成回旋标 14[火]
15612,合成回旋标 14[火]
15613,合成回旋标 14[火]
15614,合成回旋标 14[火]
15615,合成回旋标 14[风]
15616,合成回旋标 14[风]
15617,合成回旋标 14[风]
15618,合成回旋标 14[风]
15619,合成回旋标 14[风]
15620,合成回旋标 14[风]
15621,合成回旋标 15
15622,合成回旋标 15
15623,合成回旋标 15
15624,合成回旋标 15
15625,合成回旋标 15
15626,合成回旋标 15
15627,合成回旋标 15 [地]
15628,合成回旋标 15 [地]
15629,合成回旋标 15 [地]
15630,合成回旋标 15 [地]
15631,合成回旋标 15 [地]
15632,合成回旋标 15 [地]
15633,合成回旋标 15 [水]
15634,合成回旋标 15 [水]
15635,合成回旋标 15 [水]
15636,合成回旋标 15 [水]
15637,合成回旋标 15 [水]
15638,合成回旋标 15 [水]
15639,合成回旋标 15 [火]
15640,合成回旋标 15 [火]
15641,合成回旋标 15 [火]
15642,合成回旋标 15 [火]
15643,合成回旋标 15 [火]
15644,合成回旋标 15 [火]
15645,合成回旋标 15 [风]
15646,合成回旋标 15 [风]
15647,合成回旋标 15 [风]
15648,合成回旋标 15 [风]
15649,合成回旋标 15 [风]
15650,合成回旋标 15 [风]
15651,合成回旋标 16
15652,合成回旋标 16
15653,合成回旋标 16
15654,合成回旋标 16
15655,合成回旋标 16
15656,合成回旋标 16
15657,合成回旋标 16 [地]
15658,合成回旋标 16 [地]
15659,合成回旋标 16 [地]
15660,合成回旋标 16 [地]
15661,合成回旋标 16 [地]
15662,合成回旋标 16 [地]
15663,合成回旋标 16 [水]
15664,合成回旋标 16 [水]
15665,合成回旋标 16 [水]
15666,合成回旋标 16 [水]
15667,合成回旋标 16 [水]
15668,合成回旋标 16 [水]
15669,合成回旋标 16[火]
15670,合成回旋标 16[火]
15671,合成回旋标 16[火]
15672,合成回旋标 16[火]
15673,合成回旋标 16[火]
15674,合成回旋标 16[火]
15675,合成回旋标 16[风]
15676,合成回旋标 16[风]
15677,合成回旋标 16[风]
15678,合成回旋标 16[风]
15679,合成回旋标 16[风]
15680,合成回旋标 16[风]
15681,合成回旋标 17
15682,合成回旋标 17
15683,合成回旋标 17
15684,合成回旋标 17
15685,合成回旋标 17
15686,合成回旋标 17
15687,合成回旋标 17 [地]
15688,合成回旋标 17 [地]
15689,合成回旋标 17 [地]
15690,合成回旋标 17 [地]
15691,合成回旋标 17 [地]
15692,合成回旋标 17 [地]
15693,合成回旋标 17 [水]
15694,合成回旋标 17 [水]
15695,合成回旋标 17 [水]
15696,合成回旋标 17 [水]
15697,合成回旋标 17 [水]
15698,合成回旋标 17 [水]
15699,合成回旋标 17 [火]
15700,合成回旋标 17 [火]
15701,合成回旋标 17 [火]
15702,合成回旋标 17 [火]
15703,合成回旋标 17 [火]
15704,合成回旋标 17 [火]
15705,合成回旋标 17 [风]
15706,合成回旋标 17 [风]
15707,合成回旋标 17 [风]
15708,合成回旋标 17 [风]
15709,合成回旋标 17 [风]
15710,合成回旋标 17 [风]
15711,合成回旋标 18
15712,合成回旋标 18
15713,合成回旋标 18
15714,合成回旋标 18
15715,合成回旋标 18
15716,合成回旋标 18
15717,合成回旋标 18 [地]
15718,合成回旋标 18 [地]
15719,合成回旋标 18 [地]
15720,合成回旋标 18 [地]
15721,合成回旋标 18 [地]
15722,合成回旋标 18 [地]
15723,合成回旋标 18 [水]
15724,合成回旋标 18 [水]
15725,合成回旋标 18 [水]
15726,合成回旋标 18 [水]
15727,合成回旋标 18 [水]
15728,合成回旋标 18 [水]
15729,合成回旋标 18[火]
15730,合成回旋标 18[火]
15731,合成回旋标 18[火]
15732,合成回旋标 18[火]
15733,合成回旋标 18[火]
15734,合成回旋标 18[火]
15735,合成回旋标 18[风]
15736,合成回旋标 18[风]
15737,合成回旋标 18[风]
15738,合成回旋标 18[风]
15739,合成回旋标 18[风]
15740,合成回旋标 18[风]
15741,合成回旋标 19
15742,合成回旋标 19
15743,合成回旋标 19
15744,合成回旋标 19
15745,合成回旋标 19
15746,合成回旋标 19
15747,合成回旋标 19 [地]
15748,合成回旋标 19 [地]
15749,合成回旋标 19 [地]
15750,合成回旋标 19 [地]
15751,合成回旋标 19 [地]
15752,合成回旋标 19 [地]
15753,合成回旋标 19 [水]
15754,合成回旋标 19 [水]
15755,合成回旋标 19 [水]
15756,合成回旋标 19 [水]
15757,合成回旋标 19 [水]
15758,合成回旋标 19 [水]
15759,合成回旋标 19 [火]
15760,合成回旋标 19 [火]
15761,合成回旋标 19 [火]
15762,合成回旋标 19 [火]
15763,合成回旋标 19 [火]
15764,合成回旋标 19 [火]
15765,合成回旋标 19 [风]
15766,合成回旋标 19 [风]
15767,合成回旋标 19 [风]
15768,合成回旋标 19 [风]
15769,合成回旋标 19 [风]
15770,合成回旋标 19 [风]
15771,合成回旋标 20
15772,合成回旋标 20
15773,合成回旋标 20
15774,合成回旋标 20
15775,合成回旋标 20
15776,合成回旋标 20
15777,合成回旋标 20 [地]
15778,合成回旋标 20 [地]
15779,合成回旋标 20 [地]
15780,合成回旋标 20 [地]
15781,合成回旋标 20 [地]
15782,合成回旋标 20 [地]
15783,合成回旋标 20 [水]
15784,合成回旋标 20 [水]
15785,合成回旋标 20 [水]
15786,合成回旋标 20 [水]
15787,合成回旋标 20 [水]
15788,合成回旋标 20 [水]
15789,合成回旋标 20[火]
15790,合成回旋标 20[火]
15791,合成回旋标 20[火]
15792,合成回旋标 20[火]
15793,合成回旋标 20[火]
15794,合成回旋标 20[火]
15795,合成回旋标 20[风]
15796,合成回旋标 20[风]
15797,合成回旋标 20[风]
15798,合成回旋标 20[风]
15799,合成回旋标 20[风]
15800,合成回旋标 20[风]
15801,合成投掷斧头 11
15802,合成投掷斧头 11
15803,合成投掷斧头 11
15804,合成投掷斧头 11
15805,合成投掷斧头 11
15806,合成投掷斧头 11
15807,合成投掷斧头 11 [地]
15808,合成投掷斧头 11 [地]
15809,合成投掷斧头 11 [地]
15810,合成投掷斧头 11 [地]
15811,合成投掷斧头 11 [地]
15812,合成投掷斧头 11 [地]
15813,合成投掷斧头 11 [水]
15814,合成投掷斧头 11 [水]
15815,合成投掷斧头 11 [水]
15816,合成投掷斧头 11 [水]
15817,合成投掷斧头 11 [水]
15818,合成投掷斧头 11 [水]
15819,合成投掷斧头 11 [火]
15820,合成投掷斧头 11 [火]
15821,合成投掷斧头 11 [火]
15822,合成投掷斧头 11 [火]
15823,合成投掷斧头 11 [火]
15824,合成投掷斧头 11 [火]
15825,合成投掷斧头 11 [风]
15826,合成投掷斧头 11 [风]
15827,合成投掷斧头 11 [风]
15828,合成投掷斧头 11 [风]
15829,合成投掷斧头 11 [风]
15830,合成投掷斧头 11 [风]
15831,合成投掷斧头 12
15832,合成投掷斧头 12
15833,合成投掷斧头 12
15834,合成投掷斧头 12
15835,合成投掷斧头 12
15836,合成投掷斧头 12
15837,合成投掷斧头 12 [地]
15838,合成投掷斧头 12 [地]
15839,合成投掷斧头 12 [地]
15840,合成投掷斧头 12 [地]
15841,合成投掷斧头 12 [地]
15842,合成投掷斧头 12 [地]
15843,合成投掷斧头 12 [水]
15844,合成投掷斧头 12 [水]
15845,合成投掷斧头 12 [水]
15846,合成投掷斧头 12 [水]
15847,合成投掷斧头 12 [水]
15848,合成投掷斧头 12 [水]
15849,合成投掷斧头 12 [火]
15850,合成投掷斧头 12 [火]
15851,合成投掷斧头 12 [火]
15852,合成投掷斧头 12 [火]
15853,合成投掷斧头 12 [火]
15854,合成投掷斧头 12 [火]
15855,合成投掷斧头 12 [风]
15856,合成投掷斧头 12 [风]
15857,合成投掷斧头 12 [风]
15858,合成投掷斧头 12 [风]
15859,合成投掷斧头 12 [风]
15860,合成投掷斧头 12 [风]
15861,合成投掷斧头 13
15862,合成投掷斧头 13
15863,合成投掷斧头 13
15864,合成投掷斧头 13
15865,合成投掷斧头 13
15866,合成投掷斧头 13
15867,合成投掷斧头 13 [地]
15868,合成投掷斧头 13 [地]
15869,合成投掷斧头 13 [地]
15870,合成投掷斧头 13 [地]
15871,合成投掷斧头 13 [地]
15872,合成投掷斧头 13 [地]
15873,合成投掷斧头 13 [水]
15874,合成投掷斧头 13 [水]
15875,合成投掷斧头 13 [水]
15876,合成投掷斧头 13 [水]
15877,合成投掷斧头 13 [水]
15878,合成投掷斧头 13 [水]
15879,合成投掷斧头 13 [火]
15880,合成投掷斧头 13 [火]
15881,合成投掷斧头 13 [火]
15882,合成投掷斧头 13 [火]
15883,合成投掷斧头 13 [火]
15884,合成投掷斧头 13 [火]
15885,合成投掷斧头 13 [风]
15886,合成投掷斧头 13 [风]
15887,合成投掷斧头 13 [风]
15888,合成投掷斧头 13 [风]
15889,合成投掷斧头 13 [风]
15890,合成投掷斧头 13 [风]
15891,合成投掷斧头 14
15892,合成投掷斧头 14
15893,合成投掷斧头 14
15894,合成投掷斧头 14
15895,合成投掷斧头 14
15896,合成投掷斧头 14
15897,合成投掷斧头 14[地]
15898,合成投掷斧头 14[地]
15899,合成投掷斧头 14[地]
15900,合成投掷斧头 14[地]
15901,合成投掷斧头 14[地]
15902,合成投掷斧头 14[地]
15903,合成投掷斧头 14[水]
15904,合成投掷斧头 14[水]
15905,合成投掷斧头 14[水]
15906,合成投掷斧头 14[水]
15907,合成投掷斧头 14[水]
15908,合成投掷斧头 14[水]
15909,合成投掷斧头 14[火]
15910,合成投掷斧头 14[火]
15911,合成投掷斧头 14[火]
15912,合成投掷斧头 14[火]
15913,合成投掷斧头 14[火]
15914,合成投掷斧头 14[火]
15915,合成投掷斧头 14[风]
15916,合成投掷斧头 14[风]
15917,合成投掷斧头 14[风]
15918,合成投掷斧头 14[风]
15919,合成投掷斧头 14[风]
15920,合成投掷斧头 14[风]
15921,合成投掷斧头 15
15922,合成投掷斧头 15
15923,合成投掷斧头 15
15924,合成投掷斧头 15
15925,合成投掷斧头 15
15926,合成投掷斧头 15
15927,合成投掷斧头 15 [地]
15928,合成投掷斧头 15 [地]
15929,合成投掷斧头 15 [地]
15930,合成投掷斧头 15 [地]
15931,合成投掷斧头 15 [地]
15932,合成投掷斧头 15 [地]
15933,合成投掷斧头 15 [水]
15934,合成投掷斧头 15 [水]
15935,合成投掷斧头 15 [水]
15936,合成投掷斧头 15 [水]
15937,合成投掷斧头 15 [水]
15938,合成投掷斧头 15 [水]
15939,合成投掷斧头 15 [火]
15940,合成投掷斧头 15 [火]
15941,合成投掷斧头 15 [火]
15942,合成投掷斧头 15 [火]
15943,合成投掷斧头 15 [火]
15944,合成投掷斧头 15 [火]
15945,合成投掷斧头 15 [风]
15946,合成投掷斧头 15 [风]
15947,合成投掷斧头 15 [风]
15948,合成投掷斧头 15 [风]
15949,合成投掷斧头 15 [风]
15950,合成投掷斧头 15 [风]
15951,合成投掷斧头 16
15952,合成投掷斧头 16
15953,合成投掷斧头 16
15954,合成投掷斧头 16
15955,合成投掷斧头 16
15956,合成投掷斧头 16
15957,合成投掷斧头 16 [地]
15958,合成投掷斧头 16 [地]
15959,合成投掷斧头 16 [地]
15960,合成投掷斧头 16 [地]
15961,合成投掷斧头 16 [地]
15962,合成投掷斧头 16 [地]
15963,合成投掷斧头 16 [水]
15964,合成投掷斧头 16 [水]
15965,合成投掷斧头 16 [水]
15966,合成投掷斧头 16 [水]
15967,合成投掷斧头 16 [水]
15968,合成投掷斧头 16 [水]
15969,合成投掷斧头 16[火]
15970,合成投掷斧头 16[火]
15971,合成投掷斧头 16[火]
15972,合成投掷斧头 16[火]
15973,合成投掷斧头 16[火]
15974,合成投掷斧头 16[火]
15975,合成投掷斧头 16[风]
15976,合成投掷斧头 16[风]
15977,合成投掷斧头 16[风]
15978,合成投掷斧头 16[风]
15979,合成投掷斧头 16[风]
15980,合成投掷斧头 16[风]
15981,合成投掷斧头 17
15982,合成投掷斧头 17
15983,合成投掷斧头 17
15984,合成投掷斧头 17
15985,合成投掷斧头 17
15986,合成投掷斧头 17
15987,合成投掷斧头 17 [地]
15988,合成投掷斧头 17 [地]
15989,合成投掷斧头 17 [地]
15990,合成投掷斧头 17 [地]
15991,合成投掷斧头 17 [地]
15992,合成投掷斧头 17 [地]
15993,合成投掷斧头 17 [水]
15994,合成投掷斧头 17 [水]
15995,合成投掷斧头 17 [水]
15996,合成投掷斧头 17 [水]
15997,合成投掷斧头 17 [水]
15998,合成投掷斧头 17 [水]
15999,合成投掷斧头 17 [火]
16000,合成投掷斧头 17 [火]
16001,合成投掷斧头 17 [火]
16002,合成投掷斧头 17 [火]
16003,合成投掷斧头 17 [火]
16004,合成投掷斧头 17 [火]
16005,合成投掷斧头 17 [风]
16006,合成投掷斧头 17 [风]
16007,合成投掷斧头 17 [风]
16008,合成投掷斧头 17 [风]
16009,合成投掷斧头 17 [风]
16010,合成投掷斧头 17 [风]
16011,合成投掷斧头 18
16012,合成投掷斧头 18
16013,合成投掷斧头 18
16014,合成投掷斧头 18
16015,合成投掷斧头 18
16016,合成投掷斧头 18
16017,合成投掷斧头 18 [地]
16018,合成投掷斧头 18 [地]
16019,合成投掷斧头 18 [地]
16020,合成投掷斧头 18 [地]
16021,合成投掷斧头 18 [地]
16022,合成投掷斧头 18 [地]
16023,合成投掷斧头 18 [水]
16024,合成投掷斧头 18 [水]
16025,合成投掷斧头 18 [水]
16026,合成投掷斧头 18 [水]
16027,合成投掷斧头 18 [水]
16028,合成投掷斧头 18 [水]
16029,合成投掷斧头 18[火]
16030,合成投掷斧头 18[火]
16031,合成投掷斧头 18[火]
16032,合成投掷斧头 18[火]
16033,合成投掷斧头 18[火]
16034,合成投掷斧头 18[火]
16035,合成投掷斧头 18[风]
16036,合成投掷斧头 18[风]
16037,合成投掷斧头 18[风]
16038,合成投掷斧头 18[风]
16039,合成投掷斧头 18[风]
16040,合成投掷斧头 18[风]
16041,合成投掷斧头 19
16042,合成投掷斧头 19
16043,合成投掷斧头 19
16044,合成投掷斧头 19
16045,合成投掷斧头 19
16046,合成投掷斧头 19
16047,合成投掷斧头 19 [地]
16048,合成投掷斧头 19 [地]
16049,合成投掷斧头 19 [地]
16050,合成投掷斧头 19 [地]
16051,合成投掷斧头 19 [地]
16052,合成投掷斧头 19 [地]
16053,合成投掷斧头 19 [水]
16054,合成投掷斧头 19 [水]
16055,合成投掷斧头 19 [水]
16056,合成投掷斧头 19 [水]
16057,合成投掷斧头 19 [水]
16058,合成投掷斧头 19 [水]
16059,合成投掷斧头 19 [火]
16060,合成投掷斧头 19 [火]
16061,合成投掷斧头 19 [火]
16062,合成投掷斧头 19 [火]
16063,合成投掷斧头 19 [火]
16064,合成投掷斧头 19 [火]
16065,合成投掷斧头 19 [风]
16066,合成投掷斧头 19 [风]
16067,合成投掷斧头 19 [风]
16068,合成投掷斧头 19 [风]
16069,合成投掷斧头 19 [风]
16070,合成投掷斧头 19 [风]
16071,合成投掷斧头 20
16072,合成投掷斧头 20
16073,合成投掷斧头 20
16074,合成投掷斧头 20
16075,合成投掷斧头 20
16076,合成投掷斧头 20
16077,合成投掷斧头 20 [地]
16078,合成投掷斧头 20 [地]
16079,合成投掷斧头 20 [地]
16080,合成投掷斧头 20 [地]
16081,合成投掷斧头 20 [地]
16082,合成投掷斧头 20 [地]
16083,合成投掷斧头 20 [水]
16084,合成投掷斧头 20 [水]
16085,合成投掷斧头 20 [水]
16086,合成投掷斧头 20 [水]
16087,合成投掷斧头 20 [水]
16088,合成投掷斧头 20 [水]
16089,合成投掷斧头 20[火]
16090,合成投掷斧头 20[火]
16091,合成投掷斧头 20[火]
16092,合成投掷斧头 20[火]
16093,合成投掷斧头 20[火]
16094,合成投掷斧头 20[火]
16095,合成投掷斧头 20[风]
16096,合成投掷斧头 20[风]
16097,合成投掷斧头 20[风]
16098,合成投掷斧头 20[风]
16099,合成投掷斧头 20[风]
16100,合成投掷斧头 20[风]
16101,合成石 11
16102,合成石 11
16103,合成石 11
16104,合成石 11
16105,合成石 11
16106,合成石 11
16107,合成石 11 [地]
16108,合成石 11 [地]
16109,合成石 11 [地]
16110,合成石 11 [地]
16111,合成石 11 [地]
16112,合成石 11 [地]
16113,合成石 11 [水]
16114,合成石 11 [水]
16115,合成石 11 [水]
16116,合成石 11 [水]
16117,合成石 11 [水]
16118,合成石 11 [水]
16119,合成石 11 [火]
16120,合成石 11 [火]
16121,合成石 11 [火]
16122,合成石 11 [火]
16123,合成石 11 [火]
16124,合成石 11 [火]
16125,合成石 11 [风]
16126,合成石 11 [风]
16127,合成石 11 [风]
16128,合成石 11 [风]
16129,合成石 11 [风]
16130,合成石 11 [风]
16131,合成石 12
16132,合成石 12
16133,合成石 12
16134,合成石 12
16135,合成石 12
16136,合成石 12
16137,合成石 12 [地]
16138,合成石 12 [地]
16139,合成石 12 [地]
16140,合成石 12 [地]
16141,合成石 12 [地]
16142,合成石 12 [地]
16143,合成石 12 [水]
16144,合成石 12 [水]
16145,合成石 12 [水]
16146,合成石 12 [水]
16147,合成石 12 [水]
16148,合成石 12 [水]
16149,合成石 12 [火]
16150,合成石 12 [火]
16151,合成石 12 [火]
16152,合成石 12 [火]
16153,合成石 12 [火]
16154,合成石 12 [火]
16155,合成石 12 [风]
16156,合成石 12 [风]
16157,合成石 12 [风]
16158,合成石 12 [风]
16159,合成石 12 [风]
16160,合成石 12 [风]
16161,合成石 13
16162,合成石 13
16163,合成石 13
16164,合成石 13
16165,合成石 13
16166,合成石 13
16167,合成石 13 [地]
16168,合成石 13 [地]
16169,合成石 13 [地]
16170,合成石 13 [地]
16171,合成石 13 [地]
16172,合成石 13 [地]
16173,合成石 13 [水]
16174,合成石 13 [水]
16175,合成石 13 [水]
16176,合成石 13 [水]
16177,合成石 13 [水]
16178,合成石 13 [水]
16179,合成石 13 [火]
16180,合成石 13 [火]
16181,合成石 13 [火]
16182,合成石 13 [火]
16183,合成石 13 [火]
16184,合成石 13 [火]
16185,合成石 13 [风]
16186,合成石 13 [风]
16187,合成石 13 [风]
16188,合成石 13 [风]
16189,合成石 13 [风]
16190,合成石 13 [风]
16191,合成石 14
16192,合成石 14
16193,合成石 14
16194,合成石 14
16195,合成石 14
16196,合成石 14
16197,合成石 14[地]
16198,合成石 14[地]
16199,合成石 14[地]
16200,合成石 14[地]
16201,合成石 14[地]
16202,合成石 14[地]
16203,合成石 14[水]
16204,合成石 14[水]
16205,合成石 14[水]
16206,合成石 14[水]
16207,合成石 14[水]
16208,合成石 14[水]
16209,合成石 14[火]
16210,合成石 14[火]
16211,合成石 14[火]
16212,合成石 14[火]
16213,合成石 14[火]
16214,合成石 14[火]
16215,合成石 14[风]
16216,合成石 14[风]
16217,合成石 14[风]
16218,合成石 14[风]
16219,合成石 14[风]
16220,合成石 14[风]
16221,合成石 15
16222,合成石 15
16223,合成石 15
16224,合成石 15
16225,合成石 15
16226,合成石 15
16227,合成石 15 [地]
16228,合成石 15 [地]
16229,合成石 15 [地]
16230,合成石 15 [地]
16231,合成石 15 [地]
16232,合成石 15 [地]
16233,合成石 15 [水]
16234,合成石 15 [水]
16235,合成石 15 [水]
16236,合成石 15 [水]
16237,合成石 15 [水]
16238,合成石 15 [水]
16239,合成石 15 [火]
16240,合成石 15 [火]
16241,合成石 15 [火]
16242,合成石 15 [火]
16243,合成石 15 [火]
16244,合成石 15 [火]
16245,合成石 15 [风]
16246,合成石 15 [风]
16247,合成石 15 [风]
16248,合成石 15 [风]
16249,合成石 15 [风]
16250,合成石 15 [风]
16251,合成石 16
16252,合成石 16
16253,合成石 16
16254,合成石 16
16255,合成石 16
16256,合成石 16
16257,合成石 16 [地]
16258,合成石 16 [地]
16259,合成石 16 [地]
16260,合成石 16 [地]
16261,合成石 16 [地]
16262,合成石 16 [地]
16263,合成石 16 [水]
16264,合成石 16 [水]
16265,合成石 16 [水]
16266,合成石 16 [水]
16267,合成石 16 [水]
16268,合成石 16 [水]
16269,合成石 16[火]
16270,合成石 16[火]
16271,合成石 16[火]
16272,合成石 16[火]
16273,合成石 16[火]
16274,合成石 16[火]
16275,合成石 16[风]
16276,合成石 16[风]
16277,合成石 16[风]
16278,合成石 16[风]
16279,合成石 16[风]
16280,合成石 16[风]
16281,合成石 17
16282,合成石 17
16283,合成石 17
16284,合成石 17
16285,合成石 17
16286,合成石 17
16287,合成石 17 [地]
16288,合成石 17 [地]
16289,合成石 17 [地]
16290,合成石 17 [地]
16291,合成石 17 [地]
16292,合成石 17 [地]
16293,合成石 17 [水]
16294,合成石 17 [水]
16295,合成石 17 [水]
16296,合成石 17 [水]
16297,合成石 17 [水]
16298,合成石 17 [水]
16299,合成石 17 [火]
16300,合成石 17 [火]
16301,合成石 17 [火]
16302,合成石 17 [火]
16303,合成石 17 [火]
16304,合成石 17 [火]
16305,合成石 17 [风]
16306,合成石 17 [风]
16307,合成石 17 [风]
16308,合成石 17 [风]
16309,合成石 17 [风]
16310,合成石 17 [风]
16311,合成石 18
16312,合成石 18
16313,合成石 18
16314,合成石 18
16315,合成石 18
16316,合成石 18
16317,合成石 18 [地]
16318,合成石 18 [地]
16319,合成石 18 [地]
16320,合成石 18 [地]
16321,合成石 18 [地]
16322,合成石 18 [地]
16323,合成石 18 [水]
16324,合成石 18 [水]
16325,合成石 18 [水]
16326,合成石 18 [水]
16327,合成石 18 [水]
16328,合成石 18 [水]
16329,合成石 18[火]
16330,合成石 18[火]
16331,合成石 18[火]
16332,合成石 18[火]
16333,合成石 18[火]
16334,合成石 18[火]
16335,合成石 18[风]
16336,合成石 18[风]
16337,合成石 18[风]
16338,合成石 18[风]
16339,合成石 18[风]
16340,合成石 18[风]
16341,合成石 19
16342,合成石 19
16343,合成石 19
16344,合成石 19
16345,合成石 19
16346,合成石 19
16347,合成石 19 [地]
16348,合成石 19 [地]
16349,合成石 19 [地]
16350,合成石 19 [地]
16351,合成石 19 [地]
16352,合成石 19 [地]
16353,合成石 19 [水]
16354,合成石 19 [水]
16355,合成石 19 [水]
16356,合成石 19 [水]
16357,合成石 19 [水]
16358,合成石 19 [水]
16359,合成石 19 [火]
16360,合成石 19 [火]
16361,合成石 19 [火]
16362,合成石 19 [火]
16363,合成石 19 [火]
16364,合成石 19 [火]
16365,合成石 19 [风]
16366,合成石 19 [风]
16367,合成石 19 [风]
16368,合成石 19 [风]
16369,合成石 19 [风]
16370,合成石 19 [风]
16371,合成石 20
16372,合成石 20
16373,合成石 20
16374,合成石 20
16375,合成石 20
16376,合成石 20
16377,合成石 20 [地]
16378,合成石 20 [地]
16379,合成石 20 [地]
16380,合成石 20 [地]
16381,合成石 20 [地]
16382,合成石 20 [地]
16383,合成石 20 [水]
16384,合成石 20 [水]
16385,合成石 20 [水]
16386,合成石 20 [水]
16387,合成石 20 [水]
16388,合成石 20 [水]
16389,合成石 20[火]
16390,合成石 20[火]
16391,合成石 20[火]
16392,合成石 20[火]
16393,合成石 20[火]
16394,合成石 20[火]
16395,合成石 20[风]
16396,合成石 20[风]
16397,合成石 20[风]
16398,合成石 20[风]
16399,合成石 20[风]
16400,合成石 20[风]
16401,合成兜 11
16402,合成兜 11
16403,合成兜 11
16404,合成兜 11
16405,合成兜 11
16406,合成兜 11
16407,合成兜 11 [地]
16408,合成兜 11 [地]
16409,合成兜 11 [地]
16410,合成兜 11 [地]
16411,合成兜 11 [地]
16412,合成兜 11 [地]
16413,合成兜 11 [水]
16414,合成兜 11 [水]
16415,合成兜 11 [水]
16416,合成兜 11 [水]
16417,合成兜 11 [水]
16418,合成兜 11 [水]
16419,合成兜 11 [火]
16420,合成兜 11 [火]
16421,合成兜 11 [火]
16422,合成兜 11 [火]
16423,合成兜 11 [火]
16424,合成兜 11 [火]
16425,合成兜 11 [风]
16426,合成兜 11 [风]
16427,合成兜 11 [风]
16428,合成兜 11 [风]
16429,合成兜 11 [风]
16430,合成兜 11 [风]
16431,合成兜 12
16432,合成兜 12
16433,合成兜 12
16434,合成兜 12
16435,合成兜 12
16436,合成兜 12
16437,合成兜 12 [地]
16438,合成兜 12 [地]
16439,合成兜 12 [地]
16440,合成兜 12 [地]
16441,合成兜 12 [地]
16442,合成兜 12 [地]
16443,合成兜 12 [水]
16444,合成兜 12 [水]
16445,合成兜 12 [水]
16446,合成兜 12 [水]
16447,合成兜 12 [水]
16448,合成兜 12 [水]
16449,合成兜 12 [火]
16450,合成兜 12 [火]
16451,合成兜 12 [火]
16452,合成兜 12 [火]
16453,合成兜 12 [火]
16454,合成兜 12 [火]
16455,合成兜 12 [风]
16456,合成兜 12 [风]
16457,合成兜 12 [风]
16458,合成兜 12 [风]
16459,合成兜 12 [风]
16460,合成兜 12 [风]
16461,合成兜 13
16462,合成兜 13
16463,合成兜 13
16464,合成兜 13
16465,合成兜 13
16466,合成兜 13
16467,合成兜 13 [地]
16468,合成兜 13 [地]
16469,合成兜 13 [地]
16470,合成兜 13 [地]
16471,合成兜 13 [地]
16472,合成兜 13 [地]
16473,合成兜 13 [水]
16474,合成兜 13 [水]
16475,合成兜 13 [水]
16476,合成兜 13 [水]
16477,合成兜 13 [水]
16478,合成兜 13 [水]
16479,合成兜 13 [火]
16480,合成兜 13 [火]
16481,合成兜 13 [火]
16482,合成兜 13 [火]
16483,合成兜 13 [火]
16484,合成兜 13 [火]
16485,合成兜 13 [风]
16486,合成兜 13 [风]
16487,合成兜 13 [风]
16488,合成兜 13 [风]
16489,合成兜 13 [风]
16490,合成兜 13 [风]
16491,合成兜 14
16492,合成兜 14
16493,合成兜 14
16494,合成兜 14
16495,合成兜 14
16496,合成兜 14
16497,合成兜 14 [地]
16498,合成兜 14 [地]
16499,合成兜 14 [地]
16500,合成兜 14 [地]
16501,合成兜 14 [地]
16502,合成兜 14 [地]
16503,合成兜 14 [水]
16504,合成兜 14 [水]
16505,合成兜 14 [水]
16506,合成兜 14 [水]
16507,合成兜 14 [水]
16508,合成兜 14 [水]
16509,合成兜 14 [火]
16510,合成兜 14 [火]
16511,合成兜 14 [火]
16512,合成兜 14 [火]
16513,合成兜 14 [火]
16514,合成兜 14 [火]
16515,合成兜 14 [风]
16516,合成兜 14 [风]
16517,合成兜 14 [风]
16518,合成兜 14 [风]
16519,合成兜 14 [风]
16520,合成兜 14 [风]
16521,合成兜 15
16522,合成兜 15
16523,合成兜 15
16524,合成兜 15
16525,合成兜 15
16526,合成兜 15
16527,合成兜 15 [地]
16528,合成兜 15 [地]
16529,合成兜 15 [地]
16530,合成兜 15 [地]
16531,合成兜 15 [地]
16532,合成兜 15 [地]
16533,合成兜 15 [水]
16534,合成兜 15 [水]
16535,合成兜 15 [水]
16536,合成兜 15 [水]
16537,合成兜 15 [水]
16538,合成兜 15 [水]
16539,合成兜 15 [火]
16540,合成兜 15 [火]
16541,合成兜 15 [火]
16542,合成兜 15 [火]
16543,合成兜 15 [火]
16544,合成兜 15 [火]
16545,合成兜 15 [风]
16546,合成兜 15 [风]
16547,合成兜 15 [风]
16548,合成兜 15 [风]
16549,合成兜 15 [风]
16550,合成兜 15 [风]
16551,合成兜 16
16552,合成兜 16
16553,合成兜 16
16554,合成兜 16
16555,合成兜 16
16556,合成兜 16
16557,合成兜 16 [地]
16558,合成兜 16 [地]
16559,合成兜 16 [地]
16560,合成兜 16 [地]
16561,合成兜 16 [地]
16562,合成兜 16 [地]
16563,合成兜 16 [水]
16564,合成兜 16 [水]
16565,合成兜 16 [水]
16566,合成兜 16 [水]
16567,合成兜 16 [水]
16568,合成兜 16 [水]
16569,合成兜 16 [火]
16570,合成兜 16 [火]
16571,合成兜 16 [火]
16572,合成兜 16 [火]
16573,合成兜 16 [火]
16574,合成兜 16 [火]
16575,合成兜 16 [风]
16576,合成兜 16 [风]
16577,合成兜 16 [风]
16578,合成兜 16 [风]
16579,合成兜 16 [风]
16580,合成兜 16 [风]
16581,合成兜 17
16582,合成兜 17
16583,合成兜 17
16584,合成兜 17
16585,合成兜 17
16586,合成兜 17
16587,合成兜 17 [地]
16588,合成兜 17 [地]
16589,合成兜 17 [地]
16590,合成兜 17 [地]
16591,合成兜 17 [地]
16592,合成兜 17 [地]
16593,合成兜 17 [水]
16594,合成兜 17 [水]
16595,合成兜 17 [水]
16596,合成兜 17 [水]
16597,合成兜 17 [水]
16598,合成兜 17 [水]
16599,合成兜 17 [火]
16600,合成兜 17 [火]
16601,合成兜 17 [火]
16602,合成兜 17 [火]
16603,合成兜 17 [火]
16604,合成兜 17 [火]
16605,合成兜 17 [风]
16606,合成兜 17 [风]
16607,合成兜 17 [风]
16608,合成兜 17 [风]
16609,合成兜 17 [风]
16610,合成兜 17 [风]
16611,合成兜 18
16612,合成兜 18
16613,合成兜 18
16614,合成兜 18
16615,合成兜 18
16616,合成兜 18
16617,合成兜 18 [地]
16618,合成兜 18 [地]
16619,合成兜 18 [地]
16620,合成兜 18 [地]
16621,合成兜 18 [地]
16622,合成兜 18 [地]
16623,合成兜 18 [水]
16624,合成兜 18 [水]
16625,合成兜 18 [水]
16626,合成兜 18 [水]
16627,合成兜 18 [水]
16628,合成兜 18 [水]
16629,合成兜 18 [火]
16630,合成兜 18 [火]
16631,合成兜 18 [火]
16632,合成兜 18 [火]
16633,合成兜 18 [火]
16634,合成兜 18 [火]
16635,合成兜 18 [风]
16636,合成兜 18 [风]
16637,合成兜 18 [风]
16638,合成兜 18 [风]
16639,合成兜 18 [风]
16640,合成兜 18 [风]
16641,合成兜 19
16642,合成兜 19
16643,合成兜 19
16644,合成兜 19
16645,合成兜 19
16646,合成兜 19
16647,合成兜 19 [地]
16648,合成兜 19 [地]
16649,合成兜 19 [地]
16650,合成兜 19 [地]
16651,合成兜 19 [地]
16652,合成兜 19 [地]
16653,合成兜 19 [水]
16654,合成兜 19 [水]
16655,合成兜 19 [水]
16656,合成兜 19 [水]
16657,合成兜 19 [水]
16658,合成兜 19 [水]
16659,合成兜 19 [火]
16660,合成兜 19 [火]
16661,合成兜 19 [火]
16662,合成兜 19 [火]
16663,合成兜 19 [火]
16664,合成兜 19 [火]
16665,合成兜 19 [风]
16666,合成兜 19 [风]
16667,合成兜 19 [风]
16668,合成兜 19 [风]
16669,合成兜 19 [风]
16670,合成兜 19 [风]
16671,合成兜 20
16672,合成兜 20
16673,合成兜 20
16674,合成兜 20
16675,合成兜 20
16676,合成兜 20
16677,合成兜 20 [地]
16678,合成兜 20 [地]
16679,合成兜 20 [地]
16680,合成兜 20 [地]
16681,合成兜 20 [地]
16682,合成兜 20 [地]
16683,合成兜 20 [水]
16684,合成兜 20 [水]
16685,合成兜 20 [水]
16686,合成兜 20 [水]
16687,合成兜 20 [水]
16688,合成兜 20 [水]
16689,合成兜 20 [火]
16690,合成兜 20 [火]
16691,合成兜 20 [火]
16692,合成兜 20 [火]
16693,合成兜 20 [火]
16694,合成兜 20 [火]
16695,合成兜 20 [风]
16696,合成兜 20 [风]
16697,合成兜 20 [风]
16698,合成兜 20 [风]
16699,合成兜 20 [风]
16700,合成兜 20 [风]
16701,合成防具 11
16702,合成防具 11
16703,合成防具 11
16704,合成防具 11
16705,合成防具 11
16706,合成防具 11
16707,合成防具 11 [地]
16708,合成防具 11 [地]
16709,合成防具 11 [地]
16710,合成防具 11 [地]
16711,合成防具 11 [地]
16712,合成防具 11 [地]
16713,合成防具 11 [水]
16714,合成防具 11 [水]
16715,合成防具 11 [水]
16716,合成防具 11 [水]
16717,合成防具 11 [水]
16718,合成防具 11 [水]
16719,合成防具 11 [火]
16720,合成防具 11 [火]
16721,合成防具 11 [火]
16722,合成防具 11 [火]
16723,合成防具 11 [火]
16724,合成防具 11 [火]
16725,合成防具 11 [风]
16726,合成防具 11 [风]
16727,合成防具 11 [风]
16728,合成防具 11 [风]
16729,合成防具 11 [风]
16730,合成防具 11 [风]
16731,合成防具 12
16732,合成防具 12
16733,合成防具 12
16734,合成防具 12
16735,合成防具 12
16736,合成防具 12
16737,合成防具 12 [地]
16738,合成防具 12 [地]
16739,合成防具 12 [地]
16740,合成防具 12 [地]
16741,合成防具 12 [地]
16742,合成防具 12 [地]
16743,合成防具 12 [水]
16744,合成防具 12 [水]
16745,合成防具 12 [水]
16746,合成防具 12 [水]
16747,合成防具 12 [水]
16748,合成防具 12 [水]
16749,合成防具 12 [火]
16750,合成防具 12 [火]
16751,合成防具 12 [火]
16752,合成防具 12 [火]
16753,合成防具 12 [火]
16754,合成防具 12 [火]
16755,合成防具 12 [风]
16756,合成防具 12 [风]
16757,合成防具 12 [风]
16758,合成防具 12 [风]
16759,合成防具 12 [风]
16760,合成防具 12 [风]
16761,合成防具 13
16762,合成防具 13
16763,合成防具 13
16764,合成防具 13
16765,合成防具 13
16766,合成防具 13
16767,合成防具 13 [地]
16768,合成防具 13 [地]
16769,合成防具 13 [地]
16770,合成防具 13 [地]
16771,合成防具 13 [地]
16772,合成防具 13 [地]
16773,合成防具 13 [水]
16774,合成防具 13 [水]
16775,合成防具 13 [水]
16776,合成防具 13 [水]
16777,合成防具 13 [水]
16778,合成防具 13 [水]
16779,合成防具 13 [火]
16780,合成防具 13 [火]
16781,合成防具 13 [火]
16782,合成防具 13 [火]
16783,合成防具 13 [火]
16784,合成防具 13 [火]
16785,合成防具 13 [风]
16786,合成防具 13 [风]
16787,合成防具 13 [风]
16788,合成防具 13 [风]
16789,合成防具 13 [风]
16790,合成防具 13 [风]
16791,合成防具 14
16792,合成防具 14
16793,合成防具 14
16794,合成防具 14
16795,合成防具 14
16796,合成防具 14
16797,合成防具 14 [地]
16798,合成防具 14 [地]
16799,合成防具 14 [地]
16800,合成防具 14 [地]
16801,合成防具 14 [地]
16802,合成防具 14 [地]
16803,合成防具 14 [水]
16804,合成防具 14 [水]
16805,合成防具 14 [水]
16806,合成防具 14 [水]
16807,合成防具 14 [水]
16808,合成防具 14 [水]
16809,合成防具 14 [火]
16810,合成防具 14 [火]
16811,合成防具 14 [火]
16812,合成防具 14 [火]
16813,合成防具 14 [火]
16814,合成防具 14 [火]
16815,合成防具 14 [风]
16816,合成防具 14 [风]
16817,合成防具 14 [风]
16818,合成防具 14 [风]
16819,合成防具 14 [风]
16820,合成防具 14 [风]
16821,合成防具 15
16822,合成防具 15
16823,合成防具 15
16824,合成防具 15
16825,合成防具 15
16826,合成防具 15
16827,合成防具 15 [地]
16828,合成防具 15 [地]
16829,合成防具 15 [地]
16830,合成防具 15 [地]
16831,合成防具 15 [地]
16832,合成防具 15 [地]
16833,合成防具 15 [水]
16834,合成防具 15 [水]
16835,合成防具 15 [水]
16836,合成防具 15 [水]
16837,合成防具 15 [水]
16838,合成防具 15 [水]
16839,合成防具 15 [火]
16840,合成防具 15 [火]
16841,合成防具 15 [火]
16842,合成防具 15 [火]
16843,合成防具 15 [火]
16844,合成防具 15 [火]
16845,合成防具 15 [风]
16846,合成防具 15 [风]
16847,合成防具 15 [风]
16848,合成防具 15 [风]
16849,合成防具 15 [风]
16850,合成防具 15 [风]
16851,合成防具 16
16852,合成防具 16
16853,合成防具 16
16854,合成防具 16
16855,合成防具 16
16856,合成防具 16
16857,合成防具 16 [地]
16858,合成防具 16 [地]
16859,合成防具 16 [地]
16860,合成防具 16 [地]
16861,合成防具 16 [地]
16862,合成防具 16 [地]
16863,合成防具 16 [水]
16864,合成防具 16 [水]
16865,合成防具 16 [水]
16866,合成防具 16 [水]
16867,合成防具 16 [水]
16868,合成防具 16 [水]
16869,合成防具 16 [火]
16870,合成防具 16 [火]
16871,合成防具 16 [火]
16872,合成防具 16 [火]
16873,合成防具 16 [火]
16874,合成防具 16 [火]
16875,合成防具 16 [风]
16876,合成防具 16 [风]
16877,合成防具 16 [风]
16878,合成防具 16 [风]
16879,合成防具 16 [风]
16880,合成防具 16 [风]
16881,合成防具 17
16882,合成防具 17
16883,合成防具 17
16884,合成防具 17
16885,合成防具 17
16886,合成防具 17
16887,合成防具 17 [地]
16888,合成防具 17 [地]
16889,合成防具 17 [地]
16890,合成防具 17 [地]
16891,合成防具 17 [地]
16892,合成防具 17 [地]
16893,合成防具 17 [水]
16894,合成防具 17 [水]
16895,合成防具 17 [水]
16896,合成防具 17 [水]
16897,合成防具 17 [水]
16898,合成防具 17 [水]
16899,合成防具 17 [火]
16900,合成防具 17 [火]
16901,合成防具 17 [火]
16902,合成防具 17 [火]
16903,合成防具 17 [火]
16904,合成防具 17 [火]
16905,合成防具 17 [风]
16906,合成防具 17 [风]
16907,合成防具 17 [风]
16908,合成防具 17 [风]
16909,合成防具 17 [风]
16910,合成防具 17 [风]
16911,合成防具 18
16912,合成防具 18
16913,合成防具 18
16914,合成防具 18
16915,合成防具 18
16916,合成防具 18
16917,合成防具 18 [地]
16918,合成防具 18 [地]
16919,合成防具 18 [地]
16920,合成防具 18 [地]
16921,合成防具 18 [地]
16922,合成防具 18 [地]
16923,合成防具 18 [水]
16924,合成防具 18 [水]
16925,合成防具 18 [水]
16926,合成防具 18 [水]
16927,合成防具 18 [水]
16928,合成防具 18 [水]
16929,合成防具 18 [火]
16930,合成防具 18 [火]
16931,合成防具 18 [火]
16932,合成防具 18 [火]
16933,合成防具 18 [火]
16934,合成防具 18 [火]
16935,合成防具 18 [风]
16936,合成防具 18 [风]
16937,合成防具 18 [风]
16938,合成防具 18 [风]
16939,合成防具 18 [风]
16940,合成防具 18 [风]
16941,合成防具 19
16942,合成防具 19
16943,合成防具 19
16944,合成防具 19
16945,合成防具 19
16946,合成防具 19
16947,合成防具 19 [地]
16948,合成防具 19 [地]
16949,合成防具 19 [地]
16950,合成防具 19 [地]
16951,合成防具 19 [地]
16952,合成防具 19 [地]
16953,合成防具 19 [水]
16954,合成防具 19 [水]
16955,合成防具 19 [水]
16956,合成防具 19 [水]
16957,合成防具 19 [水]
16958,合成防具 19 [水]
16959,合成防具 19 [火]
16960,合成防具 19 [火]
16961,合成防具 19 [火]
16962,合成防具 19 [火]
16963,合成防具 19 [火]
16964,合成防具 19 [火]
16965,合成防具 19 [风]
16966,合成防具 19 [风]
16967,合成防具 19 [风]
16968,合成防具 19 [风]
16969,合成防具 19 [风]
16970,合成防具 19 [风]
16971,合成防具 20
16972,合成防具 20
16973,合成防具 20
16974,合成防具 20
16975,合成防具 20
16976,合成防具 20
16977,合成防具 20 [地]
16978,合成防具 20 [地]
16979,合成防具 20 [地]
16980,合成防具 20 [地]
16981,合成防具 20 [地]
16982,合成防具 20 [地]
16983,合成防具 20 [水]
16984,合成防具 20 [水]
16985,合成防具 20 [水]
16986,合成防具 20 [水]
16987,合成防具 20 [水]
16988,合成防具 20 [水]
16989,合成防具 20 [火]
16990,合成防具 20 [火]
16991,合成防具 20 [火]
16992,合成防具 20 [火]
16993,合成防具 20 [火]
16994,合成防具 20 [火]
16995,合成防具 20 [风]
16996,合成防具 20 [风]
16997,合成防具 20 [风]
16998,合成防具 20 [风]
16999,合成防具 20 [风]
17000,合成防具 20 [风]
17001,合成铠 11
17002,合成铠 11
17003,合成铠 11
17004,合成铠 11
17005,合成铠 11
17006,合成铠 11
17007,合成铠 11
17008,合成铠 11
17009,合成铠 11
17010,合成铠 11
17011,合成铠 11 [地]
17012,合成铠 11 [地]
17013,合成铠 11 [地]
17014,合成铠 11 [地]
17015,合成铠 11 [地]
17016,合成铠 11 [地]
17017,合成铠 11 [地]
17018,合成铠 11 [地]
17019,合成铠 11 [地]
17020,合成铠 11 [地]
17021,合成铠 11 [水]
17022,合成铠 11 [水]
17023,合成铠 11 [水]
17024,合成铠 11 [水]
17025,合成铠 11 [水]
17026,合成铠 11 [水]
17027,合成铠 11 [水]
17028,合成铠 11 [水]
17029,合成铠 11 [水]
17030,合成铠 11 [水]
17031,合成铠 11 [火]
17032,合成铠 11 [火]
17033,合成铠 11 [火]
17034,合成铠 11 [火]
17035,合成铠 11 [火]
17036,合成铠 11 [火]
17037,合成铠 11 [火]
17038,合成铠 11 [火]
17039,合成铠 11 [火]
17040,合成铠 11 [火]
17041,合成铠 11 [风]
17042,合成铠 11 [风]
17043,合成铠 11 [风]
17044,合成铠 11 [风]
17045,合成铠 11 [风]
17046,合成铠 11 [风]
17047,合成铠 11 [风]
17048,合成铠 11 [风]
17049,合成铠 11 [风]
17050,合成铠 11 [风]
17051,合成铠 12
17052,合成铠 12
17053,合成铠 12
17054,合成铠 12
17055,合成铠 12
17056,合成铠 12
17057,合成铠 12
17058,合成铠 12
17059,合成铠 12
17060,合成铠 12
17061,合成铠 12 [地]
17062,合成铠 12 [地]
17063,合成铠 12 [地]
17064,合成铠 12 [地]
17065,合成铠 12 [地]
17066,合成铠 12 [地]
17067,合成铠 12 [地]
17068,合成铠 12 [地]
17069,合成铠 12 [地]
17070,合成铠 12 [地]
17071,合成铠 12 [水]
17072,合成铠 12 [水]
17073,合成铠 12 [水]
17074,合成铠 12 [水]
17075,合成铠 12 [水]
17076,合成铠 12 [水]
17077,合成铠 12 [水]
17078,合成铠 12 [水]
17079,合成铠 12 [水]
17080,合成铠 12 [水]
17081,合成铠 12 [火]
17082,合成铠 12 [火]
17083,合成铠 12 [火]
17084,合成铠 12 [火]
17085,合成铠 12 [火]
17086,合成铠 12 [火]
17087,合成铠 12 [火]
17088,合成铠 12 [火]
17089,合成铠 12 [火]
17090,合成铠 12 [火]
17091,合成铠 12 [风]
17092,合成铠 12 [风]
17093,合成铠 12 [风]
17094,合成铠 12 [风]
17095,合成铠 12 [风]
17096,合成铠 12 [风]
17097,合成铠 12 [风]
17098,合成铠 12 [风]
17099,合成铠 12 [风]
17100,合成铠 12 [风]
17101,合成铠 13
17102,合成铠 13
17103,合成铠 13
17104,合成铠 13
17105,合成铠 13
17106,合成铠 13
17107,合成铠 13
17108,合成铠 13
17109,合成铠 13
17110,合成铠 13
17111,合成铠 13 [地]
17112,合成铠 13 [地]
17113,合成铠 13 [地]
17114,合成铠 13 [地]
17115,合成铠 13 [地]
17116,合成铠 13 [地]
17117,合成铠 13 [地]
17118,合成铠 13 [地]
17119,合成铠 13 [地]
17120,合成铠 13 [地]
17121,合成铠 13 [水]
17122,合成铠 13 [水]
17123,合成铠 13 [水]
17124,合成铠 13 [水]
17125,合成铠 13 [水]
17126,合成铠 13 [水]
17127,合成铠 13 [水]
17128,合成铠 13 [水]
17129,合成铠 13 [水]
17130,合成铠 13 [水]
17131,合成铠 13 [火]
17132,合成铠 13 [火]
17133,合成铠 13 [火]
17134,合成铠 13 [火]
17135,合成铠 13 [火]
17136,合成铠 13 [火]
17137,合成铠 13 [火]
17138,合成铠 13 [火]
17139,合成铠 13 [火]
17140,合成铠 13 [火]
17141,合成铠 13 [风]
17142,合成铠 13 [风]
17143,合成铠 13 [风]
17144,合成铠 13 [风]
17145,合成铠 13 [风]
17146,合成铠 13 [风]
17147,合成铠 13 [风]
17148,合成铠 13 [风]
17149,合成铠 13 [风]
17150,合成铠 13 [风]
17151,合成铠 14
17152,合成铠 14
17153,合成铠 14
17154,合成铠 14
17155,合成铠 14
17156,合成铠 14
17157,合成铠 14
17158,合成铠 14
17159,合成铠 14
17160,合成铠 14
17161,合成铠 14 [地]
17162,合成铠 14 [地]
17163,合成铠 14 [地]
17164,合成铠 14 [地]
17165,合成铠 14 [地]
17166,合成铠 14 [地]
17167,合成铠 14 [地]
17168,合成铠 14 [地]
17169,合成铠 14 [地]
17170,合成铠 14 [地]
17171,合成铠 14 [水]
17172,合成铠 14 [水]
17173,合成铠 14 [水]
17174,合成铠 14 [水]
17175,合成铠 14 [水]
17176,合成铠 14 [水]
17177,合成铠 14 [水]
17178,合成铠 14 [水]
17179,合成铠 14 [水]
17180,合成铠 14 [水]
17181,合成铠 14 [火]
17182,合成铠 14 [火]
17183,合成铠 14 [火]
17184,合成铠 14 [火]
17185,合成铠 14 [火]
17186,合成铠 14 [火]
17187,合成铠 14 [火]
17188,合成铠 14 [火]
17189,合成铠 14 [火]
17190,合成铠 14 [火]
17191,合成铠 14 [风]
17192,合成铠 14 [风]
17193,合成铠 14 [风]
17194,合成铠 14 [风]
17195,合成铠 14 [风]
17196,合成铠 14 [风]
17197,合成铠 14 [风]
17198,合成铠 14 [风]
17199,合成铠 14 [风]
17200,合成铠 14 [风]
17201,合成铠 15
17202,合成铠 15
17203,合成铠 15
17204,合成铠 15
17205,合成铠 15
17206,合成铠 15
17207,合成铠 15
17208,合成铠 15
17209,合成铠 15
17210,合成铠 15
17211,合成铠 15 [地]
17212,合成铠 15 [地]
17213,合成铠 15 [地]
17214,合成铠 15 [地]
17215,合成铠 15 [地]
17216,合成铠 15 [地]
17217,合成铠 15 [地]
17218,合成铠 15 [地]
17219,合成铠 15 [地]
17220,合成铠 15 [地]
17221,合成铠 15 [水]
17222,合成铠 15 [水]
17223,合成铠 15 [水]
17224,合成铠 15 [水]
17225,合成铠 15 [水]
17226,合成铠 15 [水]
17227,合成铠 15 [水]
17228,合成铠 15 [水]
17229,合成铠 15 [水]
17230,合成铠 15 [水]
17231,合成铠 15 [火]
17232,合成铠 15 [火]
17233,合成铠 15 [火]
17234,合成铠 15 [火]
17235,合成铠 15 [火]
17236,合成铠 15 [火]
17237,合成铠 15 [火]
17238,合成铠 15 [火]
17239,合成铠 15 [火]
17240,合成铠 15 [火]
17241,合成铠 15 [风]
17242,合成铠 15 [风]
17243,合成铠 15 [风]
17244,合成铠 15 [风]
17245,合成铠 15 [风]
17246,合成铠 15 [风]
17247,合成铠 15 [风]
17248,合成铠 15 [风]
17249,合成铠 15 [风]
17250,合成铠 15 [风]
17251,合成铠 16
17252,合成铠 16
17253,合成铠 16
17254,合成铠 16
17255,合成铠 16
17256,合成铠 16
17257,合成铠 16
17258,合成铠 16
17259,合成铠 16
17260,合成铠 16
17261,合成铠 16 [地]
17262,合成铠 16 [地]
17263,合成铠 16 [地]
17264,合成铠 16 [地]
17265,合成铠 16 [地]
17266,合成铠 16 [地]
17267,合成铠 16 [地]
17268,合成铠 16 [地]
17269,合成铠 16 [地]
17270,合成铠 16 [地]
17271,合成铠 16 [水]
17272,合成铠 16 [水]
17273,合成铠 16 [水]
17274,合成铠 16 [水]
17275,合成铠 16 [水]
17276,合成铠 16 [水]
17277,合成铠 16 [水]
17278,合成铠 16 [水]
17279,合成铠 16 [水]
17280,合成铠 16 [水]
17281,合成铠 16 [火]
17282,合成铠 16 [火]
17283,合成铠 16 [火]
17284,合成铠 16 [火]
17285,合成铠 16 [火]
17286,合成铠 16 [火]
17287,合成铠 16 [火]
17288,合成铠 16 [火]
17289,合成铠 16 [火]
17290,合成铠 16 [火]
17291,合成铠 16 [风]
17292,合成铠 16 [风]
17293,合成铠 16 [风]
17294,合成铠 16 [风]
17295,合成铠 16 [风]
17296,合成铠 16 [风]
17297,合成铠 16 [风]
17298,合成铠 16 [风]
17299,合成铠 16 [风]
17300,合成铠 16 [风]
17301,合成铠 17
17302,合成铠 17
17303,合成铠 17
17304,合成铠 17
17305,合成铠 17
17306,合成铠 17
17307,合成铠 17
17308,合成铠 17
17309,合成铠 17
17310,合成铠 17
17311,合成铠 17 [地]
17312,合成铠 17 [地]
17313,合成铠 17 [地]
17314,合成铠 17 [地]
17315,合成铠 17 [地]
17316,合成铠 17 [地]
17317,合成铠 17 [地]
17318,合成铠 17 [地]
17319,合成铠 17 [地]
17320,合成铠 17 [地]
17321,合成铠 17 [水]
17322,合成铠 17 [水]
17323,合成铠 17 [水]
17324,合成铠 17 [水]
17325,合成铠 17 [水]
17326,合成铠 17 [水]
17327,合成铠 17 [水]
17328,合成铠 17 [水]
17329,合成铠 17 [水]
17330,合成铠 17 [水]
17331,合成铠 17 [火]
17332,合成铠 17 [火]
17333,合成铠 17 [火]
17334,合成铠 17 [火]
17335,合成铠 17 [火]
17336,合成铠 17 [火]
17337,合成铠 17 [火]
17338,合成铠 17 [火]
17339,合成铠 17 [火]
17340,合成铠 17 [火]
17341,合成铠 17 [风]
17342,合成铠 17 [风]
17343,合成铠 17 [风]
17344,合成铠 17 [风]
17345,合成铠 17 [风]
17346,合成铠 17 [风]
17347,合成铠 17 [风]
17348,合成铠 17 [风]
17349,合成铠 17 [风]
17350,合成铠 17 [风]
17351,合成铠 18
17352,合成铠 18
17353,合成铠 18
17354,合成铠 18
17355,合成铠 18
17356,合成铠 18
17357,合成铠 18
17358,合成铠 18
17359,合成铠 18
17360,合成铠 18
17361,合成铠 18 [地]
17362,合成铠 18 [地]
17363,合成铠 18 [地]
17364,合成铠 18 [地]
17365,合成铠 18 [地]
17366,合成铠 18 [地]
17367,合成铠 18 [地]
17368,合成铠 18 [地]
17369,合成铠 18 [地]
17370,合成铠 18 [地]
17371,合成铠 18 [水]
17372,合成铠 18 [水]
17373,合成铠 18 [水]
17374,合成铠 18 [水]
17375,合成铠 18 [水]
17376,合成铠 18 [水]
17377,合成铠 18 [水]
17378,合成铠 18 [水]
17379,合成铠 18 [水]
17380,合成铠 18 [水]
17381,合成铠 18 [火]
17382,合成铠 18 [火]
17383,合成铠 18 [火]
17384,合成铠 18 [火]
17385,合成铠 18 [火]
17386,合成铠 18 [火]
17387,合成铠 18 [火]
17388,合成铠 18 [火]
17389,合成铠 18 [火]
17390,合成铠 18 [火]
17391,合成铠 18 [风]
17392,合成铠 18 [风]
17393,合成铠 18 [风]
17394,合成铠 18 [风]
17395,合成铠 18 [风]
17396,合成铠 18 [风]
17397,合成铠 18 [风]
17398,合成铠 18 [风]
17399,合成铠 18 [风]
17400,合成铠 18 [风]
17401,合成铠 19
17402,合成铠 19
17403,合成铠 19
17404,合成铠 19
17405,合成铠 19
17406,合成铠 19
17407,合成铠 19
17408,合成铠 19
17409,合成铠 19
17410,合成铠 19
17411,合成铠 19 [地]
17412,合成铠 19 [地]
17413,合成铠 19 [地]
17414,合成铠 19 [地]
17415,合成铠 19 [地]
17416,合成铠 19 [地]
17417,合成铠 19 [地]
17418,合成铠 19 [地]
17419,合成铠 19 [地]
17420,合成铠 19 [地]
17421,合成铠 19 [水]
17422,合成铠 19 [水]
17423,合成铠 19 [水]
17424,合成铠 19 [水]
17425,合成铠 19 [水]
17426,合成铠 19 [水]
17427,合成铠 19 [水]
17428,合成铠 19 [水]
17429,合成铠 19 [水]
17430,合成铠 19 [水]
17431,合成铠 19 [火]
17432,合成铠 19 [火]
17433,合成铠 19 [火]
17434,合成铠 19 [火]
17435,合成铠 19 [火]
17436,合成铠 19 [火]
17437,合成铠 19 [火]
17438,合成铠 19 [火]
17439,合成铠 19 [火]
17440,合成铠 19 [火]
17441,合成铠 19 [风]
17442,合成铠 19 [风]
17443,合成铠 19 [风]
17444,合成铠 19 [风]
17445,合成铠 19 [风]
17446,合成铠 19 [风]
17447,合成铠 19 [风]
17448,合成铠 19 [风]
17449,合成铠 19 [风]
17450,合成铠 19 [风]
17451,合成铠 20
17452,合成铠 20
17453,合成铠 20
17454,合成铠 20
17455,合成铠 20
17456,合成铠 20
17457,合成铠 20
17458,合成铠 20
17459,合成铠 20
17460,合成铠 20
17461,合成铠 20 [地]
17462,合成铠 20 [地]
17463,合成铠 20 [地]
17464,合成铠 20 [地]
17465,合成铠 20 [地]
17466,合成铠 20 [地]
17467,合成铠 20 [地]
17468,合成铠 20 [地]
17469,合成铠 20 [地]
17470,合成铠 20 [地]
17471,合成铠 20 [水]
17472,合成铠 20 [水]
17473,合成铠 20 [水]
17474,合成铠 20 [水]
17475,合成铠 20 [水]
17476,合成铠 20 [水]
17477,合成铠 20 [水]
17478,合成铠 20 [水]
17479,合成铠 20 [水]
17480,合成铠 20 [水]
17481,合成铠 20 [火]
17482,合成铠 20 [火]
17483,合成铠 20 [火]
17484,合成铠 20 [火]
17485,合成铠 20 [火]
17486,合成铠 20 [火]
17487,合成铠 20 [火]
17488,合成铠 20 [火]
17489,合成铠 20 [火]
17490,合成铠 20 [火]
17491,合成铠 20 [风]
17492,合成铠 20 [风]
17493,合成铠 20 [风]
17494,合成铠 20 [风]
17495,合成铠 20 [风]
17496,合成铠 20 [风]
17497,合成铠 20 [风]
17498,合成铠 20 [风]
17499,合成铠 20 [风]
17500,合成铠 20 [风]
17501,合成服 11
17502,合成服 11
17503,合成服 11
17504,合成服 11
17505,合成服 11
17506,合成服 11
17507,合成服 11
17508,合成服 11
17509,合成服 11
17510,合成服 11
17511,合成服 11 [地]
17512,合成服 11 [地]
17513,合成服 11 [地]
17514,合成服 11 [地]
17515,合成服 11 [地]
17516,合成服 11 [地]
17517,合成服 11 [地]
17518,合成服 11 [地]
17519,合成服 11 [地]
17520,合成服 11 [地]
17521,合成服 11 [水]
17522,合成服 11 [水]
17523,合成服 11 [水]
17524,合成服 11 [水]
17525,合成服 11 [水]
17526,合成服 11 [水]
17527,合成服 11 [水]
17528,合成服 11 [水]
17529,合成服 11 [水]
17530,合成服 11 [水]
17531,合成服 11 [火]
17532,合成服 11 [火]
17533,合成服 11 [火]
17534,合成服 11 [火]
17535,合成服 11 [火]
17536,合成服 11 [火]
17537,合成服 11 [火]
17538,合成服 11 [火]
17539,合成服 11 [火]
17540,合成服 11 [火]
17541,合成服 11 [风]
17542,合成服 11 [风]
17543,合成服 11 [风]
17544,合成服 11 [风]
17545,合成服 11 [风]
17546,合成服 11 [风]
17547,合成服 11 [风]
17548,合成服 11 [风]
17549,合成服 11 [风]
17550,合成服 11 [风]
17551,合成服 12
17552,合成服 12
17553,合成服 12
17554,合成服 12
17555,合成服 12
17556,合成服 12
17557,合成服 12
17558,合成服 12
17559,合成服 12
17560,合成服 12
17561,合成服 12 [地]
17562,合成服 12 [地]
17563,合成服 12 [地]
17564,合成服 12 [地]
17565,合成服 12 [地]
17566,合成服 12 [地]
17567,合成服 12 [地]
17568,合成服 12 [地]
17569,合成服 12 [地]
17570,合成服 12 [地]
17571,合成服 12 [水]
17572,合成服 12 [水]
17573,合成服 12 [水]
17574,合成服 12 [水]
17575,合成服 12 [水]
17576,合成服 12 [水]
17577,合成服 12 [水]
17578,合成服 12 [水]
17579,合成服 12 [水]
17580,合成服 12 [水]
17581,合成服 12 [火]
17582,合成服 12 [火]
17583,合成服 12 [火]
17584,合成服 12 [火]
17585,合成服 12 [火]
17586,合成服 12 [火]
17587,合成服 12 [火]
17588,合成服 12 [火]
17589,合成服 12 [火]
17590,合成服 12 [火]
17591,合成服 12 [风]
17592,合成服 12 [风]
17593,合成服 12 [风]
17594,合成服 12 [风]
17595,合成服 12 [风]
17596,合成服 12 [风]
17597,合成服 12 [风]
17598,合成服 12 [风]
17599,合成服 12 [风]
17600,合成服 12 [风]
17601,合成服 13
17602,合成服 13
17603,合成服 13
17604,合成服 13
17605,合成服 13
17606,合成服 13
17607,合成服 13
17608,合成服 13
17609,合成服 13
17610,合成服 13
17611,合成服 13 [地]
17612,合成服 13 [地]
17613,合成服 13 [地]
17614,合成服 13 [地]
17615,合成服 13 [地]
17616,合成服 13 [地]
17617,合成服 13 [地]
17618,合成服 13 [地]
17619,合成服 13 [地]
17620,合成服 13 [地]
17621,合成服 13 [水]
17622,合成服 13 [水]
17623,合成服 13 [水]
17624,合成服 13 [水]
17625,合成服 13 [水]
17626,合成服 13 [水]
17627,合成服 13 [水]
17628,合成服 13 [水]
17629,合成服 13 [水]
17630,合成服 13 [水]
17631,合成服 13 [火]
17632,合成服 13 [火]
17633,合成服 13 [火]
17634,合成服 13 [火]
17635,合成服 13 [火]
17636,合成服 13 [火]
17637,合成服 13 [火]
17638,合成服 13 [火]
17639,合成服 13 [火]
17640,合成服 13 [火]
17641,合成服 13 [风]
17642,合成服 13 [风]
17643,合成服 13 [风]
17644,合成服 13 [风]
17645,合成服 13 [风]
17646,合成服 13 [风]
17647,合成服 13 [风]
17648,合成服 13 [风]
17649,合成服 13 [风]
17650,合成服 13 [风]
17651,合成服 14
17652,合成服 14
17653,合成服 14
17654,合成服 14
17655,合成服 14
17656,合成服 14
17657,合成服 14
17658,合成服 14
17659,合成服 14
17660,合成服 14
17661,合成服 14 [地]
17662,合成服 14 [地]
17663,合成服 14 [地]
17664,合成服 14 [地]
17665,合成服 14 [地]
17666,合成服 14 [地]
17667,合成服 14 [地]
17668,合成服 14 [地]
17669,合成服 14 [地]
17670,合成服 14 [地]
17671,合成服 14 [水]
17672,合成服 14 [水]
17673,合成服 14 [水]
17674,合成服 14 [水]
17675,合成服 14 [水]
17676,合成服 14 [水]
17677,合成服 14 [水]
17678,合成服 14 [水]
17679,合成服 14 [水]
17680,合成服 14 [水]
17681,合成服 14 [火]
17682,合成服 14 [火]
17683,合成服 14 [火]
17684,合成服 14 [火]
17685,合成服 14 [火]
17686,合成服 14 [火]
17687,合成服 14 [火]
17688,合成服 14 [火]
17689,合成服 14 [火]
17690,合成服 14 [火]
17691,合成服 14 [风]
17692,合成服 14 [风]
17693,合成服 14 [风]
17694,合成服 14 [风]
17695,合成服 14 [风]
17696,合成服 14 [风]
17697,合成服 14 [风]
17698,合成服 14 [风]
17699,合成服 14 [风]
17700,合成服 14 [风]
17701,合成服 15
17702,合成服 15
17703,合成服 15
17704,合成服 15
17705,合成服 15
17706,合成服 15
17707,合成服 15
17708,合成服 15
17709,合成服 15
17710,合成服 15
17711,合成服 15 [地]
17712,合成服 15 [地]
17713,合成服 15 [地]
17714,合成服 15 [地]
17715,合成服 15 [地]
17716,合成服 15 [地]
17717,合成服 15 [地]
17718,合成服 15 [地]
17719,合成服 15 [地]
17720,合成服 15 [地]
17721,合成服 15 [水]
17722,合成服 15 [水]
17723,合成服 15 [水]
17724,合成服 15 [水]
17725,合成服 15 [水]
17726,合成服 15 [水]
17727,合成服 15 [水]
17728,合成服 15 [水]
17729,合成服 15 [水]
17730,合成服 15 [水]
17731,合成服 15 [火]
17732,合成服 15 [火]
17733,合成服 15 [火]
17734,合成服 15 [火]
17735,合成服 15 [火]
17736,合成服 15 [火]
17737,合成服 15 [火]
17738,合成服 15 [火]
17739,合成服 15 [火]
17740,合成服 15 [火]
17741,合成服 15 [风]
17742,合成服 15 [风]
17743,合成服 15 [风]
17744,合成服 15 [风]
17745,合成服 15 [风]
17746,合成服 15 [风]
17747,合成服 15 [风]
17748,合成服 15 [风]
17749,合成服 15 [风]
17750,合成服 15 [风]
17751,合成服 16
17752,合成服 16
17753,合成服 16
17754,合成服 16
17755,合成服 16
17756,合成服 16
17757,合成服 16
17758,合成服 16
17759,合成服 16
17760,合成服 16
17761,合成服 16 [地]
17762,合成服 16 [地]
17763,合成服 16 [地]
17764,合成服 16 [地]
17765,合成服 16 [地]
17766,合成服 16 [地]
17767,合成服 16 [地]
17768,合成服 16 [地]
17769,合成服 16 [地]
17770,合成服 16 [地]
17771,合成服 16 [水]
17772,合成服 16 [水]
17773,合成服 16 [水]
17774,合成服 16 [水]
17775,合成服 16 [水]
17776,合成服 16 [水]
17777,合成服 16 [水]
17778,合成服 16 [水]
17779,合成服 16 [水]
17780,合成服 16 [水]
17781,合成服 16 [火]
17782,合成服 16 [火]
17783,合成服 16 [火]
17784,合成服 16 [火]
17785,合成服 16 [火]
17786,合成服 16 [火]
17787,合成服 16 [火]
17788,合成服 16 [火]
17789,合成服 16 [火]
17790,合成服 16 [火]
17791,合成服 16 [风]
17792,合成服 16 [风]
17793,合成服 16 [风]
17794,合成服 16 [风]
17795,合成服 16 [风]
17796,合成服 16 [风]
17797,合成服 16 [风]
17798,合成服 16 [风]
17799,合成服 16 [风]
17800,合成服 16 [风]
17801,合成服 17
17802,合成服 17
17803,合成服 17
17804,合成服 17
17805,合成服 17
17806,合成服 17
17807,合成服 17
17808,合成服 17
17809,合成服 17
17810,合成服 17
17811,合成服 17 [地]
17812,合成服 17 [地]
17813,合成服 17 [地]
17814,合成服 17 [地]
17815,合成服 17 [地]
17816,合成服 17 [地]
17817,合成服 17 [地]
17818,合成服 17 [地]
17819,合成服 17 [地]
17820,合成服 17 [地]
17821,合成服 17 [水]
17822,合成服 17 [水]
17823,合成服 17 [水]
17824,合成服 17 [水]
17825,合成服 17 [水]
17826,合成服 17 [水]
17827,合成服 17 [水]
17828,合成服 17 [水]
17829,合成服 17 [水]
17830,合成服 17 [水]
17831,合成服 17 [火]
17832,合成服 17 [火]
17833,合成服 17 [火]
17834,合成服 17 [火]
17835,合成服 17 [火]
17836,合成服 17 [火]
17837,合成服 17 [火]
17838,合成服 17 [火]
17839,合成服 17 [火]
17840,合成服 17 [火]
17841,合成服 17 [风]
17842,合成服 17 [风]
17843,合成服 17 [风]
17844,合成服 17 [风]
17845,合成服 17 [风]
17846,合成服 17 [风]
17847,合成服 17 [风]
17848,合成服 17 [风]
17849,合成服 17 [风]
17850,合成服 17 [风]
17851,合成服 18
17852,合成服 18
17853,合成服 18
17854,合成服 18
17855,合成服 18
17856,合成服 18
17857,合成服 18
17858,合成服 18
17859,合成服 18
17860,合成服 18
17861,合成服 18 [地]
17862,合成服 18 [地]
17863,合成服 18 [地]
17864,合成服 18 [地]
17865,合成服 18 [地]
17866,合成服 18 [地]
17867,合成服 18 [地]
17868,合成服 18 [地]
17869,合成服 18 [地]
17870,合成服 18 [地]
17871,合成服 18 [水]
17872,合成服 18 [水]
17873,合成服 18 [水]
17874,合成服 18 [水]
17875,合成服 18 [水]
17876,合成服 18 [水]
17877,合成服 18 [水]
17878,合成服 18 [水]
17879,合成服 18 [水]
17880,合成服 18 [水]
17881,合成服 18 [火]
17882,合成服 18 [火]
17883,合成服 18 [火]
17884,合成服 18 [火]
17885,合成服 18 [火]
17886,合成服 18 [火]
17887,合成服 18 [火]
17888,合成服 18 [火]
17889,合成服 18 [火]
17890,合成服 18 [火]
17891,合成服 18 [风]
17892,合成服 18 [风]
17893,合成服 18 [风]
17894,合成服 18 [风]
17895,合成服 18 [风]
17896,合成服 18 [风]
17897,合成服 18 [风]
17898,合成服 18 [风]
17899,合成服 18 [风]
17900,合成服 18 [风]
17901,合成服 19
17902,合成服 19
17903,合成服 19
17904,合成服 19
17905,合成服 19
17906,合成服 19
17907,合成服 19
17908,合成服 19
17909,合成服 19
17910,合成服 19
17911,合成服 19 [地]
17912,合成服 19 [地]
17913,合成服 19 [地]
17914,合成服 19 [地]
17915,合成服 19 [地]
17916,合成服 19 [地]
17917,合成服 19 [地]
17918,合成服 19 [地]
17919,合成服 19 [地]
17920,合成服 19 [地]
17921,合成服 19 [水]
17922,合成服 19 [水]
17923,合成服 19 [水]
17924,合成服 19 [水]
17925,合成服 19 [水]
17926,合成服 19 [水]
17927,合成服 19 [水]
17928,合成服 19 [水]
17929,合成服 19 [水]
17930,合成服 19 [水]
17931,合成服 19 [火]
17932,合成服 19 [火]
17933,合成服 19 [火]
17934,合成服 19 [火]
17935,合成服 19 [火]
17936,合成服 19 [火]
17937,合成服 19 [火]
17938,合成服 19 [火]
17939,合成服 19 [火]
17940,合成服 19 [火]
17941,合成服 19 [风]
17942,合成服 19 [风]
17943,合成服 19 [风]
17944,合成服 19 [风]
17945,合成服 19 [风]
17946,合成服 19 [风]
17947,合成服 19 [风]
17948,合成服 19 [风]
17949,合成服 19 [风]
17950,合成服 19 [风]
17951,合成服 20
17952,合成服 20
17953,合成服 20
17954,合成服 20
17955,合成服 20
17956,合成服 20
17957,合成服 20
17958,合成服 20
17959,合成服 20
17960,合成服 20
17961,合成服 20 [地]
17962,合成服 20 [地]
17963,合成服 20 [地]
17964,合成服 20 [地]
17965,合成服 20 [地]
17966,合成服 20 [地]
17967,合成服 20 [地]
17968,合成服 20 [地]
17969,合成服 20 [地]
17970,合成服 20 [地]
17971,合成服 20 [水]
17972,合成服 20 [水]
17973,合成服 20 [水]
17974,合成服 20 [水]
17975,合成服 20 [水]
17976,合成服 20 [水]
17977,合成服 20 [水]
17978,合成服 20 [水]
17979,合成服 20 [水]
17980,合成服 20 [水]
17981,合成服 20 [火]
17982,合成服 20 [火]
17983,合成服 20 [火]
17984,合成服 20 [火]
17985,合成服 20 [火]
17986,合成服 20 [火]
17987,合成服 20 [火]
17988,合成服 20 [火]
17989,合成服 20 [火]
17990,合成服 20 [火]
17991,合成服 20 [风]
17992,合成服 20 [风]
17993,合成服 20 [风]
17994,合成服 20 [风]
17995,合成服 20 [风]
17996,合成服 20 [风]
17997,合成服 20 [风]
17998,合成服 20 [风]
17999,合成服 20 [风]
18000,合成服 20 [风]
18001,合成手环 6
18002,合成手环 6
18003,合成手环 6
18004,合成手环 6
18005,合成手环 6
18006,合成手环 6
18007,合成手环 6 [地]
18008,合成手环 6 [地]
18009,合成手环 6 [地]
18010,合成手环 6 [地]
18011,合成手环 6 [地]
18012,合成手环 6 [地]
18013,合成手环 6 [水]
18014,合成手环 6 [水]
18015,合成手环 6 [水]
18016,合成手环 6 [水]
18017,合成手环 6 [水]
18018,合成手环 6 [水]
18019,合成手环 6 [火]
18020,合成手环 6 [火]
18021,合成手环 6 [火]
18022,合成手环 6 [火]
18023,合成手环 6 [火]
18024,合成手环 6 [火]
18025,合成手环 6 [风]
18026,合成手环 6 [风]
18027,合成手环 6 [风]
18028,合成手环 6 [风]
18029,合成手环 6 [风]
18030,合成手环 6 [风]
18031,合成手环 7
18032,合成手环 7
18033,合成手环 7
18034,合成手环 7
18035,合成手环 7
18036,合成手环 7
18037,合成手环 7 [地]
18038,合成手环 7 [地]
18039,合成手环 7 [地]
18040,合成手环 7 [地]
18041,合成手环 7 [地]
18042,合成手环 7 [地]
18043,合成手环 7 [水]
18044,合成手环 7 [水]
18045,合成手环 7 [水]
18046,合成手环 7 [水]
18047,合成手环 7 [水]
18048,合成手环 7 [水]
18049,合成手环 7 [火]
18050,合成手环 7 [火]
18051,合成手环 7 [火]
18052,合成手环 7 [火]
18053,合成手环 7 [火]
18054,合成手环 7 [火]
18055,合成手环 7 [风]
18056,合成手环 7 [风]
18057,合成手环 7 [风]
18058,合成手环 7 [风]
18059,合成手环 7 [风]
18060,合成手环 7 [风]
18061,合成手环 8
18062,合成手环 8
18063,合成手环 8
18064,合成手环 8 [地]
18065,合成手环 8 [地]
18066,合成手环 8 [地]
18067,合成手环 8 [水]
18068,合成手环 8 [水]
18069,合成手环 8 [水]
18070,合成手环 8 [火]
18071,合成手环 8 [火]
18072,合成手环 8 [火]
18073,合成手环 8 [风]
18074,合成手环 8 [风]
18075,合成手环 8 [风]
18076,合成手环 9
18077,合成手环 9
18078,合成手环 9
18079,合成手环 9 [地]
18080,合成手环 9 [地]
18081,合成手环 9 [地]
18082,合成手环 9 [水]
18083,合成手环 9 [水]
18084,合成手环 9 [水]
18085,合成手环 9 [火]
18086,合成手环 9 [火]
18087,合成手环 9 [火]
18088,合成手环 9 [风]
18089,合成手环 9 [风]
18090,合成手环 9 [风]
18091,合成手环 10
18092,合成手环 10
18093,合成手环 10
18094,合成手环 10 [地]
18095,合成手环 10 [地]
18096,合成手环 10 [地]
18097,合成手环 10 [水]
18098,合成手环 10 [水]
18099,合成手环 10 [水]
18100,合成手环 10 [火]
18101,合成手环 10 [火]
18102,合成手环 10 [火]
18103,合成手环 10 [风]
18104,合成手环 10 [风]
18105,合成手环 10 [风]
18106,合成戒指 6
18107,合成戒指 6
18108,合成戒指 6
18109,合成戒指 6
18110,合成戒指 6
18111,合成戒指 6 [地]
18112,合成戒指 6 [地]
18113,合成戒指 6 [地]
18114,合成戒指 6 [地]
18115,合成戒指 6 [地]
18116,合成戒指 6 [水]
18117,合成戒指 6 [水]
18118,合成戒指 6 [水]
18119,合成戒指 6 [水]
18120,合成戒指 6 [水]
18121,合成戒指 6 [火]
18122,合成戒指 6 [火]
18123,合成戒指 6 [火]
18124,合成戒指 6 [火]
18125,合成戒指 6 [火]
18126,合成戒指 6 [风]
18127,合成戒指 6 [风]
18128,合成戒指 6 [风]
18129,合成戒指 6 [风]
18130,合成戒指 6 [风]
18131,合成戒指 7
18132,合成戒指 7
18133,合成戒指 7
18134,合成戒指 7
18135,合成戒指 7
18136,合成戒指 7 [地]
18137,合成戒指 7 [地]
18138,合成戒指 7 [地]
18139,合成戒指 7 [地]
18140,合成戒指 7 [地]
18141,合成戒指 7 [水]
18142,合成戒指 7 [水]
18143,合成戒指 7 [水]
18144,合成戒指 7 [水]
18145,合成戒指 7 [水]
18146,合成戒指 7 [火]
18147,合成戒指 7 [火]
18148,合成戒指 7 [火]
18149,合成戒指 7 [火]
18150,合成戒指 7 [火]
18151,合成戒指 7 [风]
18152,合成戒指 7 [风]
18153,合成戒指 7 [风]
18154,合成戒指 7 [风]
18155,合成戒指 7 [风]
18156,合成戒指 8
18157,合成戒指 8
18158,合成戒指 8
18159,合成戒指 8
18160,合成戒指 8
18161,合成戒指 8 [地]
18162,合成戒指 8 [地]
18163,合成戒指 8 [地]
18164,合成戒指 8 [地]
18165,合成戒指 8 [地]
18166,合成戒指 8 [水]
18167,合成戒指 8 [水]
18168,合成戒指 8 [水]
18169,合成戒指 8 [水]
18170,合成戒指 8 [水]
18171,合成戒指 8 [火]
18172,合成戒指 8 [火]
18173,合成戒指 8 [火]
18174,合成戒指 8 [火]
18175,合成戒指 8 [火]
18176,合成戒指 8 [风]
18177,合成戒指 8 [风]
18178,合成戒指 8 [风]
18179,合成戒指 8 [风]
18180,合成戒指 8 [风]
18181,合成戒指 9
18182,合成戒指 9
18183,合成戒指 9
18184,合成戒指 9
18185,合成戒指 9
18186,合成戒指 9 [地]
18187,合成戒指 9 [地]
18188,合成戒指 9 [地]
18189,合成戒指 9 [地]
18190,合成戒指 9 [地]
18191,合成戒指 9 [水]
18192,合成戒指 9 [水]
18193,合成戒指 9 [水]
18194,合成戒指 9 [水]
18195,合成戒指 9 [水]
18196,合成戒指 9 [火]
18197,合成戒指 9 [火]
18198,合成戒指 9 [火]
18199,合成戒指 9 [火]
18200,合成戒指 9 [火]
18201,合成戒指 9 [风]
18202,合成戒指 9 [风]
18203,合成戒指 9 [风]
18204,合成戒指 9 [风]
18205,合成戒指 9 [风]
18206,合成戒指 10
18207,合成戒指 10
18208,合成戒指 10
18209,合成戒指 10
18210,合成戒指 10
18211,合成戒指 10 [地]
18212,合成戒指 10 [地]
18213,合成戒指 10 [地]
18214,合成戒指 10 [地]
18215,合成戒指 10 [地]
18216,合成戒指 10 [水]
18217,合成戒指 10 [水]
18218,合成戒指 10 [水]
18219,合成戒指 10 [水]
18220,合成戒指 10 [水]
18221,合成戒指 10 [火]
18222,合成戒指 10 [火]
18223,合成戒指 10 [火]
18224,合成戒指 10 [火]
18225,合成戒指 10 [火]
18226,合成戒指 10 [风]
18227,合成戒指 10 [风]
18228,合成戒指 10 [风]
18229,合成戒指 10 [风]
18230,合成戒指 10 [风]
18231,合成首饰 A4
18232,合成首饰 A4
18233,合成首饰 A4
18234,合成首饰 A4
18235,合成首饰 A4
18236,合成首饰 [地] A4
18237,合成首饰 [地] A4
18238,合成首饰 [地] A4
18239,合成首饰 [地] A4
18240,合成首饰 [地] A4
18241,合成首饰 [水] A4
18242,合成首饰 [水] A4
18243,合成首饰 [水] A4
18244,合成首饰 [水] A4
18245,合成首饰 [水] A4
18246,合成首饰 [火] A4
18247,合成首饰 [火] A4
18248,合成首饰 [火] A4
18249,合成首饰 [火] A4
18250,合成首饰 [火] A4
18251,合成首饰 [风] A4
18252,合成首饰 [风] A4
18253,合成首饰 [风] A4
18254,合成首饰 [风] A4
18255,合成首饰 [风] A4
18256,合成首饰 A5
18257,合成首饰 A5
18258,合成首饰 A5
18259,合成首饰 A5
18260,合成首饰 A5
18261,合成首饰 [地] A5
18262,合成首饰 [地] A5
18263,合成首饰 [地] A5
18264,合成首饰 [地] A5
18265,合成首饰 [地] A5
18266,合成首饰 [水] A5
18267,合成首饰 [水] A5
18268,合成首饰 [水] A5
18269,合成首饰 [水] A5
18270,合成首饰 [水] A5
18271,合成首饰 [火] A5
18272,合成首饰 [火] A5
18273,合成首饰 [火] A5
18274,合成首饰 [火] A5
18275,合成首饰 [火] A5
18276,合成首饰 [风] A5
18277,合成首饰 [风] A5
18278,合成首饰 [风] A5
18279,合成首饰 [风] A5
18280,合成首饰 [风] A5
18281,合成首饰 A6
18282,合成首饰 A6
18283,合成首饰 A6
18284,合成首饰 A6
18285,合成首饰 A6
18286,合成首饰 [地] A6
18287,合成首饰 [地] A6
18288,合成首饰 [地] A6
18289,合成首饰 [地] A6
18290,合成首饰 [地] A6
18291,合成首饰 [水] A6
18292,合成首饰 [水] A6
18293,合成首饰 [水] A6
18294,合成首饰 [水] A6
18295,合成首饰 [水] A6
18296,合成首饰 [火] A6
18297,合成首饰 [火] A6
18298,合成首饰 [火] A6
18299,合成首饰 [火] A6
18300,合成首饰 [火] A6
18301,合成首饰 [风] A6
18302,合成首饰 [风] A6
18303,合成首饰 [风] A6
18304,合成首饰 [风] A6
18305,合成首饰 [风] A6
18306,合成首饰 B3
18307,合成首饰 B3
18308,合成首饰 B3
18309,合成首饰 B3
18310,合成首饰 B3
18311,合成首饰 B3
18312,合成首饰 B3
18313,合成首饰 B3
18314,合成首饰 B3
18315,合成首饰 B3
18316,合成首饰 [地] B3
18317,合成首饰 [地] B3
18318,合成首饰 [地] B3
18319,合成首饰 [地] B3
18320,合成首饰 [地] B3
18321,合成首饰 [地] B3
18322,合成首饰 [地] B3
18323,合成首饰 [地] B3
18324,合成首饰 [地] B3
18325,合成首饰 [地] B3
18326,合成首饰 [水] B3
18327,合成首饰 [水] B3
18328,合成首饰 [水] B3
18329,合成首饰 [水] B3
18330,合成首饰 [水] B3
18331,合成首饰 [水] B3
18332,合成首饰 [水] B3
18333,合成首饰 [水] B3
18334,合成首饰 [水] B3
18335,合成首饰 [水] B3
18336,合成首饰 [火] B3
18337,合成首饰 [火] B3
18338,合成首饰 [火] B3
18339,合成首饰 [火] B3
18340,合成首饰 [火] B3
18341,合成首饰 [火] B3
18342,合成首饰 [火] B3
18343,合成首饰 [火] B3
18344,合成首饰 [火] B3
18345,合成首饰 [火] B3
18346,合成首饰 [风] B3
18347,合成首饰 [风] B3
18348,合成首饰 [风] B3
18349,合成首饰 [风] B3
18350,合成首饰 [风] B3
18351,合成首饰 [风] B3
18352,合成首饰 [风] B3
18353,合成首饰 [风] B3
18354,合成首饰 [风] B3
18355,合成首饰 [风] B3
18356,合成首饰 B4
18357,合成首饰 B4
18358,合成首饰 B4
18359,合成首饰 B4
18360,合成首饰 B4
18361,合成首饰 B4
18362,合成首饰 B4
18363,合成首饰 B4
18364,合成首饰 B4
18365,合成首饰 B4
18366,合成首饰 [地] B4
18367,合成首饰 [地] B4
18368,合成首饰 [地] B4
18369,合成首饰 [地] B4
18370,合成首饰 [地] B4
18371,合成首饰 [地] B4
18372,合成首饰 [地] B4
18373,合成首饰 [地] B4
18374,合成首饰 [地] B4
18375,合成首饰 [地] B4
18376,合成首饰 [水] B4
18377,合成首饰 [水] B4
18378,合成首饰 [水] B4
18379,合成首饰 [水] B4
18380,合成首饰 [水] B4
18381,合成首饰 [水] B4
18382,合成首饰 [水] B4
18383,合成首饰 [水] B4
18384,合成首饰 [水] B4
18385,合成首饰 [水] B4
18386,合成首饰 [火] B4
18387,合成首饰 [火] B4
18388,合成首饰 [火] B4
18389,合成首饰 [火] B4
18390,合成首饰 [火] B4
18391,合成首饰 [火] B4
18392,合成首饰 [火] B4
18393,合成首饰 [火] B4
18394,合成首饰 [火] B4
18395,合成首饰 [火] B4
18396,合成首饰 [风] B4
18397,合成首饰 [风] B4
18398,合成首饰 [风] B4
18399,合成首饰 [风] B4
18400,合成首饰 [风] B4
18401,合成首饰 [风] B4
18402,合成首饰 [风] B4
18403,合成首饰 [风] B4
18404,合成首饰 [风] B4
18405,合成首饰 [风] B4
18406,合成耳环6
18407,合成耳饰 6
18408,合成耳饰 6
18409,合成耳饰 6
18410,合成耳饰 6
18411,合成耳饰 6 [地]
18412,合成耳饰 6 [地]
18413,合成耳饰 6 [地]
18414,合成耳饰 6 [地]
18415,合成耳饰 6 [地]
18416,合成耳饰 6 [水]
18417,合成耳饰 6 [水]
18418,合成耳饰 6 [水]
18419,合成耳饰 6 [水]
18420,合成耳饰 6 [水]
18421,合成耳饰 6 [火]
18422,合成耳饰 6 [火]
18423,合成耳饰 6 [火]
18424,合成耳饰 6 [火]
18425,合成耳饰 6 [火]
18426,合成耳饰 6 [风]
18427,合成耳饰 6 [风]
18428,合成耳饰 6 [风]
18429,合成耳饰 6 [风]
18430,合成耳饰 6 [风]
18431,合成耳环7
18432,合成耳饰 7
18433,合成耳饰 7
18434,合成耳饰 7
18435,合成耳饰 7
18436,合成耳饰 7 [地]
18437,合成耳饰 7 [地]
18438,合成耳饰 7 [地]
18439,合成耳饰 7 [地]
18440,合成耳饰 7 [地]
18441,合成耳饰 7 [水]
18442,合成耳饰 7 [水]
18443,合成耳饰 7 [水]
18444,合成耳饰 7 [水]
18445,合成耳饰 7 [水]
18446,合成耳饰 7 [火]
18447,合成耳饰 7 [火]
18448,合成耳饰 7 [火]
18449,合成耳饰 7 [火]
18450,合成耳饰 7 [火]
18451,合成耳饰 7 [风]
18452,合成耳饰 7 [风]
18453,合成耳饰 7 [风]
18454,合成耳饰 7 [风]
18455,合成耳饰 7 [风]
18456,合成耳环8
18457,合成耳饰 8
18458,合成耳饰 8
18459,合成耳饰 8
18460,合成耳饰 8
18461,合成耳饰 8 [地]
18462,合成耳饰 8 [地]
18463,合成耳饰 8 [地]
18464,合成耳饰 8 [地]
18465,合成耳饰 8 [地]
18466,合成耳饰 8 [水]
18467,合成耳饰 8 [水]
18468,合成耳饰 8 [水]
18469,合成耳饰 8 [水]
18470,合成耳饰 8 [水]
18471,合成耳饰 8 [火]
18472,合成耳饰 8 [火]
18473,合成耳饰 8 [火]
18474,合成耳饰 8 [火]
18475,合成耳饰 8 [火]
18476,合成耳饰 8 [风]
18477,合成耳饰 8 [风]
18478,合成耳饰 8 [风]
18479,合成耳饰 8 [风]
18480,合成耳饰 8 [风]
18481,合成耳环9
18482,合成耳饰 9
18483,合成耳饰 9
18484,合成耳饰 9
18485,合成耳饰 9
18486,合成耳饰 9 [地]
18487,合成耳饰 9 [地]
18488,合成耳饰 9 [地]
18489,合成耳饰 9 [地]
18490,合成耳饰 9 [地]
18491,合成耳饰 9 [水]
18492,合成耳饰 9 [水]
18493,合成耳饰 9 [水]
18494,合成耳饰 9 [水]
18495,合成耳饰 9 [水]
18496,合成耳饰 9 [火]
18497,合成耳饰 9 [火]
18498,合成耳饰 9 [火]
18499,合成耳饰 9 [火]
18500,合成耳饰 9 [火]
18501,合成耳饰 9 [风]
18502,合成耳饰 9 [风]
18503,合成耳饰 9 [风]
18504,合成耳饰 9 [风]
18505,合成耳饰 9 [风]
18506,合成耳饰10
18507,合成耳饰 10
18508,合成耳饰 10
18509,合成耳饰 10
18510,合成耳饰 10
18511,合成耳饰 10 [地]
18512,合成耳饰 10 [地]
18513,合成耳饰 10 [地]
18514,合成耳饰 10 [地]
18515,合成耳饰 10 [地]
18516,合成耳饰 10 [水]
18517,合成耳饰 10 [水]
18518,合成耳饰 10 [水]
18519,合成耳饰 10 [水]
18520,合成耳饰 10 [水]
18521,合成耳饰 10 [火]
18522,合成耳饰 10 [火]
18523,合成耳饰 10 [火]
18524,合成耳饰 10 [火]
18525,合成耳饰 10 [火]
18526,合成耳饰 10 [风]
18527,合成耳饰 10 [风]
18528,合成耳饰 10 [风]
18529,合成耳饰 10 [风]
18530,合成耳饰 10 [风]
18535,蛮猪侠的棍棒
18536,PC盗贼团的道歉信
18537,萨姆吉尔的首饰
18538,萨姆吉尔的勾玉
18539,萨姆吉尔的勾玉
18540,萨姆吉尔的勾玉
18541,萨姆吉尔的勾玉
18542,萨姆吉尔的勾玉
18543,*英雄的祝福
18544,龙王的守护
18545,卡里特制宠物食品
18546,太阳神的首饰 Lv 1
18547,太阳神的首饰 Lv 2
18548,太阳神的首饰 Lv 3
18549,金乌力闪闪头盔
18550,银乌力亮亮铠甲
18551,给米兰达队长的公文
18552,给爱丽儿队长的公文
18553,泰坦部队的通行证
18554,米兰达部队的通行证
18555,爱丽儿部队的通行证
18556,岳之圣石
18557,涛之圣石
18558,炎之圣石
18559,岚之圣石
18560,波拉岛的水
18561,埋龙王守护的钥匙
18562,埋龙王守护的钥匙
18563,狩猎工作许可证
18564,采集工作许可证
18565,园艺工作许可证
18566,采矿工作许可证
19001,家族邀请函
19002,家族邀请函
19003,家族邀请函
19004,家族邀请函
19005,#骑乘学习同意书
19006,#骑乘学习同意书
19007,#骑乘学习同意书
19008,#骑乘学习同意书
19011,宠物项圈 Lv 1
19012,宠物项圈 Lv 2
19013,宠物项圈 Lv 3
19014,宠物项圈 Lv 4
19285,瑞德宝的肉
19286,瑞德宝的肉
19287,瑞德宝的肉
19288,瑞德宝的肉
19289,瑞德宝的肉
19290,瑞德宝的肉
19291,使用文皮卷
19292,火的守护
19293,雪  花
19296,兽之密
19297,兽之密终卷
19298,不明的石头
19299,不明的石头
19300,不明的石头
19301,不明的石头
19302,不明的石头
19303,不明的石头
19304,指引地图
19305,绿色水晶石
19306,蓝色水晶石
19307,红色水晶石
19308,黄色水晶石
19313,双蛇之戒
19314,白狼之眼
19315,五素之羽
19316,召唤符文
19317,结印绳
19318,凝气石
19319,小火药
19320,勾玉
19321,硬石板
19322,硬石板
19330,家族商店通行证
19331,家族商店通行证
19332,家族商店通行证
19333,家族商店通行证
19334,家族商店通行证
19335,家族商店通行证
19336,家族商店通行证
19337,家族商店通行证
19338,家族商店通行证
19369,玻洛布斯的肉
19370,玻洛布斯的肉
19371,玻洛布斯的肉
19372,玻洛布斯的肉
19373,玻洛布斯的肉
19374,玻洛布斯的肉
19429,莫拉司的肉
19430,莫拉司的肉
19431,莫拉司的肉
19432,莫拉司的肉
19433,莫拉司的肉
19434,莫拉司的肉
19531,塔斯夫的肉
19532,塔斯夫的肉
19533,塔斯夫的肉
19534,塔斯夫的肉
19535,塔斯夫的肉
19536,塔斯夫的肉
19537,蒂亚特耳饰
19538,阴鸣蛙石
19539,魔龙之鳞
19540,地魔兽精元
19541,水魔兽精元
19542,火魔兽精元
19543,风魔兽精元
19544,无属性魔兽血液
19545,破魔原力
19546,破魔原力
19547,破魔原力
19548,破魔原力
19549,驯兽手环
19550,启动石
19551,石像绿珠
19552,石像蓝珠
19553,石像红珠
19554,石像黄珠
19555,石像绿珠
19556,石像蓝珠
19557,石像红珠
19558,石像黄珠
19559,威灵石
19560,威灵石
19561,战士团卷轴
19562,战士兜
19563,神秘的调和水
19564,大地威能石
19565,诅咒水晶
19567,战士盾
19568,战士手套
19569,战士靴
19570,大地之怒
19571,抓宠积分1分卷
19572,抓宠积分5分卷
19573,抓宠积分10分卷
19574,抓宠积分50分卷
19575,抓宠积分100分卷
19576,抓宠积分500分卷
19583,客服用
19584,客服用
19585,客服用
19586,客服用
19587,客服用
19588,客服用
19589,客服用
19590,客服用
19591,客服用
19592,客服用
19593,客服用
19594,客服用
19595,客服用
19596,客服用
19597,立杜鲁斯的肉
19598,立杜鲁斯的肉
19599,立杜鲁斯的肉
19600,立杜鲁斯的肉
19601,立杜鲁斯的肉
19602,立杜鲁斯的肉
19603,客服用
19604,客服用
19605,客服用
19606,客服用
19607,客服用
19608,客服用
19609,客服用
19610,客服用
19611,客服用
19612,客服用
19613,客服用
19614,客服用
19615,客服用
19616,客服用
19617,客服用
19618,客服用
19619,客服用
19620,客服用
19621,库伊的闪亮护身符
19622,黑蛙王的金珠
19623,黑玉
19624,项链
19625,*地灵石
19626,*水灵石
19627,*火灵石
19628,*风灵石
19629,地灵项链
19630,水灵项链
19631,火灵项链
19632,风灵项链
19633,地原石
19634,水原石
19635,火原石
19636,风原石
19637,地之宝石
19638,水之宝石
19639,火之宝石
19640,风之宝石
19641,地魔法戒指
19642,水魔法戒指
19643,火魔法戒指
19644,风魔法戒指
19645,四色原石
19646,灵力铠
19647,岩石撞击
19648,落石撞击
19649,土石流
19650,巨岩撞击
19651,地震
19652,陨石冲击
19653,水柱
19654,水刃
19655,大冰山
19656,沸点攻击
19657,暴风雪
19658,冰天雪地
19659,火球
19660,火焰连弹
19661,蒸汽喷射
19662,火焰风爆
19663,熔岩爆发
19664,火山爆发
19665,风刃
19666,真空刃
19667,龙卷风
19668,暴风烈刃
19669,暴风冰刃
19670,南极飓风
19671,毁天灭地
19672,地灵项链
19673,地灵项链
19674,地灵项链
19675,地灵项链
19676,水灵项链
19677,水灵项链
19678,水灵项链
19679,水灵项链
19680,火灵项链
19681,火灵项链
19682,火灵项链
19683,火灵项链
19684,风灵项链
19685,风灵项链
19686,风灵项链
19687,风灵项链
19688,玛蕾菲雅喜欢的花
19689,变身镜 Lv1
19691,变身镜 Lv2
19692,变身镜 Lv3
19693,变幻的衣服 Lv1
19694,变幻的衣服 Lv2
19695,变幻的衣服 Lv3
19696,打工少年的推荐函
19697,捕捉飞龙证明书
19698,PC团老大悔过书
19699,飞龙研究报告
19700,鞭炮
19701,伯特的铲子
19702,白萝卜
19703,白萝卜
19704,上等白萝卜
19705,白萝卜
19706,白萝卜
19707,白萝卜
19708,白萝卜
19709,白萝卜
19710,白萝卜
19711,白萝卜
19712,白萝卜
19713,白萝卜
19714,白萝卜
19715,白萝卜
19716,项圈
19717,黑色的服
19718,黑色的旗
19719,里拉拉铠
19720,草食性饲料一号
19721,草食性饲料二号
19722,肉食性饲料一号
19723,肉食性饲料二号
19724,杂食性饲料一号
19725,杂食性饲料二号
19726,奇特的石头
19727,园长通行证
19728,加工投掷石
19729,地魔法戒指2
19730,水魔法戒指2
19731,火魔法戒指2
19732,风魔法戒指2
19733,雷尔胖专用饲料
19734,客服用
19735,客服用
19736,客服用
19737,客服用
19738,客服用
19759,地图兽皮卷
19760,材料日记第135篇
19761,材料日记第139篇
20001,萨村宠物委托书Ａ
20002,萨村宠物委托书Ｂ
20003,萨村宠物委托书Ｃ
20004,萨村宠物委托书Ｄ
20005,萨村宠物委托书Ｅ
20006,萨村宠物委托书Ｆ
20007,萨村宠物委托书Ｇ
20008,萨村宠物委托书Ｈ
20009,萨村宠物委托书Ｉ
20010,萨村宠物委托书Ｊ
20011,萨村物品委托书Ａ
20012,萨村物品委托书Ｂ
20013,萨村物品委托书Ｃ
20014,萨村物品委托书Ｄ
20015,萨村物品委托书Ｅ
20016,萨村物品委托书Ｆ
20017,萨村物品委托书Ｇ
20018,萨村物品委托书Ｈ
20019,萨村物品委托书Ｉ
20020,萨村物品委托书Ｊ
20021,萨村料理委托书Ａ
20022,萨村料理委托书Ｂ
20023,萨村料理委托书Ｃ
20024,萨村料理委托书Ｄ
20025,萨村料理委托书Ｅ
20026,萨村料理委托书Ｆ
20027,萨村料理委托书Ｇ
20028,萨村料理委托书Ｈ
20029,萨村料理委托书Ｉ
20030,萨村料理委托书Ｊ
20031,玛村宠物委托书Ａ
20032,玛村宠物委托书Ｂ
20033,玛村宠物委托书Ｃ
20034,玛村宠物委托书Ｄ
20035,玛村宠物委托书Ｅ
20036,玛村宠物委托书Ｆ
20037,玛村宠物委托书Ｇ
20038,玛村宠物委托书Ｈ
20039,玛村宠物委托书Ｉ
20040,玛村宠物委托书Ｊ
20041,玛村物品委托书Ａ
20042,玛村物品委托书Ｂ
20043,玛村物品委托书Ｃ
20044,玛村物品委托书Ｄ
20045,玛村物品委托书Ｅ
20046,玛村物品委托书Ｆ
20047,玛村物品委托书Ｇ
20048,玛村物品委托书Ｈ
20049,玛村物品委托书Ｉ
20050,玛村物品委托书Ｊ
20051,玛村料理委托书Ａ
20052,玛村料理委托书Ｂ
20053,玛村料理委托书Ｃ
20054,玛村料理委托书Ｄ
20055,玛村料理委托书Ｅ
20056,玛村料理委托书Ｆ
20057,玛村料理委托书Ｇ
20058,玛村料理委托书Ｈ
20059,玛村料理委托书Ｉ
20060,玛村料理委托书Ｊ
20061,加村宠物委托书Ａ
20062,加村宠物委托书Ｂ
20063,加村宠物委托书Ｃ
20064,加村宠物委托书Ｄ
20065,加村宠物委托书Ｅ
20066,加村宠物委托书Ｆ
20067,加村宠物委托书Ｇ
20068,加村宠物委托书Ｈ
20069,加村宠物委托书Ｉ
20070,加村宠物委托书Ｊ
20071,加村物品委托书Ａ
20072,加村物品委托书Ｂ
20073,加村物品委托书Ｃ
20074,加村物品委托书Ｄ
20075,加村物品委托书Ｅ
20076,加村物品委托书Ｆ
20077,加村物品委托书Ｇ
20078,加村物品委托书Ｈ
20079,加村物品委托书Ｉ
20080,加村物品委托书Ｊ
20081,加村料理委托书Ａ
20082,加村料理委托书Ｂ
20083,加村料理委托书Ｃ
20084,加村料理委托书Ｄ
20085,加村料理委托书Ｅ
20086,加村料理委托书Ｆ
20087,加村料理委托书Ｇ
20088,加村料理委托书Ｈ
20089,加村料理委托书Ｉ
20090,加村料理委托书Ｊ
20091,卡村宠物委托书Ａ
20092,卡村宠物委托书Ｂ
20093,卡村宠物委托书Ｃ
20094,卡村宠物委托书Ｄ
20095,卡村宠物委托书Ｅ
20096,卡村宠物委托书Ｆ
20097,卡村宠物委托书Ｇ
20098,卡村宠物委托书Ｈ
20099,卡村宠物委托书Ｉ
20100,卡村宠物委托书Ｊ
20101,卡村物品委托书Ａ
20102,卡村物品委托书Ｂ
20103,卡村物品委托书Ｃ
20104,卡村物品委托书Ｄ
20105,卡村物品委托书Ｅ
20106,卡村物品委托书Ｆ
20107,卡村物品委托书Ｇ
20108,卡村物品委托书Ｈ
20109,卡村物品委托书Ｉ
20110,卡村物品委托书Ｊ
20111,卡村料理委托书Ａ
20112,卡村料理委托书Ｂ
20113,卡村料理委托书Ｃ
20114,卡村料理委托书Ｄ
20115,卡村料理委托书Ｅ
20116,卡村料理委托书Ｆ
20117,卡村料理委托书Ｇ
20118,卡村料理委托书Ｈ
20119,卡村料理委托书Ｉ
20120,卡村料理委托书Ｊ
20121,彩卷
20122,采盐证
20123,岩盐
20124,岩盐
20125,岩盐
20126,月亮手环 Lv1
20127,月亮手环 Lv2
20128,月亮手环 Lv3
20129,恶魔勾玉Lv1
20130,驯兽戒指
20131,替身娃娃 Lv1
20132,替身娃娃 Lv2
20133,替身娃娃 Lv3
20134,莉娜编的花圈
20135,花贝项  制作元件表
20136,花贝项链
20137,喀尔斯写的信
20138,卡蜜儿写的信
20139,心之贝壳
20140,力之砂
20141,真心项链
20142,力之手环
20143,卡蜜儿写的信
20144,喀尔斯写的信
20145,心之手环
20146,莉娜写的信
20147,双头叉
20148,金飞航空机票
20149,战士枪
20150,战士铠
20168,千年枪铠
20169,地魔法戒指3
20170,古瓜的尼斯料理
20171,恶魔勾玉Lv2
20172,新手恶魔宝玉
20173,圣火火把
20174,圣火火把
20175,#熔岩斧
20176,忠诚之心
20177,火魔法戒指3
20178,葳娜的缎带
20179,精神结晶
20180,水魔法戒指3
20181,木材
20182,木材
20183,木材
20184,#亚伊欧之铠
20185,风魔法戒指3
20186,地精灵的力量
20187,水精灵的力量
20188,火精灵的力量
20189,风精灵的力量
20190,地牢钥匙
20191,#魔法戒LV5
20192,咒语片段1
20193,咒语片段2
20194,咒语片段3
20195,咒语片段4
20196,神圣驱魔咒语
20197,伐木许可证
20198,林务局长悔过书
20199,魔界地使者的骨头
20200,找王子的委托书
20201,火山瑞德宝的肉
20202,火山拉斯基的肉
20203,火山耶普鲁的肉
20204,火山贝洛波波的肉
20205,忠诚蛋糕
20206,全快蛋糕
20207,魔界水使者的骨头
20208,魔界火使者的骨头
20209,魔界风使者的骨头
20210,体力的果实
20211,碗力的果实
20212,耐力之果实
20213,速度之果实
20214,伐木命令书
20215,手电筒
20216,加加村旅游指南
20217,乌鲁力村旅游指南
20218,柯奥海底隧道通行指南
20219,玛丽娜丝庄园旅游指南
20220,讦谯龙写的信
20221,借据
20222,收据
20223,布伊比的牙
20224,#骑乘学习同意书
20225,#骑乘学习同意书
20226,#骑乘学习同意书
20227,#骑乘学习同意书
20228,#骑乘学习同意书
20229,家族邀请函
20230,家族邀请函
20231,家族邀请函
20232,家族邀请函
20233,家族邀请函
20242,雄黄酒
20566,情人花束
20567,分手花束
20568,爱慕花
20569,幸福的花圈
20570,星光服
20571,星光帽
20572,星光爪
20573,布列克的信
20574,比吉斯的信
20575,裘恩斯的信
20576,聪明的豆子1
20577,智慧之果1
20578,聪明的豆子2
20579,智慧之果2
20580,聪明的豆子3
20581,地魔法戒指3
20582,地魔法戒指3
20583,#地魔法戒指4
20584,水魔法戒指3
20585,水魔法戒指3
20586,水魔法戒指4
20587,火魔法戒指3
20588,火魔法戒指3
20589,火魔法戒指4
20590,风魔法戒指3
20591,风魔法戒指3
20592,风魔法戒指4
20593,金飞航空机票
20594,智慧之果3
20595,月光帽
20596,月光服
20597,月光枪
20598,嫦娥的项链
20599,尚青啤酒
20600,鸡尾酒
20601,地精灵的力量
20602,水精灵的力量
20603,火精灵的力量
20604,风精灵的力量
20605,骨头
20606,骨头
20607,骨头
20608,骨头
20609,钥匙
20610,大福
20611,大福
20612,萨姆吉尔的勾玉
20613,魔界之门的碎片
20614,魔王挑战包2入场券
20615,魔魂手环A
20616,魔魂戒指A
20617,魔魂鞋A
20618,1F挑战成功证明书
20619,2F挑战成功证明书
20620,3F挑战成功证明书
20621,魔魂手环B
20622,魔魂戒指B
20623,魔魂鞋B
20624,宠物魔术笔
20625,恶魔勾玉Lv1
20626,新手的斧子
20627,新手的铠甲
20628,新手回复药
20629,宠物蛋特效药
20630,暝之羽
20631,祭司项链
20632,月神之力
20633,法伊祭司的信
20634,给嫦娥的信
20635,战虎之盾
20636,精炼之牙I[测试]
20637,精炼之牙II[测试]
20638,精炼之牙III[测试]
20639,精炼之牙IV[测试]
20640,精炼之牙V[测试]
20641,精炼之牙VI[测试]
20642,月光之羽
20643,星月护符
20644,星之羽
20645,契约书
20646,*饲养森林参观券*
20647,炫光绿水晶
20648,炫光蓝水晶
20649,炫光红水晶
20650,炫光黄水晶
20651,炫光七彩水晶
20652,炫光绿水晶等值卷Lv1
20653,炫光绿水晶等值卷Lv2
20654,炫光蓝水晶等值卷Lv1
20655,炫光蓝水晶等值卷Lv2
20656,炫光红水晶等值卷Lv1
20657,炫光红水晶等值卷Lv2
20658,炫光黄水晶等值卷Lv1
20659,炫光黄水晶等值卷Lv2
20660,草莓糖
20661,橘子糖
20662,凤梨糖
20663,桑椹糖
20664,莱姆糖
20665,南瓜
20666,南瓜汤
20667,南瓜派
20671,神奇南瓜
20672,好神奇南瓜
20677,送达证明1
20678,送达证明2
20679,送达证明3
20680,送达证明4
20681,送达证明5
20682,送达证明6
20683,送达证明7
20684,送达证明8
20685,送达证明9
20686,送达证明10
20687,圣诞礼物1
20688,圣诞礼物2
20689,圣诞礼物3
20690,火风狮王兑换卷
20691,地水狮王兑换卷
20692,火风鹰人兑换卷
20693,地水鹰人兑换卷
20694,火风狐狸女兑换卷
20695,地水狐狸女兑换卷
20696,圣诞礼物4
20697,圣诞礼物5
20698,第一届新手猎宠证
20699,圣诞礼物6
20700,圣诞礼物7
20701,圣诞礼物8
20702,圣诞礼物9
20703,圣诞礼物10
20704,圣诞老人委托证明书
20705,圣诞老人委托证明书
20706,第一届老手猎宠证
20707,第一届新手兑奖券
20708,第一届老手兑奖券
20709,委托失败证明
20710,第二届新手兑奖券
20711,第二届老手兑奖券
20712,圣诞袜
20713,圣诞火鸡套餐
20714,圣诞火鸡套餐
20715,圣诞火鸡套餐
20716,圣诞火鸡套餐
20717,新手猎宠证
20718,老手猎宠证
20719,拉特利兑换卷
20743,元素之羽1
20744,元素之羽2
20745,元素之羽3
20746,元素之羽4
20747,元素之羽5
20748,黯之根1
20749,黯之根2
20750,黯之根3
20751,黯之根4
20752,黯之根5
20753,地骨1
20754,地骨2
20755,地骨3
20756,地骨4
20757,地骨5
20758,布里萨尔兑换卷
20759,艾比斯兑换卷
20760,家族猎宠证
20761,醒龙奥义
20762,醒龙奥义的片段
20763,荆棘护套
20764,雪球
20765,醒龙奥义的翻译
20766,恶魔之石
20770,结婚戒指
20771,爱情的力量
20772,离婚戒指
20773,改色戒指[红虎]
20774,改色戒指[绿虎]
20775,改色戒指[金虎]
20776,改色戒指[黄虎]
20777,改色戒指[白色]
20778,改色戒指[黑色]
20779,改色戒指[随机]
20780,变身模型[豆丁囝]
20781,变身模型[赛亚人]
20782,变身模型[辫子男]
20783,变身模型[刺猬哥]
20784,变身模型[熊皮男]
20785,变身模型[大只佬]
20786,变身模型[豆丁囡]
20787,变身模型[熊皮妹]
20788,变身模型[帽子妹]
20789,变身模型[发夹妹]
20790,变身模型[手套女]
20791,变身模型[比基妹]
20792,变身模型
20793,变性花
20810,１级ＭＭ礼盒
20811,强制挑战道具
20812,大喇叭
20826,月老的光枪
20827,后羿的弓
20828,宠物回炉宝珠
20829,空头支票
20830,道具回收宝珠
20831,道具还原宝珠
20832,安全锁钥匙
20833,79级ＭＭ礼盒
20834,水晶茄子(PK)
20835,深海蟹王(PK)
20836,回炉宝珠[声]
20837,订制79级ＭＭ
20838,隐身坐骑特许证
20839,骑宠皮肤
20840,『绿雷变色石』
20841,『青龙疾风石』
20842,『卡卡疾风石』
20843,宠物回炉宝珠[10次]
20844,B1大礼包
20845,A1大礼包
20846,『机猫疾风石』
20847,疾风石大礼包
20848,『风狮疾风石』
20899,祝福石
20900,*地狱通行证
20901,宠物绑定药水
21000,*低级智慧果(1h)
21001,*低级智慧果(6小时)
21002,*双倍智慧果(1小时)
21003,*双倍智慧果(6小时)
21004,*三倍智慧果(1小时)
21005,*三倍智慧果(6小时)
21006,*四倍智慧果(1小时)
21007,*四倍智慧果(6小时)
21008,*五倍智慧果(1小时)
21009,*五倍智慧果(6小时)
21010,*十倍智慧果(1小时)
21011,*十倍智慧果(6小时)
21012,新鲜火龙蛋
21013,美味的乌冬面
21014,三倍智慧果(6小时)
21015,黄莲解禁草
21016,恩泽之枪
21017,圆满神丹
21018,改属性酒(反)
21019,改属性酒(正)
21020,洗点神水(全)
21021,五倍智慧果包
21023,白虎的精魂
21024,白虎的精魂[2]
21025,白虎的精魂[3]
21026,白虎的精魂[4]
21027,新乌龟捕获证
21028,新兔子捕获证
21029,红萝卜
21030,白萝卜[限时活动]
21031,啃过的萝卜
21032,朱雀的精魂
21033,朱雀的精魂[2]
21034,朱雀的精魂[3]
21035,朱雀的精魂[4]
21036,青龙的精魂
21037,青龙的精魂[2]
21038,青龙的精魂[3]
21039,青龙的精魂[4]
21040,玄武的精魂
21041,玄武的精魂[2]
21042,玄武的精魂[3]
21043,玄武的精魂[4]
21044,梦宠玩偶
21045,梦宠玩偶[2]
21046,梦宠玩偶[3]
21047,梦宠玩偶[4]
21096,陨落海龙之鳞
21097,新年的桃子[活动]
21098,饲养森林十分钟券
21099,*三十万石币(30W)
21100,一百万石币(100W)
21101,*战队活动礼包
21102,*战队活动礼包
21103,*战队活动礼包
21104,*合成手环 8
21105,经验收集丹
21106,神奇的改名笔
21107,黄金捆虎锁
21108,黄金虎骨
21109,黄金虎牙
21110,黄金虎心
21111,*精钢锄头
21112,五十万石币(50W)
21113,宠物碎片
22000,马年的蛋蛋
22001,支票
25500,地狱通行证
22003,经验收集丹
22004,经验收集丹
22005,经验收集丹[Lv140]
22006,*人龙蛋蛋
22007,*精致的公测礼包
22008,五倍智慧果(6小时)
22009,*三倍智慧果(6小时)
22010,*骨灰金牌*
22011,*忠诚罐头
22012,*经验收集丹
22013,*新鲜火龙蛋
22014,*合成铠 18
22015,*合成兜 18
22016,*离线果实(10小时)
22017,*双倍智慧果(6小时)
22018,*新手的手环
22019,*拳王蛋蛋
22020,鲜禸粽
22021,豆沙粽
22022,糖心粽
22023,排骨粽
22024,幸运宝箱
22025,五彩晶石
22026,真视之镜
22027,*恩泽之枪
22028,新手超值大礼包
22029,首饰鉴定卷
22030,来吉卡
22031,来吉卡
22032,命运之戒
22033,帖拉所伊朵玩偶
22034,ＭＭ玩偶
22035,1.82封印卷轴
22036,*地狱通行证
22037,*五倍智慧果(3小时)
22038,恩泽之弓
22039,新手进阶包
22040,*首冲大礼包
22041,四大封印卷轴
22042,*三倍诱敌香(1小时)
22043,*三倍诱敌香(3小时)
22044,*五倍诱敌香(1小时)
22045,*五倍诱敌香(3小时)
22046,*十倍诱敌香(1小时)
22047,*十倍诱敌香(3小时)
22048,*百倍诱敌香(10min)
22049,*老炮回归包
22050,祝福宝石
22051,灵魂宝石
22052,天佑宝石
22053,净化神石
22054,萨姆吉尔的首饰
22055,梦德洞窟标签
22056,经验收集丹
22057,经验收集丹
22058,1.82封印卷轴
22059,四大封印卷轴
22060,*三头蛇的蛋
22061,*原始宝石
22062,帖伊诺斯魔盒
22063,双头狼蛋
22064,圣兽蛋
22065,2D双头狼蛋
22066,究极的马年祝福[水]
22067,究极的马年祝福[火]
22068,究极的马年祝福[地]
22069,究极的马年祝福[风]
22070,人狼蛋
22071,2D老虎蛋
22072,究极的2D虎祝福[水]
22073,究极的2D虎祝福[火]
22074,究极的2D虎祝福[地]
22075,究极的2D虎祝福[风]
22076,陪练雕像
22077,陪练雕像(永久)
22078,金牌陪练
22080,月老的委托书
22081,云梯鞋
22082,彩丝带
22083,升仙丹
22084,五仁月饼
22085,糖心月饼
22086,冰皮月饼
22095,特使的委托
22096,盗贼的线索
22097,被抢的财物
22098,送往萨村的信
22099,送往渔村的信
22100,送往加加的信
22101,送往卡村的信
22102,萨村新年的祝福
22103,渔村新年的祝福
22104,加加新年的祝福
22105,卡村新年的祝福
22106,信使的信
22107,村医的信物
22108,神奇的药草
22109,特效治疗药
22110,柯奥新年的祝福
22201,碧青任务标签
22202,琉璃任务标签
22203,深红任务标签
22204,玄黄任务标签
22408,变身模型[豆丁囝]
22409,变身模型[赛亚人]
22410,变身模型[辫子男]
22411,变身模型[刺猬哥]
22412,变身模型[熊皮男]
22413,变身模型[大只佬]
22414,变身模型[豆丁囡]
22415,变身模型[熊皮妹]
22416,变身模型[帽子妹]
22417,变身模型[发夹妹]
22418,变身模型[手套女]
22419,变身模型[比基妹]
22422,变身模型[狐狸女]
22423,变身模型[狮子男]
22424,变身模型[面具女]
22425,变身模型[面具男]
23014,离线果实(10小时)
23015,离线果实(20小时)
23016,离线果实(50小时)
23501,乌宝宝的精华
23502,威 威的精华
23503,乌卡鲁的精华
23504,威 伯的精华
25000,*[称号]2022福
25001,*[称号]暗夜伯爵
25002,*[称号]比翼双飞
25003,*[称号]冰川时代
25004,*[称号]村霸
25005,*[称号]单挑王
25006,*[称号]但求一败
22447,*[称号]倒霉蛋
22448,*[称号]缔造传奇
22449,*[称号]复活节彩蛋
22450,*[称号]合成达人
22451,*[称号]回炉上头
22452,*[称号]火鸡终结者
22453,*[称号]家满月圆
22454,*[称号]狼神传说
22455,*[称号]乐于助人
22456,*[称号]练级达人
22457,*[称号]轮回巅峰
22458,*[称号]尼斯大陆英雄
22459,*[称号]你好骚
22460,*[称号]年兽传说
22461,*[称号]佩露夏之怒
22462,*[称号]倾家荡产
22463,*[称号]烧烧烧
22464,*[称号]妹子认证
22465,*[称号]荣耀一生
22466,*[称号]商界大享
22467,*[称号]神豪
22468,*[称号]圣诞快乐
22469,*[称号]圣诞来袭
22470,*[称号]弑神者
22471,*[称号]鼠你最强（绿色）
22472,*[称号]鼠你最强（金色）
22473,*[称号]鼠你最强（红色）
22474,*[称号]鼠你最强（蓝色）
22475,*[称号]双蛋狂欢
22476,*[称号]谁敢拦我
22477,*[称号]饲养达人
22478,*[称号]糖果恶作剧
22479,*[称号]天使之星
22480,*[称号]屠龙者荣耀
22481,[称号]土豪
22482,[称号]邪恶南瓜
22483,[称号]先圣先师
22484,[称号]秀操作
22485,*[称号]阎罗霸主
22487,[[称号]勇士归来
22488,[称号]悠闲假期
22489,[称号]又剁手了
22490,[称号]元素精灵
22491,*[称号]元宵节
22492,[称号]族战狂人
22493,[称号]族战首轮王
22494,[称号]一起上石器
22495,*[称号]童心未泯
22496,*[称号]粽横尼斯
22497,*[称号]抽奖狂魔
22498,*[称号]执着一世
22500,恩泽之枪lv3
22501,润泽之枪lv3
22502,恩泽之弓lv3
22503,润泽之弓lv3
22504,*月亮手环(3天)
22505,*月亮手环(7天)
22506,*月亮手环(15天)
22507,*月亮手环(30天)
22508,*恩泽之枪(3天)
22509,*恩泽之枪(7天)
22510,*恩泽之枪(15天)
22511,*恩泽之枪(30天)
22512,*润泽之枪(3天)
22513,*润泽之枪(7天)
22514,*润泽之枪(15天)
22515,*润泽之枪(30天)
22516,*恩泽之弓(3天)
22517,*恩泽之弓(7天)
22518,*恩泽之弓(15天)
22519,*恩泽之弓(30天)
22520,*润泽之弓(3天)
22521,*润泽之弓(7天)
22522,*润泽之弓(15天)
22523,*润泽之弓(30天)
22524,*恩泽之枪(3天)
23601,封印原石
23602,*探险者招募书
23603,*解印符咒
23604,*上古原石
23605,*元素收集证
23606,*地元素
23607,*水元素
23608,*火元素
23609,*风元素
23610,勇士的头盔
23611,*结婚手环
23612,*玛蕾菲雅的思恋
23613,*地之记忆碎片
23614,*水之记忆碎片
23615,*火之记忆碎片
23616,*风之记忆碎片
23617,*完整记忆线索
23618,*完整记忆
23619,*勇士的铠甲
23620,*精灵王戒指
23621,*元素提取器
23622,*地元素精华
23623,*水元素精华
23624,*火元素精华
23625,*风元素精华
23626,*封印的盒子
23627,*哞哞抓捕证
23712,*采石鉴定书(超特级)
23800,骑证碎片
23801,机暴骑乘证明
23802,机暴骑乘证明(3天)
23803,机暴骑乘证明(7天)
23804,机暴骑乘证明(30天)
23805,机暴骑乘证明(永久)
23806,金飞骑乘证明
23807,金飞骑乘证明(3天)
23808,金飞骑乘证明(7天)
23809,金飞骑乘证明(30天)
23810,金飞骑乘证明(永久)
23811,蓝人龙骑乘证
23812,蓝人龙骑乘证(3天)
23813,蓝人龙骑乘证(7天)
23814,蓝人龙骑乘证(30天)
23815,蓝人龙骑乘证(永久)
23816,穿山甲骑乘证
23817,穿山甲骑乘证(3天)
23818,穿山甲骑乘证(7天)
23819,穿山甲骑乘证(30天)
23820,穿山甲骑乘证(永久)
23821,拉奇鲁哥骑乘证
23822,拉奇鲁哥骑乘证(3天)
23823,拉奇鲁哥骑乘证(7天)
23824,拉奇鲁哥骑乘证(30天)
23825,拉奇鲁哥骑乘证(永久)
23826,卡卡金宝骑乘证
23827,卡卡金宝骑乘证(3天)
23828,卡卡金宝骑乘证(7天)
23829,卡卡金宝骑乘证(30天)
23830,卡卡金宝骑乘证(永久)
23831,史卡鲁骑乘证
23832,史卡鲁骑乘证(3天)
23833,史卡鲁骑乘证(7天)
23834,史卡鲁骑乘证(30天)
23835,史卡鲁骑乘证(永久)
23836,罗多克雷骑乘证
23837,罗多克雷骑乘证(3天)
23838,罗多克雷骑乘证(7天)
23839,罗多克雷骑乘证(30天)
23840,罗多克雷骑乘证(永久)
23841,黑暗机暴骑乘证
23842,黑暗机暴骑乘证(永久)
23843,白狼骑乘证
23844,*白狼骑乘证(永久)
25100,能量结晶
25101,大地守护Lv1
25102,大地守护Lv2
25103,大地守护Lv3
25104,大地守护Lv3
25111,海神守护Lv1
25112,海神守护Lv2
25113,海神守护Lv3
25114,海神守护Lv3
25121,烈焰守护Lv1
25122,烈焰守护Lv2
25123,烈焰守护Lv3
25124,烈焰守护Lv3
25131,疾风守护Lv1
25132,疾风守护Lv2
25133,疾风守护Lv3
25134,疾风守护Lv3
26000,*双蛋跨年包
26101,*迎春使者的信物
26102,*火鸡的铃铛
26103,*红鸡的药方
26104,新春礼盒
26111,旺财护身符
26112,旺财护身符
26113,旺财护身符
26114,金鸡枪 8
26115,金鸡枪 8
26116,金鸡枪 8
26117,金鸡枪 8
26118,金鸡枪 8
26119,金鸡爪 8
26120,金鸡爪 8
26121,金鸡爪 8
26122,金鸡爪 8
26123,金鸡爪 8
26124,金鸡石 8
26125,金鸡石 8
26126,金鸡石 8
26127,金鸡石 8
26128,金鸡石 8
26129,金鸡斧头 8
26130,金鸡斧头 8
26131,金鸡斧头 8
26132,金鸡斧头 8
26133,金鸡斧头 8
26134,金鸡棍棒 8
26135,金鸡棍棒 8
26136,金鸡棍棒 8
26137,金鸡棍棒 8
26138,金鸡棍棒 8
26139,金鸡弓箭 8
26140,金鸡弓箭 8
26141,金鸡弓箭 8
26142,金鸡弓箭 8
26143,金鸡弓箭 8
26144,红鸡彩虹金币
26145,红鸡缪雷金币
20853,精灵印
20854,精灵印
20855,精灵印
20856,精灵印
20857,精灵印
20858,精灵印
20859,精灵印
20860,精灵印
20861,精灵印
20862,精灵印
20863,精灵印
20864,精灵印
20865,精灵印
20866,慰灵香火
20867,神之木
20868,兽灵皮
20869,火焰草
26201,*合成首饰 B1
26202,*合成首饰 B1
26203,*合成首饰 B1
26204,*合成首饰 B1
26205,*合成首饰 B1
26206,*合成首饰 B1
26207,*合成首饰 B1
26208,*合成首饰 B1
26209,*合成首饰 B1
26210,*合成首饰 B1
26211,*合成首饰 A1
26212,*合成首饰 A1
26213,*合成首饰 A1
26214,*合成首饰 A1
26215,*合成首饰 A1
22356,活动印记
22357,2D虎印记1
22358,2D虎印记2
22359,2D虎印记3
22360,2D虎印记4
22361,2D虎印记5
22401,宠技背3罐头
22402,宠技罐头
22407,宠技罐头
22403,宠技罐头
22404,*守护界碑水
22405,*守护界碑火
22406,*守护界碑风
22601,宠物攻击特效1
22602,宠物攻击特效2
22603,宠物攻击特效3
22604,宠物攻击特效4
22605,宠物攻击特效5
22606,宠物攻击特效6
22607,宠物攻击特效7
22608,宠物攻击特效8
22609,宠物攻击特效9
22610,宠物攻击特效10
22611,宠物攻击特效11
22612,宠物攻击特效12
22613,宠物攻击特效13
22614,宠物攻击特效14
22615,宠物攻击特效15
22616,宠物攻击特效16
22617,宠物攻击特效17
22618,宠物攻击特效18
22619,宠物攻击特效19
22620,宠物攻击特效20
22621,宠物攻击特效21
22622,宠物攻击特效22
22623,宠物攻击特效23
22624,宠物攻击特效25
22625,宠物攻击特效26
22626,宠物攻击特效27
29013,宠物攻击特效28
29014,宠物攻击特效29
22627,宠物攻击特效30
22628,宠物攻击特效31
22629,宠物攻击特效32
22630,宠物攻击特效33
26001,*石币
26002,*石币
26003,*石币
26004,*石币
26005,*石币
26006,*石币
26007,*石币
26008,*石币
26009,*石币
26010,*石币
26011,*金币
26012,*金币
26013,*金币
26014,*金币
26015,*金币
26016,*金币
26017,*金币
26018,*金币
26019,*金币
26020,*金币
26021,*水晶
26022,*水晶
26023,*水晶
26024,*水晶
26025,*水晶
26026,*水晶
26027,*水晶
26028,*水晶
26029,*水晶
26030,*水晶
26031,*活力
26032,*活力
26033,*活力
26034,*活力
26035,*活力
26036,*活力
26037,*活力
26038,*活力
26039,*活力
26040,*活力
26041,*声望
26042,*声望
26043,*声望
26044,*声望
26045,*声望
26046,*声望
26047,*声望
26048,*声望
26049,*声望
26050,*声望
28001,合成铠 21
28002,合成铠 21
28003,合成铠 21
28004,合成铠 21
28005,合成铠 21
28006,合成铠 21
28007,合成铠 21
28008,合成铠 21
28009,合成铠 21
28010,合成铠 21
28011,合成铠 21 [地]
28012,合成铠 21 [地]
28013,合成铠 21 [地]
28014,合成铠 21 [地]
28015,合成铠 21 [地]
28016,合成铠 21 [地]
28017,合成铠 21 [地]
28018,合成铠 21 [地]
28019,合成铠 21 [地]
28020,合成铠 21 [地]
28021,合成铠 21 [水]
28022,合成铠 21 [水]
28023,合成铠 21 [水]
28024,合成铠 21 [水]
28025,合成铠 21 [水]
28026,合成铠 21 [水]
28027,合成铠 21 [水]
28028,合成铠 21 [水]
28029,合成铠 21 [水]
28030,合成铠 21 [水]
28031,合成铠 21 [火]
28032,合成铠 21 [火]
28033,合成铠 21 [火]
28034,合成铠 21 [火]
28035,合成铠 21 [火]
28036,合成铠 21 [火]
28037,合成铠 21 [火]
28038,合成铠 21 [火]
28039,合成铠 21 [火]
28040,合成铠 21 [火]
28041,合成铠 21 [风]
28042,合成铠 21 [风]
28043,合成铠 21 [风]
28044,合成铠 21 [风]
28045,合成铠 21 [风]
28046,合成铠 21 [风]
28047,合成铠 21 [风]
28048,合成铠 21 [风]
28049,合成铠 21 [风]
28050,合成铠 21 [风]
28051,合成铠 22
28052,合成铠 22
28053,合成铠 22
28054,合成铠 22
28055,合成铠 22
28056,合成铠 22
28057,合成铠 22
28058,合成铠 22
28059,合成铠 22
28060,合成铠 22
28061,合成铠 22 [地]
28062,合成铠 22 [地]
28063,合成铠 22 [地]
28064,合成铠 22 [地]
28065,合成铠 22 [地]
28066,合成铠 22 [地]
28067,合成铠 22 [地]
28068,合成铠 22 [地]
28069,合成铠 22 [地]
28070,合成铠 22 [地]
28071,合成铠 22 [水]
28072,合成铠 22 [水]
28073,合成铠 22 [水]
28074,合成铠 22 [水]
28075,合成铠 22 [水]
28076,合成铠 22 [水]
28077,合成铠 22 [水]
28078,合成铠 22 [水]
28079,合成铠 22 [水]
28080,合成铠 22 [水]
28081,合成铠 22 [火]
28082,合成铠 22 [火]
28083,合成铠 22 [火]
28084,合成铠 22 [火]
28085,合成铠 22 [火]
28086,合成铠 22 [火]
28087,合成铠 22 [火]
28088,合成铠 22 [火]
28089,合成铠 22 [火]
28090,合成铠 22 [火]
28091,合成铠 22 [风]
28092,合成铠 22 [风]
28093,合成铠 22 [风]
28094,合成铠 22 [风]
28095,合成铠 22 [风]
28096,合成铠 22 [风]
28097,合成铠 22 [风]
28098,合成铠 22 [风]
28099,合成铠 22 [风]
28100,合成铠 22 [风]
28101,合成铠 23
28102,合成铠 23
28103,合成铠 23
28104,合成铠 23
28105,合成铠 23
28106,合成铠 23
28107,合成铠 23
28108,合成铠 23
28109,合成铠 23
28110,合成铠 23
28111,合成铠 23 [地]
28112,合成铠 23 [地]
28113,合成铠 23 [地]
28114,合成铠 23 [地]
28115,合成铠 23 [地]
28116,合成铠 23 [地]
28117,合成铠 23 [地]
28118,合成铠 23 [地]
28119,合成铠 23 [地]
28120,合成铠 23 [地]
28121,合成铠 23 [水]
28122,合成铠 23 [水]
28123,合成铠 23 [水]
28124,合成铠 23 [水]
28125,合成铠 23 [水]
28126,合成铠 23 [水]
28127,合成铠 23 [水]
28128,合成铠 23 [水]
28129,合成铠 23 [水]
28130,合成铠 23 [水]
28131,合成铠 23 [火]
28132,合成铠 23 [火]
28133,合成铠 23 [火]
28134,合成铠 23 [火]
28135,合成铠 23 [火]
28136,合成铠 23 [火]
28137,合成铠 23 [火]
28138,合成铠 23 [火]
28139,合成铠 23 [火]
28140,合成铠 23 [火]
28141,合成铠 23 [风]
28142,合成铠 23 [风]
28143,合成铠 23 [风]
28144,合成铠 23 [风]
28145,合成铠 23 [风]
28146,合成铠 23 [风]
28147,合成铠 23 [风]
28148,合成铠 23 [风]
28149,合成铠 23 [风]
28150,合成铠 23 [风]
28151,合成兜 21
28152,合成兜 21
28153,合成兜 21
28154,合成兜 21
28155,合成兜 21
28156,合成兜 21
28157,合成兜 21 [地]
28158,合成兜 21 [地]
28159,合成兜 21 [地]
28160,合成兜 21 [地]
28161,合成兜 21 [地]
28162,合成兜 21 [地]
28163,合成兜 21 [水]
28164,合成兜 21 [水]
28165,合成兜 21 [水]
28166,合成兜 21 [水]
28167,合成兜 21 [水]
28168,合成兜 21 [水]
28169,合成兜 21 [火]
28170,合成兜 21 [火]
28171,合成兜 21 [火]
28172,合成兜 21 [火]
28173,合成兜 21 [火]
28174,合成兜 21 [火]
28175,合成兜 21 [风]
28176,合成兜 21 [风]
28177,合成兜 21 [风]
28178,合成兜 21 [风]
28179,合成兜 21 [风]
28180,合成兜 21 [风]
28181,合成兜 22
28182,合成兜 22
28183,合成兜 22
28184,合成兜 22
28185,合成兜 22
28186,合成兜 22
28187,合成兜 22 [地]
28188,合成兜 22 [地]
28189,合成兜 22 [地]
28190,合成兜 22 [地]
28191,合成兜 22 [地]
28192,合成兜 22 [地]
28193,合成兜 22 [水]
28194,合成兜 22 [水]
28195,合成兜 22 [水]
28196,合成兜 22 [水]
28197,合成兜 22 [水]
28198,合成兜 22 [水]
28199,合成兜 22 [火]
28200,合成兜 22 [火]
28201,合成兜 22 [火]
28202,合成兜 22 [火]
28203,合成兜 22 [火]
28204,合成兜 22 [火]
28205,合成兜 22 [风]
28206,合成兜 22 [风]
28207,合成兜 22 [风]
28208,合成兜 22 [风]
28209,合成兜 22 [风]
28210,合成兜 22 [风]
28211,合成兜 23
28212,合成兜 23
28213,合成兜 23
28214,合成兜 23
28215,合成兜 23
28216,合成兜 23
28217,合成兜 23 [地]
28218,合成兜 23 [地]
28219,合成兜 23 [地]
28220,合成兜 23 [地]
28221,合成兜 23 [地]
28222,合成兜 23 [地]
28223,合成兜 23 [水]
28224,合成兜 23 [水]
28225,合成兜 23 [水]
28226,合成兜 23 [水]
28227,合成兜 23 [水]
28228,合成兜 23 [水]
28229,合成兜 23 [火]
28230,合成兜 23 [火]
28231,合成兜 23 [火]
28232,合成兜 23 [火]
28233,合成兜 23 [火]
28234,合成兜 23 [火]
28235,合成兜 23 [风]
28236,合成兜 23 [风]
28237,合成兜 23 [风]
28238,合成兜 23 [风]
28239,合成兜 23 [风]
28240,合成兜 23 [风]
26051,*石币
26052,*等级礼包1
26053,*等级礼包2
26054,*等级礼包3
26055,*等级礼包4
26056,*宠物项圈Lv3(3天)
26057,*战点
26058,*战点
26059,*战点
26060,*战点
26061,*战点
26062,*战点
26063,*战点
26064,*战点
26065,*战点
26066,*战点
26067,*改属性酒(反)
26068,*改属性酒(正)
26069,*人龙蛋蛋
26070,*水晶礼包
26071,宠物碎片
26072,宠物项圈Lv3(7天)
26073,*象卷
26074,*石币
26075,*水晶
26076,*水晶
26077,*水晶
26078,*水晶
26079,*水晶
26080,*水晶
26081,*水晶
26082,*水晶
26083,*水晶
26084,*水晶
26085,*水晶礼包1
26086,*水晶礼包2
26087,*水晶礼包3
26088,*双倍智慧果包
26089,*三倍智慧果包
26090,*五倍诱敌香(2小时)
27000,*调查问卷礼包
27001,*Q群礼包
27002,*渠道预约礼包
27003,*官网预约礼包
27004,*官网首测礼包
27005,*论坛活动礼包1
27006,*论坛活动礼包2
27007,*论坛活动礼包3
27008,*论坛活动礼包4
27009,*论坛活动礼包5
27010,*论坛活动礼包6
27011,*媒体礼包1
27012,*媒体礼包2
27013,*媒体礼包3
27014,*主播礼包
27015,*推广礼包1
27016,*推广礼包2
27017,*推广礼包3
27018,*公众号礼包
27019,*5战点
27020,*水晶
27021,三倍诱敌香(3小时)
27022,五倍诱敌香(3小时)
27023,*家族专用礼包
27024,石币
27025,宠物项圈Lv4(3天)
27026,宠物项圈Lv4(7天)
27027,*论坛活动礼包7
27028,*论坛活动礼包8
27029,*论坛活动礼包9
27030,*活动礼包
27031,*在线特权礼包
27032,*渠道白银礼包
27033,*渠道黄金礼包
27034,*中秋礼包
27035,*国庆礼包
27036,*问题反馈礼包
27037,*推广礼包
27038,*回馈礼包1
27039,*回馈礼包2
27040,*回馈礼包3
27041,*回馈礼包4
27042,*回馈礼包5
29001,光之刃剑皮肤
29002,*魔之刃剑皮肤
29003,玛卡丽丝皮肤
29004,魔之刃剑皮肤
29005,透暴赛亚人皮肤
29006,透暴帽子妹皮肤
29007,*水晶礼包
29008,*水晶礼包
29009,*水晶礼包
29010,*水晶礼包
29011,*水晶礼包
29012,2D人龙蛋蛋
29215,测试线金币
29216,*测试声望
29217,测试圆满神丹
29218,测试圆满神丹
29219,测试圆满神丹
29220,测试圆满神丹
29221,测试圆满神丹
29222,*测试积分
29223,*活力
29224,乌力斯坦豆皮肤
29225,乌力莱德豆皮肤
29226,金跳跳熊妹皮肤
29227,飞暴赛亚人皮肤
29228,黑猩猩大个皮肤
29229,扑满小豆丁皮肤
29015,白虎蛋蛋
29016,菲奇亚蛋蛋
29017,美拉蛋蛋
29018,凯恩蛋蛋
29019,羊驼发夹妹皮肤
29020,羊驼豆丁皮肤
29021,地属性宝珠
29022,水属性宝珠
29023,火属性宝珠
29024,风属性宝珠
29025,乌力豆丁皮肤
29026,威威豆丁皮肤
29027,乌宝依豆丁皮肤
29028,乌力斯坦豆皮肤
29029,乌力莱德豆皮肤
29030,金跳跳悟空皮肤
29031,飞暴赛亚人皮肤
29032,黑猩猩大个皮肤
29033,扑满小豆丁皮肤
29034,乌力豆丁皮肤
29035,*象卷
29036,*象卷
29037,*象卷
29038,*象卷
29039,*象卷
29040,*象卷
29041,*一等奖
29042,*二等奖
29043,*三等奖
29044,*月亮手环(1天)
29045,*恩泽之枪(2天)
29046,*恩泽之枪(1天)
29047,*双倍智慧果包
29048,宠物项圈Lv4(15天)
29049,月亮手环(15天)
29050,*五倍智慧果(6小时)
29051,*官网礼包
29052,*改属性酒(反)
29053,*改属性酒(正)
29054,*中级礼包
29055,*高级礼包
29056,透暴赛亚人皮肤
29057,帖鲁西卡骑乘证
29058,帖鲁西卡骑乘证(3天)
29059,帖鲁西卡骑乘证(7天)
29060,帖鲁西卡骑乘证(30天)
29061,帖鲁西卡骑乘证(永久)
29062,机械玩偶
29063,暴龙蛋蛋
29064,*十字光斩
29065,*晴天霹雳
29066,*风卷残变
29067,*核爆震荡
29068,*龙卷气旋
29069,*闪光爆破
29070,*苍煌爆炎
29071,*五倍智慧果包
29072,*开服礼包1
29073,*开服礼包2
29074,*礼包3
29075,*礼包4
29076,*礼包5
29077,*礼包6
29078,*礼包7
29079,*礼包8
29080,*礼包9
29081,*礼包10
29082,皮肤碎片
29083,*遗失护身符
29084,*遗失护身符
29085,*遗失护身符
29086,*遗失枪 8
29087,*遗失枪 8
29088,*遗失枪 8
29089,*遗失枪 8
29090,*遗失枪 8
29091,*遗失爪 8
29092,*遗失爪 8
29093,*遗失爪 8
29094,*遗失爪 8
29095,*遗失爪 8
29096,*遗失彩虹金币
29097,*遗失缪雷金币
29098,*遗失护身符(7天)
29099,*遗失护身符(7天)
29100,*遗失护身符(7天)
29101,*遗失枪 8(7天)
29102,*遗失枪 8(7天)
29103,*遗失枪 8(7天)
29104,*遗失枪 8(7天)
29105,*遗失枪 8(7天)
29106,*遗失爪 8(7天)
29107,*遗失爪 8(7天)
29108,*遗失爪 8(7天)
29109,*遗失爪 8(7天)
29110,*遗失爪 8(7天)
29111,*遗失彩虹金币(7天)
29112,*遗失缪雷金币(7天)
29113,帖拉多奇斯骑乘证
29114,帖拉多奇斯骑乘证(3天)
29115,帖拉多奇斯骑乘证(7天)
29116,帖拉多奇斯骑乘证(30天)
29117,帖拉多奇斯骑乘证(永久)
29118,*马年的蛋蛋
29119,*2D人龙蛋蛋
29120,蓝象熊皮男皮肤
29121,蓝象熊皮男皮肤
29122,蓝象比基妹皮肤
29123,蓝象比基妹皮肤
29124,金猩熊皮妹皮肤
29125,金猩男皮肤
29126,蓝象随机皮肤
29127,蓝象随机皮肤
29128,*石器盒子礼包
29129,黑帮教父A
29130,黑帮教父A
29131,黑帮教父B
29132,黑帮教父B
29133,黑帮教父C
29134,黑帮教父C
29135,黑帮教父D
29136,黑帮教父D
29137,黑人龙发卡妹
29138,黑人龙发卡妹
29139,圣诞皮肤礼盒
29140,新年皮肤礼盒
29141,*青铜礼包A
29142,*青铜礼包B
29143,*青铜礼包C
29144,*青铜礼包D
29145,*青铜礼包E
29146,*青铜礼包F
29147,*白银礼包A
29148,*白银礼包B
29149,*白银礼包C
29150,*白银礼包D
29151,*白银礼包E
29152,*白银礼包F
29153,*黄金礼包A
29154,*黄金礼包B
29155,*黄金礼包C
29156,*黄金礼包D
29157,*黄金礼包E
29158,*黄金礼包F
29159,LV1守护
29160,魔兽药剂(反)
29161,魔兽药剂(正)
29162,魔兽药剂
29163,电光雷亟
29164,鬼魅重影
29165,流星火雨
29166,双雷荟聚
29167,死亡爆雷
29168,炎环爆裂
29169,*魔兽药剂(反)
29170,*魔兽药剂(正)
29171,*魔兽药剂
29172,圣诞奖励
29173,圣诞宠蛋
29174,*盒子元旦礼包
29175,*元旦礼包1
29176,*元旦礼包2
29177,*青铜礼包
29178,*白银礼包
29179,*黄金礼包
29180,*战点
29181,*主播先锋团
29182,*主播招募令
29183,*白虎之牙
29500,机猫蛋蛋
29501,帖拉所伊朵玩偶
29502,天使威威蛋
29503,*梦幻暴龙蛋
29504,魔兽蛋
29505,月兔里拉拉蛋
29506,史卡鲁蛋
29507,罗多克雷蛋
29508,四色狮王蛋
29509,魔蝎蛋
29510,史卡鲁骑套
29511,罗多克雷骑套
29512,暗黑机暴蛋
29513,*PK亚军圣兽蛋
29514,*PK季军梦幻蛋
29515,*PK冠军牛气蛋
29516,怀沃夫蛋
29517,*白狼骑套
28300,机猫药剂(反)
28301,机猫药剂(正)
28302,机猫药剂
28303,*机猫药剂(反)
28304,*机猫药剂(正)
28305,*机猫药剂
28306,透明虎赛亚人
28307,透明虎赛亚人
28308,金枪鱼豆丁男
28309,金枪鱼豆丁男
28310,金枪鱼豆丁女
28311,金枪鱼豆丁女
28312,蓝甲赛亚人
28313,蓝甲赛亚人
28314,蓝毛牛小豆丁
28315,蓝毛牛小豆丁
28316,*宠物经验丹
28317,新手棒子
28318,进阶棒子
28319,完美棒子
28320,免修石
28321,特殊的木
28322,特殊的线
28323,特殊的精灵
28324,素材兑换卷
28325,*红暴骑乘证明
28326,*红暴骑乘证明(3天)
28327,*双倍智慧果(1小时)
28328,*三倍智慧果(1小时)
28329,*五倍智慧果(1小时)
28330,*双倍智慧果(6小时)
28331,*三倍智慧果(6小时)
28332,*五倍智慧果(6小时)
28333,*新人入驻礼包
28334,*家族入驻礼包
28335,*家族管理礼包
28336,*盒子预约活动
28337,*媒体春礼包
28338,*春节公众包
28339,*公众活动包
28340,*祝福宝石补偿
28341,*普发礼包
28342,*普发礼包1
28343,*普发礼包2
28344,*普发礼包3
28345,*大R礼包
28346,*活动礼包
28347,*活动礼包1
28348,*活动礼包2
28349,*活动礼包3
28350,*扑满乌力
28351,*汤圆
28352,新春皮肤碎片
28353,烈火燎原
28354,晴天霹雳
28355,十字光斩
28356,玫瑰守护
28357,玫瑰守护
28358,玫瑰守护
28359,*水晶礼包
28360,石币
28361,坐骑礼包
28362,红海马皮肤[男]
28363,红海马皮肤[男]
28364,红海马皮肤[男]
28365,红海马皮肤[女]
28366,红海马皮肤[女]
28367,红海马皮肤[女]
28368,佩露夏-小豆丁
28369,佩露夏-小豆丁
28370,佩露夏-小豆丁
28371,白斑点-赛亚人
28372,白斑点-赛亚人
28373,白斑点-赛亚人
28374,白斑点-性感妹
28375,白斑点-性感妹
28376,白斑点-性感妹
28377,红角牛-大个
28378,红角牛-大个
28379,红角牛-大个
28380,红角牛-妹子
28381,红角牛-妹子
28382,红角牛-妹子
28383,黑虎王-豆丁
28384,黑虎王-豆丁
28385,黑虎王-豆丁
28386,佩露夏-豆丁妹
28387,佩露夏-豆丁妹
28388,佩露夏-豆丁妹
28389,红毛牛-大个
28390,红毛牛-大个
28391,红毛牛-大个
28392,鲨鱼-长发妹
28393,鲨鱼-长发妹
28394,鲨鱼-长发妹
28395,鲨鱼-长发哥
28396,鲨鱼-长发哥
28397,鲨鱼-长发哥
28398,金暴-酷哥
28399,金暴-酷哥
28400,金暴-酷哥
28401,金暴-帽子妹
28402,金暴-帽子妹
28403,金暴-帽子妹
28404,珍惜皮肤礼盒
28405,*珍惜皮肤礼盒
28406,*象卷
28407,*象卷
28408,*象卷礼包
28409,*水晶
28410,*水晶
28411,*水晶
28412,*水晶
28413,*水晶
28414,*水晶
28415,*水晶
28416,*水晶
28417,*水晶
28418,*情人节皮肤碎片
28419,*情人节皮肤礼盒
28420,*开服初级礼包
28421,*开服中阶礼包
28422,*开服高阶礼包
28423,*洛斯之吻
28424,*石器春礼盒
28425,混沌鬼影
28426,*大地守护Lv3
28427,*海神守护Lv3
28428,*烈焰守护Lv3
28429,*疾风守护Lv3
28430,*4色光环礼包
28431,*透明暴-酷哥
28432,*透明暴-酷哥
28433,*透明暴-酷哥
28434,火云猫小红帽
28435,火云猫小红帽
28436,3D虎赛亚人
28437,3D虎赛亚人
28438,3D虎小豆丁
28439,3D虎小豆丁
28440,*黑猩猩大个
28441,*黑猩猩大个
28442,3D朱雀-赛亚人
28443,3D朱雀-赛亚人
28444,*皮肤礼盒
28445,*皮肤礼盒
28446,*象卷
28447,*象卷
28448,*象卷
28449,*象卷
28450,*象卷
28451,*象卷
28452,*水晶
28453,*水晶
28454,*水晶
28455,*水晶
28456,*水晶
28457,*水晶
28458,*地狱通行证
28459,*5倍智慧果
28460,*[称号]秀操作
28461,时空碎片
28462,宠物仓库扩展
28463,机年药剂(反)
28464,机年药剂(正)
28465,机年药剂
28466,*机年药剂(反)
28467,*机年药剂(正)
28468,*机年药剂
28469,机械的蛋蛋
28471,*三倍智慧果(6小时)
28472,*机暴活动礼包
28473,*盒子更新礼包
28474,*双倍智慧果(3小时)
28475,*人物经验丹
28476,*100点活力
28477,*新手果包
28478,*红海马皮肤礼盒
28479,*情人节暗紫皮肤
28480,*情人节暗紫皮肤
28481,合成爪 8
28482,合成爪 8
28483,合成爪 8
28484,合成爪 7
28485,合成爪 7
28486,合成爪 7
28487,合成爪 7
28488,庄园7天礼包
28489,*石器PK护身符
28490,*PK杯护身符
28491,*情人节紫暴男
28492,*情人节紫暴男
28493,*情人节紫暴妹
28494,*情人节紫暴妹
28495,300环礼包
28496,*碎片圣兽牌包
28497,*碎片圣兽牌包
28498,#朱雀圣兽牌包
28499,#玄武圣兽牌包
28500,#白虎圣兽牌包
28501,梦宠牌子包
28502,*圣兽牌子包
30499,*Q版宠物蛋
30500,*米尔的信物
30501,*米尔的信物[封]
30502,*借据
30503,*藏宝图
30504,*魔法书
30505,*安全密码钥匙
99999,GM武器
